
[01 北海道 (hokkaido)] Starting scrape...
  -> Scraped 248 items.
  -> Enriching 248 items with AI...
Enriched: 北海道十勝郡浦幌町字統太 -> Scores: {'farming': 5, 'ocean': 1, 'nature': 5, 'convenience': 2, 'parenting': 4, 'diy': 5}
Enriched: 北海道十勝郡浦幌町字帯富 -> Scores: {'farming': 5, 'ocean': 1, 'nature': 5, 'convenience': 2, 'parenting': 4, 'diy': 3}
Enriched: 北海道十勝郡浦幌町字帯富 -> Scores: {'farming': 5, 'ocean': 1, 'nature': 5, 'convenience': 2, 'parenting': 4, 'diy': 4}
Enriched: 北海道十勝郡浦幌町字住吉町 -> Scores: {'farming': 5, 'ocean': 1, 'nature': 4, 'convenience': 2, 'parenting': 3, 'diy': 4}
Enriched: 北海道十勝郡浦幌町字帯富 -> Scores: {'farming': 5, 'ocean': 1, 'nature': 5, 'convenience': 2, 'parenting': 3, 'diy': 4}
     Processed 5/248
Enriched: 北海道十勝郡浦幌町字南町 -> Scores: {'farming': 5, 'ocean': 1, 'nature': 5, 'convenience': 2, 'parenting': 4, 'diy': 4}
Enriched: 北海道十勝郡浦幌町字北町 -> Scores: {'farming': 5, 'ocean': 2, 'nature': 4, 'convenience': 3, 'parenting': 4, 'diy': 5}
Enriched: 北海道十勝郡浦幌町字帯富 -> Scores: {'farming': 5, 'ocean': 1, 'nature': 5, 'convenience': 2, 'parenting': 3, 'diy': 4}
Enriched: 北海道十勝郡浦幌町字新町 -> Scores: {'farming': 5, 'ocean': 1, 'nature': 5, 'convenience': 2, 'parenting': 4, 'diy': 3}
Enriched: 北海道十勝郡浦幌町字帯富 -> Scores: {'farming': 4, 'ocean': 2, 'nature': 5, 'convenience': 3, 'parenting': 4, 'diy': 5}
     Processed 10/248
Enriched: 北海道十勝郡浦幌町字幸町 -> Scores: {'farming': 5, 'ocean': 1, 'nature': 5, 'convenience': 2, 'parenting': 4, 'diy': 5}
Enriched: 北海道十勝郡浦幌町字万年 -> Scores: {'farming': 5, 'ocean': 1, 'nature': 5, 'convenience': 2, 'parenting': 3, 'diy': 4}
Enriched: 北海道十勝郡浦幌町字吉野 -> Scores: {'farming': 5, 'ocean': 2, 'nature': 5, 'convenience': 3, 'parenting': 4, 'diy': 3}
Enriched: 北海道十勝郡浦幌町字新町 -> Scores: {'farming': 5, 'ocean': 1, 'nature': 5, 'convenience': 2, 'parenting': 3, 'diy': 4}
Enriched: 北海道十勝郡浦幌町字南町 -> Scores: {'farming': 5, 'ocean': 1, 'nature': 5, 'convenience': 2, 'parenting': 3, 'diy': 4}
     Processed 15/248
Enriched: 北海道十勝郡浦幌町字厚内 -> Scores: {'farming': 5, 'ocean': 2, 'nature': 4, 'convenience': 2, 'parenting': 3, 'diy': 5}
Enriched: 北海道十勝郡浦幌町字北町 -> Scores: {'farming': 5, 'ocean': 2, 'nature': 5, 'convenience': 3, 'parenting': 4, 'diy': 3}
Enriched: 北海道十勝郡浦幌町字貴老路 -> Scores: {'farming': 5, 'ocean': 1, 'nature': 4, 'convenience': 2, 'parenting': 3, 'diy': 4}
Enriched: 北海道十勝郡浦幌町字南町 -> Scores: {'farming': 5, 'ocean': 2, 'nature': 5, 'convenience': 3, 'parenting': 4, 'diy': 4}
Enriched: 北海道十勝郡浦幌町字帯富 -> Scores: {'farming': 4, 'ocean': 2, 'nature': 5, 'convenience': 2, 'parenting': 3, 'diy': 4}
     Processed 20/248
Enriched: 北海道十勝郡浦幌町字帯富 -> Scores: {'farming': 4, 'ocean': 1, 'nature': 5, 'convenience': 2, 'parenting': 3, 'diy': 4}
Enriched: 北海道十勝郡浦幌町字厚内 -> Scores: {'farming': 5, 'ocean': 1, 'nature': 5, 'convenience': 2, 'parenting': 4, 'diy': 5}
Enriched: 北海道十勝郡浦幌町字寿町 -> Scores: {'farming': 5, 'ocean': 1, 'nature': 5, 'convenience': 2, 'parenting': 3, 'diy': 4}
Enriched: 北海道十勝郡浦幌町字本町 -> Scores: {'farming': 5, 'ocean': 2, 'nature': 4, 'convenience': 2, 'parenting': 4, 'diy': 5}
Enriched: 北海道十勝郡浦幌町字帯富 -> Scores: {'farming': 4, 'ocean': 1, 'nature': 5, 'convenience': 2, 'parenting': 3, 'diy': 5}
     Processed 25/248
Enriched: 北海道十勝郡浦幌町字吉野 -> Scores: {'farming': 5, 'ocean': 1, 'nature': 4, 'convenience': 2, 'parenting': 3, 'diy': 5}
Enriched: 北海道十勝郡浦幌町字宝町 -> Scores: {'farming': 4, 'ocean': 1, 'nature': 5, 'convenience': 2, 'parenting': 3, 'diy': 3}
Enriched: 北海道十勝郡浦幌町字栄町 -> Scores: {'farming': 5, 'ocean': 1, 'nature': 5, 'convenience': 2, 'parenting': 4, 'diy': 3}
Enriched: 北海道十勝郡浦幌町字吉野 -> Scores: {'farming': 5, 'ocean': 1, 'nature': 5, 'convenience': 2, 'parenting': 3, 'diy': 4}
Enriched: 北海道十勝郡浦幌町字寿町 -> Scores: {'farming': 5, 'ocean': 2, 'nature': 5, 'convenience': 2, 'parenting': 4, 'diy': 3}
     Processed 30/248
Enriched: 北海道夕張郡栗山町朝日３丁目 -> Scores: {'farming': 4, 'ocean': 2, 'nature': 5, 'convenience': 3, 'parenting': 4, 'diy': 4}
Enriched: 北海道亀田郡七飯町緑町２丁目 -> Scores: {'farming': 5, 'ocean': 2, 'nature': 5, 'convenience': 3, 'parenting': 4, 'diy': 5}
Enriched: 北海道亀田郡七飯町緑町２丁目 -> Scores: {'farming': 5, 'ocean': 2, 'nature': 5, 'convenience': 3, 'parenting': 4, 'diy': 5}
Enriched: 北海道亀田郡七飯町本町１丁目 -> Scores: {'farming': 5, 'ocean': 2, 'nature': 5, 'convenience': 3, 'parenting': 4, 'diy': 3}
Enriched: 北海道美唄市西二条南７丁目 -> Scores: {'farming': 4, 'ocean': 1, 'nature': 5, 'convenience': 2, 'parenting': 3, 'diy': 4}
     Processed 35/248
Enriched: 北海道亀田郡七飯町本町５丁目 -> Scores: {'farming': 4, 'ocean': 2, 'nature': 5, 'convenience': 3, 'parenting': 4, 'diy': 5}
Enriched: 北海道芦別市南一条東２丁目 -> Scores: {'farming': 4, 'ocean': 1, 'nature': 5, 'convenience': 2, 'parenting': 4, 'diy': 5}
Enriched: 北海道夕張郡栗山町中央２丁目 -> Scores: {'farming': 5, 'ocean': 1, 'nature': 4, 'convenience': 3, 'parenting': 4, 'diy': 4}
Enriched: 北海道磯谷郡蘭越町字富岡 -> Scores: {'farming': 5, 'ocean': 2, 'nature': 5, 'convenience': 3, 'parenting': 4, 'diy': 4}
Enriched: 北海道芦別市北五条東２丁目 -> Scores: {'farming': 5, 'ocean': 1, 'nature': 5, 'convenience': 3, 'parenting': 4, 'diy': 5}
     Processed 40/248
Enriched: 北海道紋別郡雄武町字雄武緑町 -> Scores: {'farming': 4, 'ocean': 3, 'nature': 5, 'convenience': 2, 'parenting': 4, 'diy': 3}
Enriched: 北海道夕張郡栗山町字湯地 -> Scores: {'farming': 5, 'ocean': 1, 'nature': 4, 'convenience': 2, 'parenting': 3, 'diy': 4}
Enriched: 北海道芦別市北三条東１丁目 -> Scores: {'farming': 4, 'ocean': 1, 'nature': 5, 'convenience': 2, 'parenting': 3, 'diy': 4}
Enriched: 北海道芦別市上芦別町 -> Scores: {'farming': 5, 'ocean': 1, 'nature': 5, 'convenience': 2, 'parenting': 3, 'diy': 4}
Enriched: 北海道芦別市北一条東２丁目 -> Scores: {'farming': 5, 'ocean': 1, 'nature': 5, 'convenience': 2, 'parenting': 4, 'diy': 3}
     Processed 45/248
Enriched: 北海道芦別市北一条西１丁目 -> Scores: {'farming': 5, 'ocean': 1, 'nature': 5, 'convenience': 2, 'parenting': 4, 'diy': 5}
Enriched: 北海道上磯郡木古内町字札苅 -> Scores: {'farming': 5, 'ocean': 2, 'nature': 5, 'convenience': 3, 'parenting': 4, 'diy': 4}
Enriched: 北海道上磯郡木古内町字泉沢 -> Scores: {'farming': 4, 'ocean': 2, 'nature': 5, 'convenience': 2, 'parenting': 3, 'diy': 5}
Enriched: 北海道北斗市三ツ石２丁目 -> Scores: {'farming': 5, 'ocean': 2, 'nature': 5, 'convenience': 3, 'parenting': 4, 'diy': 3}
Enriched: 北海道北斗市向野２丁目 -> Scores: {'farming': 4, 'ocean': 2, 'nature': 5, 'convenience': 3, 'parenting': 4, 'diy': 3}
     Processed 50/248
Enriched: 北海道北斗市谷好３丁目 -> Scores: {'farming': 4, 'ocean': 2, 'nature': 5, 'convenience': 3, 'parenting': 4, 'diy': 5}
Enriched: 北海道北斗市清水川 -> Scores: {'farming': 4, 'ocean': 2, 'nature': 5, 'convenience': 3, 'parenting': 4, 'diy': 4}
Enriched: 北海道北斗市清川 -> Scores: {'farming': 5, 'ocean': 2, 'nature': 4, 'convenience': 3, 'parenting': 4, 'diy': 5}
Enriched: 北海道北斗市久根別２丁目 -> Scores: {'farming': 4, 'ocean': 2, 'nature': 5, 'convenience': 3, 'parenting': 4, 'diy': 4}
Enriched: 北海道室蘭市輪西町１丁目 -> Scores: {'farming': 4, 'ocean': 3, 'nature': 5, 'convenience': 2, 'parenting': 4, 'diy': 5}
     Processed 55/248
Enriched: 北海道室蘭市海岸町２丁目 -> Scores: {'farming': 4, 'ocean': 3, 'nature': 5, 'convenience': 2, 'parenting': 4, 'diy': 4}
Enriched: 北海道函館市桔梗２丁目 -> Scores: {'farming': 4, 'ocean': 3, 'nature': 5, 'convenience': 4, 'parenting': 4, 'diy': 3}
Enriched: 北海道夕張郡栗山町角田 -> Scores: {'farming': 4, 'ocean': 1, 'nature': 5, 'convenience': 2, 'parenting': 3, 'diy': 4}
Enriched: 北海道樺戸郡月形町字清澄町 -> Scores: {'farming': 5, 'ocean': 1, 'nature': 5, 'convenience': 2, 'parenting': 4, 'diy': 5}
Enriched: 北海道樺戸郡月形町字清澄町 -> Scores: {'farming': 5, 'ocean': 1, 'nature': 5, 'convenience': 2, 'parenting': 3, 'diy': 4}
     Processed 60/248
Enriched: 北海道亀田郡七飯町鳴川５丁目 -> Scores: {'farming': 5, 'ocean': 2, 'nature': 5, 'convenience': 3, 'parenting': 4, 'diy': 3}
Enriched: 北海道美唄市東八条北３丁目 -> Scores: {'farming': 5, 'ocean': 1, 'nature': 4, 'convenience': 2, 'parenting': 3, 'diy': 4}
Enriched: 北海道雨竜郡秩父別町 -> Scores: {'farming': 5, 'ocean': 1, 'nature': 5, 'convenience': 2, 'parenting': 3, 'diy': 4}
Enriched: 北海道美唄市西四条南６丁目 -> Scores: {'farming': 5, 'ocean': 1, 'nature': 5, 'convenience': 3, 'parenting': 4, 'diy': 4}
Enriched: 北海道美唄市字美唄 -> Scores: {'farming': 5, 'ocean': 1, 'nature': 5, 'convenience': 2, 'parenting': 3, 'diy': 4}
     Processed 65/248
Enriched: 北海道美唄市西三条北７丁目 -> Scores: {'farming': 5, 'ocean': 1, 'nature': 5, 'convenience': 2, 'parenting': 3, 'diy': 4}
Enriched: 北海道美唄市字美唄 -> Scores: {'farming': 5, 'ocean': 1, 'nature': 4, 'convenience': 2, 'parenting': 3, 'diy': 5}
Enriched: 北海道美唄市字美唄 -> Scores: {'farming': 5, 'ocean': 1, 'nature': 5, 'convenience': 2, 'parenting': 4, 'diy': 3}
Enriched: 北海道美唄市東三条南７丁目 -> Scores: {'farming': 5, 'ocean': 1, 'nature': 4, 'convenience': 2, 'parenting': 3, 'diy': 4}
Enriched: 北海道美唄市東三条南７丁目 -> Scores: {'farming': 5, 'ocean': 1, 'nature': 4, 'convenience': 2, 'parenting': 3, 'diy': 4}
     Processed 70/248
Enriched: 北海道美唄市西五条北４丁目 -> Scores: {'farming': 4, 'ocean': 1, 'nature': 5, 'convenience': 3, 'parenting': 4, 'diy': 4}
Enriched: 北海道美唄市字美唄 -> Scores: {'farming': 5, 'ocean': 1, 'nature': 4, 'convenience': 2, 'parenting': 3, 'diy': 4}
Enriched: 北海道美唄市大通西一条南７丁目 -> Scores: {'farming': 5, 'ocean': 1, 'nature': 5, 'convenience': 3, 'parenting': 4, 'diy': 5}
Enriched: 北海道美唄市大通東一条南７丁目 -> Scores: {'farming': 5, 'ocean': 1, 'nature': 5, 'convenience': 3, 'parenting': 4, 'diy': 4}
Enriched: 北海道美唄市大通東一条南７丁目 -> Scores: {'farming': 4, 'ocean': 1, 'nature': 5, 'convenience': 2, 'parenting': 4, 'diy': 5}
     Processed 75/248
Enriched: 北海道美唄市東三条南７丁目 -> Scores: {'farming': 5, 'ocean': 1, 'nature': 4, 'convenience': 2, 'parenting': 3, 'diy': 3}
Enriched: 北海道美唄市西四条南２丁目 -> Scores: {'farming': 4, 'ocean': 1, 'nature': 5, 'convenience': 2, 'parenting': 3, 'diy': 4}
Enriched: 北海道美唄市西四条北１丁目 -> Scores: {'farming': 5, 'ocean': 1, 'nature': 4, 'convenience': 2, 'parenting': 4, 'diy': 3}
Enriched: 北海道美唄市字峰延原野 -> Scores: {'farming': 5, 'ocean': 1, 'nature': 5, 'convenience': 2, 'parenting': 3, 'diy': 4}
Enriched: 北海道夕張郡栗山町字湯地 -> Scores: {'farming': 5, 'ocean': 2, 'nature': 5, 'convenience': 3, 'parenting': 4, 'diy': 5}
     Processed 80/248
Enriched: 北海道夕張郡栗山町朝日２丁目 -> Scores: {'farming': 5, 'ocean': 1, 'nature': 4, 'convenience': 2, 'parenting': 3, 'diy': 4}
Enriched: 北海道樺戸郡月形町字北農場 -> Scores: {'farming': 5, 'ocean': 1, 'nature': 5, 'convenience': 2, 'parenting': 3, 'diy': 4}
Enriched: 北海道芦別市北一条東１丁目 -> Scores: {'farming': 4, 'ocean': 1, 'nature': 5, 'convenience': 2, 'parenting': 3, 'diy': 4}
Enriched: 北海道紋別郡雄武町字南雄武栄丘 -> Scores: {'farming': 4, 'ocean': 2, 'nature': 5, 'convenience': 3, 'parenting': 4, 'diy': 5}
Enriched: 北海道常呂郡佐呂間町字宮前町 -> Scores: {'farming': 4, 'ocean': 2, 'nature': 5, 'convenience': 3, 'parenting': 4, 'diy': 3}
     Processed 85/248
Enriched: 北海道河西郡中札内村西戸蔦東３線 -> Scores: {'farming': 5, 'ocean': 1, 'nature': 5, 'convenience': 2, 'parenting': 3, 'diy': 4}
Enriched: 北海道河西郡中札内村上札内 -> Scores: {'farming': 5, 'ocean': 1, 'nature': 5, 'convenience': 2, 'parenting': 4, 'diy': 3}
Enriched: 北海道河西郡中札内村西一条北２丁目 -> Scores: {'farming': 5, 'ocean': 1, 'nature': 4, 'convenience': 2, 'parenting': 3, 'diy': 4}
Enriched: 北海道上川郡新得町西一条北２丁目 -> Scores: {'farming': 5, 'ocean': 1, 'nature': 5, 'convenience': 2, 'parenting': 4, 'diy': 5}
Enriched: 北海道上川郡新得町屈足幸町１丁目 -> Scores: {'farming': 5, 'ocean': 1, 'nature': 5, 'convenience': 2, 'parenting': 4, 'diy': 5}
     Processed 90/248
Enriched: 北海道上川郡新得町字屈足東１線 -> Scores: {'farming': 5, 'ocean': 1, 'nature': 5, 'convenience': 2, 'parenting': 3, 'diy': 4}
Enriched: 北海道網走郡大空町東藻琴 -> Scores: {'farming': 5, 'ocean': 2, 'nature': 5, 'convenience': 2, 'parenting': 4, 'diy': 5}
Enriched: 北海道網走郡大空町東藻琴 -> Scores: {'farming': 5, 'ocean': 2, 'nature': 5, 'convenience': 3, 'parenting': 4, 'diy': 4}
Enriched: 北海道網走郡大空町女満別西四条２丁目 -> Scores: {'farming': 5, 'ocean': 2, 'nature': 5, 'convenience': 3, 'parenting': 4, 'diy': 3}
Enriched: 北海道網走郡大空町東藻琴 -> Scores: {'farming': 5, 'ocean': 2, 'nature': 5, 'convenience': 3, 'parenting': 4, 'diy': 4}
     Processed 95/248
Enriched: 北海道網走郡大空町東藻琴 -> Scores: {'farming': 5, 'ocean': 2, 'nature': 5, 'convenience': 3, 'parenting': 4, 'diy': 4}
Enriched: 北海道網走郡大空町女満別西二条２丁目 -> Scores: {'farming': 4, 'ocean': 2, 'nature': 5, 'convenience': 3, 'parenting': 4, 'diy': 3}
Enriched: 北海道上川郡新得町字上佐幌 -> Scores: {'farming': 5, 'ocean': 1, 'nature': 5, 'convenience': 2, 'parenting': 4, 'diy': 3}
Enriched: 北海道上川郡新得町屈足柏町１丁目 -> Scores: {'farming': 5, 'ocean': 1, 'nature': 5, 'convenience': 2, 'parenting': 3, 'diy': 4}
Enriched: 北海道上川郡新得町屈足幸町１丁目 -> Scores: {'farming': 5, 'ocean': 1, 'nature': 5, 'convenience': 2, 'parenting': 4, 'diy': 3}
     Processed 100/248
Enriched: 北海道上川郡新得町屈足旭町３丁目 -> Scores: {'farming': 5, 'ocean': 1, 'nature': 5, 'convenience': 2, 'parenting': 3, 'diy': 4}
Enriched: 北海道上川郡新得町五条南４丁目 -> Scores: {'farming': 5, 'ocean': 1, 'nature': 5, 'convenience': 2, 'parenting': 3, 'diy': 4}
Enriched: 北海道上川郡新得町本通南３丁目 -> Scores: {'farming': 5, 'ocean': 1, 'nature': 5, 'convenience': 2, 'parenting': 4, 'diy': 4}
Enriched: 北海道網走郡大空町女満別西二条４丁目 -> Scores: {'farming': 4, 'ocean': 2, 'nature': 5, 'convenience': 3, 'parenting': 4, 'diy': 5}
Enriched: 北海道雨竜郡北竜町字三谷 -> Scores: {'farming': 5, 'ocean': 1, 'nature': 4, 'convenience': 2, 'parenting': 3, 'diy': 2}
     Processed 105/248
Enriched: 北海道空知郡上砂川町字上砂川町 -> Scores: {'farming': 4, 'ocean': 1, 'nature': 5, 'convenience': 2, 'parenting': 4, 'diy': 3}
Enriched: 北海道空知郡上砂川町字鶉 -> Scores: {'farming': 5, 'ocean': 1, 'nature': 5, 'convenience': 2, 'parenting': 4, 'diy': 5}
Enriched: 北海道上磯郡木古内町字木古内 -> Scores: {'farming': 4, 'ocean': 2, 'nature': 5, 'convenience': 3, 'parenting': 4, 'diy': 5}
Enriched: 北海道上磯郡木古内町字泉沢 -> Scores: {'farming': 4, 'ocean': 2, 'nature': 5, 'convenience': 2, 'parenting': 3, 'diy': 4}
Enriched: 北海道上磯郡木古内町字本町 -> Scores: {'farming': 5, 'ocean': 2, 'nature': 5, 'convenience': 2, 'parenting': 4, 'diy': 3}
     Processed 110/248
Enriched: 北海道上磯郡木古内町字木古内 -> Scores: {'farming': 4, 'ocean': 2, 'nature': 5, 'convenience': 3, 'parenting': 4, 'diy': 4}
Enriched: 北海道上磯郡木古内町字木古内 -> Scores: {'farming': 4, 'ocean': 2, 'nature': 5, 'convenience': 2, 'parenting': 3, 'diy': 4}
Enriched: 北海道上磯郡木古内町字泉沢 -> Scores: {'farming': 4, 'ocean': 2, 'nature': 5, 'convenience': 3, 'parenting': 4, 'diy': 3}
Enriched: 北海道上磯郡木古内町字本町 -> Scores: {'farming': 4, 'ocean': 2, 'nature': 5, 'convenience': 3, 'parenting': 4, 'diy': 4}
Enriched: 北海道北斗市久根別１丁目 -> Scores: {'farming': 4, 'ocean': 2, 'nature': 5, 'convenience': 3, 'parenting': 4, 'diy': 4}
     Processed 115/248
Enriched: 北海道北斗市久根別１丁目 -> Scores: {'farming': 4, 'ocean': 2, 'nature': 5, 'convenience': 3, 'parenting': 4, 'diy': 5}
Enriched: 北海道北斗市茂辺地１丁目 -> Scores: {'farming': 4, 'ocean': 2, 'nature': 5, 'convenience': 3, 'parenting': 4, 'diy': 3}
Enriched: 北海道北斗市七重浜８丁目 -> Scores: {'farming': 4, 'ocean': 2, 'nature': 5, 'convenience': 3, 'parenting': 4, 'diy': 4}
Enriched: 北海道亀田郡七飯町鳴川１丁目 -> Scores: {'farming': 5, 'ocean': 2, 'nature': 5, 'convenience': 3, 'parenting': 4, 'diy': 4}
Enriched: 北海道亀田郡七飯町緑町２丁目 -> Scores: {'farming': 4, 'ocean': 2, 'nature': 5, 'convenience': 3, 'parenting': 4, 'diy': 3}
     Processed 120/248
Enriched: 北海道亀田郡七飯町桜町２丁目 -> Scores: {'farming': 4, 'ocean': 1, 'nature': 5, 'convenience': 2, 'parenting': 3, 'diy': 4}
Enriched: 北海道亀田郡七飯町緑町３丁目 -> Scores: {'farming': 5, 'ocean': 2, 'nature': 5, 'convenience': 3, 'parenting': 4, 'diy': 3}
Enriched: 北海道亀田郡七飯町緑町２丁目 -> Scores: {'farming': 4, 'ocean': 2, 'nature': 5, 'convenience': 3, 'parenting': 4, 'diy': 3}
Enriched: 北海道亀田郡七飯町緑町２丁目 -> Scores: {'farming': 4, 'ocean': 2, 'nature': 5, 'convenience': 3, 'parenting': 4, 'diy': 5}
Enriched: 北海道亀田郡七飯町緑町２丁目 -> Scores: {'farming': 5, 'ocean': 2, 'nature': 5, 'convenience': 3, 'parenting': 4, 'diy': 3}
     Processed 125/248
Enriched: 北海道夕張郡栗山町松風２丁目 -> Scores: {'farming': 5, 'ocean': 1, 'nature': 5, 'convenience': 2, 'parenting': 4, 'diy': 5}
Enriched: 北海道亀田郡七飯町緑町２丁目 -> Scores: {'farming': 5, 'ocean': 2, 'nature': 5, 'convenience': 3, 'parenting': 4, 'diy': 5}
Enriched: 北海道亀田郡七飯町緑町２丁目 -> Scores: {'farming': 5, 'ocean': 2, 'nature': 4, 'convenience': 3, 'parenting': 4, 'diy': 5}
Enriched: 北海道亀田郡七飯町本町２丁目 -> Scores: {'farming': 5, 'ocean': 2, 'nature': 5, 'convenience': 3, 'parenting': 4, 'diy': 3}
Enriched: 北海道亀田郡七飯町鳴川５丁目 -> Scores: {'farming': 5, 'ocean': 1, 'nature': 5, 'convenience': 2, 'parenting': 3, 'diy': 4}
     Processed 130/248
Enriched: 北海道常呂郡佐呂間町字仁倉 -> Scores: {'farming': 4, 'ocean': 1, 'nature': 5, 'convenience': 2, 'parenting': 3, 'diy': 4}
Enriched: 北海道常呂郡佐呂間町字宮前町 -> Scores: {'farming': 5, 'ocean': 1, 'nature': 5, 'convenience': 2, 'parenting': 3, 'diy': 5}
Enriched: 北海道雨竜郡秩父別町 -> Scores: {'farming': 4, 'ocean': 1, 'nature': 5, 'convenience': 2, 'parenting': 3, 'diy': 4}
Enriched: 北海道夕張郡栗山町松風４丁目 -> Scores: {'farming': 4, 'ocean': 1, 'nature': 5, 'convenience': 2, 'parenting': 4, 'diy': 5}
Enriched: 北海道芦別市上芦別町 -> Scores: {'farming': 5, 'ocean': 1, 'nature': 5, 'convenience': 2, 'parenting': 3, 'diy': 4}
     Processed 135/248
Enriched: 北海道芦別市南二条東２丁目 -> Scores: {'farming': 5, 'ocean': 1, 'nature': 5, 'convenience': 2, 'parenting': 3, 'diy': 4}
Enriched: 北海道夕張郡栗山町中央４丁目 -> Scores: {'farming': 5, 'ocean': 1, 'nature': 4, 'convenience': 2, 'parenting': 3, 'diy': 4}
Enriched: 北海道夕張郡栗山町桜丘１丁目 -> Scores: {'farming': 4, 'ocean': 1, 'nature': 5, 'convenience': 2, 'parenting': 4, 'diy': 5}
Enriched: 北海道芦別市上芦別町 -> Scores: {'farming': 4, 'ocean': 1, 'nature': 5, 'convenience': 2, 'parenting': 3, 'diy': 3}
Enriched: 北海道浦河郡浦河町荻伏町 -> Scores: {'farming': 3, 'ocean': 2, 'nature': 4, 'convenience': 3, 'parenting': 3, 'diy': 4}
     Processed 140/248
Enriched: 北海道浦河郡浦河町字西幌別 -> Scores: {'farming': 4, 'ocean': 2, 'nature': 5, 'convenience': 2, 'parenting': 3, 'diy': 4}
Enriched: 北海道浦河郡浦河町字西幌別 -> Scores: {'farming': 4, 'ocean': 2, 'nature': 5, 'convenience': 2, 'parenting': 3, 'diy': 4}
Enriched: 北海道浦河郡浦河町堺町東１丁目 -> Scores: {'farming': 4, 'ocean': 2, 'nature': 5, 'convenience': 3, 'parenting': 4, 'diy': 3}
Enriched: 北海道浦河郡浦河町堺町東１丁目 -> Scores: {'farming': 4, 'ocean': 2, 'nature': 5, 'convenience': 2, 'parenting': 3, 'diy': 5}
Enriched: 北海道浦河郡浦河町旭町 -> Scores: {'farming': 5, 'ocean': 2, 'nature': 4, 'convenience': 3, 'parenting': 4, 'diy': 5}
     Processed 145/248
Enriched: 北海道浦河郡浦河町荻伏町 -> Scores: {'farming': 5, 'ocean': 2, 'nature': 5, 'convenience': 3, 'parenting': 4, 'diy': 3}
Enriched: 北海道浦河郡浦河町荻伏町 -> Scores: {'farming': 5, 'ocean': 2, 'nature': 5, 'convenience': 3, 'parenting': 4, 'diy': 4}
Enriched: 北海道浦河郡浦河町荻伏町 -> Scores: {'farming': 5, 'ocean': 2, 'nature': 5, 'convenience': 2, 'parenting': 3, 'diy': 4}
Enriched: 北海道浦河郡浦河町字向別 -> Scores: {'farming': 4, 'ocean': 2, 'nature': 5, 'convenience': 3, 'parenting': 4, 'diy': 3}
Enriched: 北海道浦河郡浦河町築地３丁目 -> Scores: {'farming': 4, 'ocean': 2, 'nature': 5, 'convenience': 2, 'parenting': 3, 'diy': 4}
     Processed 150/248
Enriched: 北海道浦河郡浦河町荻伏町 -> Scores: {'farming': 4, 'ocean': 2, 'nature': 5, 'convenience': 2, 'parenting': 3, 'diy': 5}
Enriched: 北海道浦河郡浦河町荻伏町 -> Scores: {'farming': 4, 'ocean': 2, 'nature': 5, 'convenience': 3, 'parenting': 4, 'diy': 3}
Enriched: 北海道浦河郡浦河町浜町 -> Scores: {'farming': 3, 'ocean': 4, 'nature': 5, 'convenience': 2, 'parenting': 3, 'diy': 4}
Enriched: 北海道芦別市上芦別町 -> Scores: {'farming': 5, 'ocean': 1, 'nature': 5, 'convenience': 2, 'parenting': 3, 'diy': 4}
Enriched: 北海道芦別市本町 -> Scores: {'farming': 5, 'ocean': 1, 'nature': 5, 'convenience': 2, 'parenting': 4, 'diy': 5}
     Processed 155/248
Enriched: 北海道芦別市南一条東１丁目 -> Scores: {'farming': 4, 'ocean': 1, 'nature': 5, 'convenience': 2, 'parenting': 3, 'diy': 4}
Enriched: 北海道芦別市北一条西１丁目 -> Scores: {'farming': 5, 'ocean': 1, 'nature': 5, 'convenience': 2, 'parenting': 3, 'diy': 4}
Enriched: 北海道芦別市南二条東２丁目 -> Scores: {'farming': 4, 'ocean': 1, 'nature': 5, 'convenience': 2, 'parenting': 3, 'diy': 4}
Enriched: 北海道芦別市上芦別町 -> Scores: {'farming': 5, 'ocean': 1, 'nature': 5, 'convenience': 2, 'parenting': 3, 'diy': 4}
Enriched: 北海道芦別市北六条西３丁目 -> Scores: {'farming': 5, 'ocean': 1, 'nature': 5, 'convenience': 2, 'parenting': 4, 'diy': 3}
     Processed 160/248
Enriched: 北海道芦別市上芦別町 -> Scores: {'farming': 5, 'ocean': 1, 'nature': 5, 'convenience': 2, 'parenting': 3, 'diy': 4}
Enriched: 北海道芦別市南三条東３丁目 -> Scores: {'farming': 5, 'ocean': 1, 'nature': 5, 'convenience': 2, 'parenting': 4, 'diy': 5}
Enriched: 北海道芦別市北四条西１丁目 -> Scores: {'farming': 4, 'ocean': 1, 'nature': 5, 'convenience': 2, 'parenting': 3, 'diy': 4}
Enriched: 北海道芦別市南一条東２丁目 -> Scores: {'farming': 5, 'ocean': 1, 'nature': 5, 'convenience': 2, 'parenting': 3, 'diy': 4}
Enriched: 北海道芦別市本町 -> Scores: {'farming': 4, 'ocean': 1, 'nature': 5, 'convenience': 2, 'parenting': 3, 'diy': 4}
     Processed 165/248
[01 北海道 (hokkaido)] Skipping - already exists.
[02 青森県 (aomori)] Skipping - already exists.
[03 岩手県 (iwate)] Skipping - already exists.
[04 宮城県 (miyagi)] Skipping - already exists.
[05 秋田県 (akita)] Skipping - already exists.
[06 山形県 (yamagata)] Skipping - already exists.

[07 福島県 (fukushima)] Starting scrape...
[01 北海道 (hokkaido)] Skipping - already exists.
[02 青森県 (aomori)] Skipping - already exists.
[03 岩手県 (iwate)] Skipping - already exists.
[04 宮城県 (miyagi)] Skipping - already exists.
[05 秋田県 (akita)] Skipping - already exists.
[06 山形県 (yamagata)] Skipping - already exists.
[07 福島県 (fukushima)] Skipping - already exists.

[08 茨城県 (ibaraki)] Starting scrape...
  -> Scraped 210 items.
  -> Enriching 210 items with AI...
Enriched: 茨城県高萩市有明町２丁目 -> Scores: {'farming': 5, 'ocean': 2, 'nature': 4, 'convenience': 3, 'parenting': 4, 'diy': 3}
Enriched: 茨城県牛久市中央４丁目 -> Scores: {'farming': 4, 'ocean': 2, 'nature': 4, 'convenience': 3, 'parenting': 4, 'diy': 3}
Enriched: 茨城県笠間市矢野下 -> Scores: {'farming': 4, 'ocean': 1, 'nature': 5, 'convenience': 2, 'parenting': 3, 'diy': 5}
Enriched: 茨城県ひたちなか市平磯町 -> Scores: {'farming': 4, 'ocean': 3, 'nature': 5, 'convenience': 3, 'parenting': 4, 'diy': 4}
Enriched: 茨城県北茨城市華川町小豆畑 -> Scores: {'farming': 4, 'ocean': 2, 'nature': 5, 'convenience': 3, 'parenting': 4, 'diy': 5}
     Processed 5/210
Enriched: 茨城県笠間市平町 -> Scores: {'farming': 4, 'ocean': 2, 'nature': 5, 'convenience': 3, 'parenting': 4, 'diy': 3}
Enriched: 茨城県笠間市大田町 -> Scores: {'farming': 4, 'ocean': 2, 'nature': 4, 'convenience': 3, 'parenting': 4, 'diy': 5}
Enriched: 茨城県小美玉市栗又四ケ -> Scores: {'farming': 4, 'ocean': 2, 'nature': 5, 'convenience': 3, 'parenting': 4, 'diy': 4}
Enriched: 茨城県笠間市下郷 -> Scores: {'farming': 4, 'ocean': 1, 'nature': 5, 'convenience': 3, 'parenting': 4, 'diy': 4}
Enriched: 茨城県北相馬郡利根町大字早尾 -> Scores: {'farming': 5, 'ocean': 1, 'nature': 5, 'convenience': 2, 'parenting': 3, 'diy': 4}
     Processed 10/210
Enriched: 茨城県石岡市茨城２丁目 -> Scores: {'farming': 4, 'ocean': 2, 'nature': 4, 'convenience': 3, 'parenting': 3, 'diy': 5}
Enriched: 茨城県石岡市三村 -> Scores: {'farming': 4, 'ocean': 2, 'nature': 5, 'convenience': 3, 'parenting': 4, 'diy': 5}
Enriched: 茨城県笠間市本戸 -> Scores: {'farming': 4, 'ocean': 2, 'nature': 5, 'convenience': 3, 'parenting': 4, 'diy': 3}
Enriched: 茨城県水戸市城東２丁目 -> Scores: {'farming': 4, 'ocean': 2, 'nature': 4, 'convenience': 3, 'parenting': 4, 'diy': 4}
Enriched: 茨城県那珂郡東海村大字村松 -> Scores: {'farming': 4, 'ocean': 2, 'nature': 5, 'convenience': 3, 'parenting': 4, 'diy': 5}
     Processed 15/210
Enriched: 茨城県那珂郡東海村舟石川駅西１丁目 -> Scores: {'farming': 4, 'ocean': 3, 'nature': 5, 'convenience': 2, 'parenting': 4, 'diy': 3}
Enriched: 茨城県那珂郡東海村東海２丁目 -> Scores: {'farming': 4, 'ocean': 2, 'nature': 4, 'convenience': 3, 'parenting': 4, 'diy': 5}
Enriched: 茨城県那珂郡東海村大字村松 -> Scores: {'farming': 5, 'ocean': 2, 'nature': 4, 'convenience': 3, 'parenting': 4, 'diy': 5}
Enriched: 茨城県那珂郡東海村大山台２丁目 -> Scores: {'farming': 4, 'ocean': 2, 'nature': 5, 'convenience': 3, 'parenting': 4, 'diy': 5}
Enriched: 茨城県那珂郡東海村大字村松 -> Scores: {'farming': 5, 'ocean': 2, 'nature': 4, 'convenience': 3, 'parenting': 4, 'diy': 5}
     Processed 20/210
Enriched: 茨城県那珂郡東海村大字須和間 -> Scores: {'farming': 4, 'ocean': 2, 'nature': 5, 'convenience': 3, 'parenting': 4, 'diy': 5}
Enriched: 茨城県那珂郡東海村村松北２丁目 -> Scores: {'farming': 4, 'ocean': 2, 'nature': 4, 'convenience': 3, 'parenting': 4, 'diy': 5}
Enriched: 茨城県那珂郡東海村大字舟石川 -> Scores: {'farming': 4, 'ocean': 2, 'nature': 5, 'convenience': 3, 'parenting': 4, 'diy': 5}
Enriched: 茨城県那珂郡東海村大字須和間 -> Scores: {'farming': 4, 'ocean': 2, 'nature': 5, 'convenience': 3, 'parenting': 4, 'diy': 5}
Enriched: 茨城県那珂郡東海村大字須和間 -> Scores: {'farming': 4, 'ocean': 2, 'nature': 5, 'convenience': 3, 'parenting': 4, 'diy': 5}
     Processed 25/210
Enriched: 茨城県那珂郡東海村大字石神内宿 -> Scores: {'farming': 4, 'ocean': 2, 'nature': 5, 'convenience': 3, 'parenting': 4, 'diy': 5}
Enriched: 茨城県北茨城市華川町小豆畑 -> Scores: {'farming': 4, 'ocean': 3, 'nature': 5, 'convenience': 2, 'parenting': 3, 'diy': 4}
Enriched: 茨城県ひたちなか市大字馬渡 -> Scores: {'farming': 4, 'ocean': 2, 'nature': 5, 'convenience': 3, 'parenting': 4, 'diy': 3}
Enriched: 茨城県笠間市旭町 -> Scores: {'farming': 4, 'ocean': 2, 'nature': 5, 'convenience': 3, 'parenting': 4, 'diy': 3}
Enriched: 茨城県高萩市大字高萩 -> Scores: {'farming': 4, 'ocean': 2, 'nature': 5, 'convenience': 3, 'parenting': 4, 'diy': 5}
     Processed 30/210
Enriched: 茨城県行方市浜 -> Scores: {'farming': 4, 'ocean': 2, 'nature': 5, 'convenience': 2, 'parenting': 3, 'diy': 4}
Enriched: 茨城県行方市次木 -> Scores: {'farming': 4, 'ocean': 2, 'nature': 5, 'convenience': 3, 'parenting': 4, 'diy': 4}
Enriched: 茨城県北茨城市大津町北町 -> Scores: {'farming': 4, 'ocean': 3, 'nature': 5, 'convenience': 2, 'parenting': 3, 'diy': 4}
Enriched: 茨城県笠間市鯉淵 -> Scores: {'farming': 4, 'ocean': 2, 'nature': 5, 'convenience': 3, 'parenting': 4, 'diy': 4}
Enriched: 茨城県笠間市旭町 -> Scores: {'farming': 4, 'ocean': 1, 'nature': 5, 'convenience': 3, 'parenting': 4, 'diy': 4}
     Processed 35/210
Enriched: 茨城県常総市中妻町 -> Scores: {'farming': 5, 'ocean': 1, 'nature': 4, 'convenience': 3, 'parenting': 4, 'diy': 5}
Enriched: 茨城県常総市豊岡町乙 -> Scores: {'farming': 4, 'ocean': 1, 'nature': 5, 'convenience': 2, 'parenting': 3, 'diy': 4}
Enriched: 茨城県笠間市日沢 -> Scores: {'farming': 4, 'ocean': 2, 'nature': 5, 'convenience': 3, 'parenting': 4, 'diy': 4}
Enriched: 茨城県石岡市柿岡 -> Scores: {'farming': 5, 'ocean': 1, 'nature': 5, 'convenience': 2, 'parenting': 4, 'diy': 5}
Enriched: 茨城県潮来市日の出１丁目 -> Scores: {'farming': 4, 'ocean': 2, 'nature': 5, 'convenience': 3, 'parenting': 4, 'diy': 4}
     Processed 40/210
Enriched: 茨城県笠間市下市原 -> Scores: {'farming': 5, 'ocean': 1, 'nature': 4, 'convenience': 2, 'parenting': 3, 'diy': 5}
Enriched: 茨城県牛久市牛久町 -> Scores: {'farming': 5, 'ocean': 1, 'nature': 4, 'convenience': 2, 'parenting': 3, 'diy': 5}
Enriched: 茨城県牛久市南４丁目 -> Scores: {'farming': 4, 'ocean': 1, 'nature': 4, 'convenience': 2, 'parenting': 3, 'diy': 3}
Enriched: 茨城県笠間市小原 -> Scores: {'farming': 4, 'ocean': 1, 'nature': 5, 'convenience': 2, 'parenting': 4, 'diy': 4}
Enriched: 茨城県笠間市笠間 -> Scores: {'farming': 4, 'ocean': 2, 'nature': 5, 'convenience': 3, 'parenting': 4, 'diy': 4}
     Processed 45/210
Enriched: 茨城県牛久市岡見町 -> Scores: {'farming': 4, 'ocean': 1, 'nature': 4, 'convenience': 3, 'parenting': 4, 'diy': 3}
Enriched: 茨城県潮来市日の出５丁目 -> Scores: {'farming': 4, 'ocean': 2, 'nature': 5, 'convenience': 3, 'parenting': 4, 'diy': 5}
Enriched: 茨城県潮来市潮来 -> Scores: {'farming': 4, 'ocean': 2, 'nature': 5, 'convenience': 3, 'parenting': 4, 'diy': 3}
Enriched: 茨城県潮来市日の出４丁目 -> Scores: {'farming': 5, 'ocean': 2, 'nature': 4, 'convenience': 3, 'parenting': 4, 'diy': 5}
Enriched: 茨城県潮来市新宮 -> Scores: {'farming': 4, 'ocean': 2, 'nature': 5, 'convenience': 3, 'parenting': 4, 'diy': 5}
     Processed 50/210
Enriched: 茨城県潮来市日の出５丁目 -> Scores: {'farming': 4, 'ocean': 2, 'nature': 5, 'convenience': 3, 'parenting': 4, 'diy': 3}
Enriched: 茨城県笠間市橋爪 -> Scores: {'farming': 4, 'ocean': 2, 'nature': 5, 'convenience': 3, 'parenting': 4, 'diy': 3}
Enriched: 茨城県潮来市上戸 -> Scores: {'farming': 5, 'ocean': 2, 'nature': 4, 'convenience': 3, 'parenting': 4, 'diy': 3}
Enriched: 茨城県北茨城市中郷町小野矢指 -> Scores: {'farming': 4, 'ocean': 3, 'nature': 5, 'convenience': 2, 'parenting': 4, 'diy': 4}
Enriched: 茨城県笠間市中央１丁目 -> Scores: {'farming': 4, 'ocean': 1, 'nature': 5, 'convenience': 3, 'parenting': 4, 'diy': 5}
     Processed 55/210
Enriched: 茨城県常総市水海道淵頭町 -> Scores: {'farming': 4, 'ocean': 1, 'nature': 4, 'convenience': 3, 'parenting': 4, 'diy': 3}
Enriched: 茨城県常総市坂手町 -> Scores: {'farming': 4, 'ocean': 1, 'nature': 5, 'convenience': 2, 'parenting': 3, 'diy': 4}
Enriched: 茨城県稲敷郡阿見町中央５丁目 -> Scores: {'farming': 4, 'ocean': 2, 'nature': 5, 'convenience': 3, 'parenting': 4, 'diy': 4}
Enriched: 茨城県ひたちなか市大字高野 -> Scores: {'farming': 4, 'ocean': 2, 'nature': 4, 'convenience': 3, 'parenting': 4, 'diy': 5}
Enriched: 茨城県石岡市総社２丁目 -> Scores: {'farming': 4, 'ocean': 1, 'nature': 4, 'convenience': 2, 'parenting': 3, 'diy': 4}
     Processed 60/210
Enriched: 茨城県北茨城市磯原町大塚 -> Scores: {'farming': 4, 'ocean': 2, 'nature': 5, 'convenience': 3, 'parenting': 4, 'diy': 3}
Enriched: 茨城県龍ケ崎市大徳町 -> Scores: {'farming': 4, 'ocean': 1, 'nature': 4, 'convenience': 3, 'parenting': 4, 'diy': 4}
Enriched: 茨城県龍ケ崎市愛戸町 -> Scores: {'farming': 4, 'ocean': 1, 'nature': 5, 'convenience': 2, 'parenting': 3, 'diy': 4}
Enriched: 茨城県龍ケ崎市立野 -> Scores: {'farming': 4, 'ocean': 1, 'nature': 5, 'convenience': 2, 'parenting': 3, 'diy': 4}
Enriched: 茨城県龍ケ崎市羽原町 -> Scores: {'farming': 5, 'ocean': 1, 'nature': 4, 'convenience': 3, 'parenting': 4, 'diy': 5}
     Processed 65/210
Enriched: 茨城県龍ケ崎市寺後 -> Scores: {'farming': 4, 'ocean': 1, 'nature': 4, 'convenience': 3, 'parenting': 3, 'diy': 2}
Enriched: 茨城県龍ケ崎市大徳町 -> Scores: {'farming': 5, 'ocean': 1, 'nature': 4, 'convenience': 3, 'parenting': 4, 'diy': 5}
Enriched: 茨城県龍ケ崎市川原代町 -> Scores: {'farming': 4, 'ocean': 1, 'nature': 4, 'convenience': 3, 'parenting': 4, 'diy': 5}
Enriched: 茨城県つくばみらい市板橋 -> Scores: {'farming': 4, 'ocean': 2, 'nature': 5, 'convenience': 3, 'parenting': 4, 'diy': 5}
Enriched: 茨城県石岡市中津川 -> Scores: {'farming': 4, 'ocean': 1, 'nature': 5, 'convenience': 2, 'parenting': 3, 'diy': 4}
     Processed 70/210
Enriched: 茨城県北茨城市中郷町上桜井 -> Scores: {'farming': 4, 'ocean': 3, 'nature': 4, 'convenience': 3, 'parenting': 4, 'diy': 3}
Enriched: 茨城県笠間市笠間 -> Scores: {'farming': 5, 'ocean': 1, 'nature': 5, 'convenience': 3, 'parenting': 4, 'diy': 5}
Enriched: 茨城県牛久市南４丁目 -> Scores: {'farming': 4, 'ocean': 1, 'nature': 4, 'convenience': 3, 'parenting': 4, 'diy': 5}
Enriched: 茨城県石岡市東石岡５丁目 -> Scores: {'farming': 4, 'ocean': 2, 'nature': 5, 'convenience': 3, 'parenting': 4, 'diy': 3}
Enriched: 茨城県石岡市茨城２丁目 -> Scores: {'farming': 4, 'ocean': 2, 'nature': 4, 'convenience': 3, 'parenting': 4, 'diy': 4}
     Processed 75/210
Enriched: 茨城県笠間市旭町 -> Scores: {'farming': 5, 'ocean': 2, 'nature': 4, 'convenience': 3, 'parenting': 4, 'diy': 4}
Enriched: 茨城県笠間市泉 -> Scores: {'farming': 4, 'ocean': 2, 'nature': 5, 'convenience': 3, 'parenting': 4, 'diy': 4}
Enriched: 茨城県古河市中田新田 -> Scores: {'farming': 4, 'ocean': 1, 'nature': 4, 'convenience': 3, 'parenting': 4, 'diy': 4}
Enriched: 茨城県笠間市旭町 -> Scores: {'farming': 4, 'ocean': 2, 'nature': 5, 'convenience': 3, 'parenting': 4, 'diy': 4}
Enriched: 茨城県高萩市大字上手綱 -> Scores: {'farming': 4, 'ocean': 2, 'nature': 5, 'convenience': 3, 'parenting': 4, 'diy': 4}
     Processed 80/210
Enriched: 茨城県牛久市岡見町 -> Scores: {'farming': 4, 'ocean': 1, 'nature': 4, 'convenience': 3, 'parenting': 4, 'diy': 4}
Enriched: 茨城県下妻市古沢 -> Scores: {'farming': 5, 'ocean': 1, 'nature': 4, 'convenience': 3, 'parenting': 4, 'diy': 5}
Enriched: 茨城県笠間市旭町 -> Scores: {'farming': 5, 'ocean': 1, 'nature': 5, 'convenience': 2, 'parenting': 4, 'diy': 4}
Enriched: 茨城県稲敷市江戸崎乙 -> Scores: {'farming': 5, 'ocean': 1, 'nature': 4, 'convenience': 2, 'parenting': 3, 'diy': 4}
Enriched: 茨城県結城郡八千代町大字平塚 -> Scores: {'farming': 4, 'ocean': 2, 'nature': 5, 'convenience': 3, 'parenting': 4, 'diy': 4}
     Processed 85/210
Enriched: 茨城県笠間市泉 -> Scores: {'farming': 5, 'ocean': 1, 'nature': 5, 'convenience': 2, 'parenting': 4, 'diy': 3}
Enriched: 茨城県那珂市平野 -> Scores: {'farming': 4, 'ocean': 2, 'nature': 4, 'convenience': 3, 'parenting': 4, 'diy': 5}
Enriched: 茨城県稲敷市時崎 -> Scores: {'farming': 5, 'ocean': 2, 'nature': 4, 'convenience': 3, 'parenting': 4, 'diy': 5}
Enriched: 茨城県小美玉市羽鳥 -> Scores: {'farming': 5, 'ocean': 2, 'nature': 4, 'convenience': 3, 'parenting': 4, 'diy': 5}
Enriched: 茨城県結城郡八千代町大字塩本 -> Scores: {'farming': 4, 'ocean': 2, 'nature': 5, 'convenience': 3, 'parenting': 4, 'diy': 3}
     Processed 90/210
Enriched: 茨城県ひたちなか市平磯町 -> Scores: {'farming': 3, 'ocean': 2, 'nature': 4, 'convenience': 2, 'parenting': 3, 'diy': 3}
Enriched: 茨城県笠間市旭町 -> Scores: {'farming': 4, 'ocean': 2, 'nature': 5, 'convenience': 3, 'parenting': 4, 'diy': 3}
Enriched: 茨城県神栖市波崎 -> Scores: {'farming': 4, 'ocean': 3, 'nature': 5, 'convenience': 2, 'parenting': 3, 'diy': 4}
Enriched: 茨城県笠間市東平４丁目 -> Scores: {'farming': 4, 'ocean': 2, 'nature': 4, 'convenience': 3, 'parenting': 4, 'diy': 4}
Enriched: 茨城県牛久市小坂町 -> Scores: {'farming': 5, 'ocean': 1, 'nature': 5, 'convenience': 2, 'parenting': 3, 'diy': 4}
     Processed 95/210
Enriched: 茨城県石岡市東光台５丁目 -> Scores: {'farming': 4, 'ocean': 2, 'nature': 4, 'convenience': 3, 'parenting': 4, 'diy': 5}
Enriched: 茨城県小美玉市江戸 -> Scores: {'farming': 4, 'ocean': 2, 'nature': 5, 'convenience': 3, 'parenting': 4, 'diy': 4}
Enriched: 茨城県ひたちなか市平磯町 -> Scores: {'farming': 4, 'ocean': 3, 'nature': 5, 'convenience': 2, 'parenting': 3, 'diy': 4}
Enriched: 茨城県つくば市小田 -> Scores: {'farming': 4, 'ocean': 1, 'nature': 5, 'convenience': 2, 'parenting': 3, 'diy': 4}
Enriched: 茨城県つくば市田中 -> Scores: {'farming': 4, 'ocean': 1, 'nature': 3, 'convenience': 2, 'parenting': 3, 'diy': 4}
     Processed 100/210
Enriched: 茨城県桜川市真壁町真壁 -> Scores: {'farming': 4, 'ocean': 1, 'nature': 5, 'convenience': 3, 'parenting': 4, 'diy': 5}
Enriched: 茨城県桜川市長方 -> Scores: {'farming': 5, 'ocean': 1, 'nature': 4, 'convenience': 2, 'parenting': 4, 'diy': 5}
Enriched: 茨城県笠間市鯉淵 -> Scores: {'farming': 4, 'ocean': 2, 'nature': 5, 'convenience': 3, 'parenting': 4, 'diy': 5}
Enriched: 茨城県笠間市笠間 -> Scores: {'farming': 4, 'ocean': 2, 'nature': 5, 'convenience': 3, 'parenting': 4, 'diy': 4}
Enriched: 茨城県笠間市大橋 -> Scores: {'farming': 5, 'ocean': 1, 'nature': 5, 'convenience': 2, 'parenting': 4, 'diy': 5}
     Processed 105/210
Enriched: 茨城県牛久市下根町 -> Scores: {'farming': 4, 'ocean': 1, 'nature': 4, 'convenience': 3, 'parenting': 4, 'diy': 3}
Enriched: 茨城県笠間市下市原 -> Scores: {'farming': 4, 'ocean': 2, 'nature': 5, 'convenience': 3, 'parenting': 4, 'diy': 5}
Enriched: 茨城県常総市中妻町 -> Scores: {'farming': 4, 'ocean': 2, 'nature': 5, 'convenience': 3, 'parenting': 4, 'diy': 5}
Enriched: 茨城県常総市中妻町 -> Scores: {'farming': 4, 'ocean': 2, 'nature': 4, 'convenience': 3, 'parenting': 4, 'diy': 5}
Enriched: 茨城県石岡市井関 -> Scores: {'farming': 4, 'ocean': 1, 'nature': 5, 'convenience': 3, 'parenting': 4, 'diy': 4}
     Processed 110/210
Enriched: 茨城県常陸太田市竹合町 -> Scores: {'farming': 5, 'ocean': 1, 'nature': 4, 'convenience': 2, 'parenting': 3, 'diy': 5}
Enriched: 茨城県小美玉市堅倉 -> Scores: {'farming': 5, 'ocean': 2, 'nature': 5, 'convenience': 3, 'parenting': 4, 'diy': 4}
Enriched: 茨城県つくば市高崎 -> Scores: {'farming': 4, 'ocean': 2, 'nature': 4, 'convenience': 3, 'parenting': 4, 'diy': 5}
Enriched: 茨城県稲敷市神宮寺 -> Scores: {'farming': 5, 'ocean': 2, 'nature': 4, 'convenience': 3, 'parenting': 4, 'diy': 5}
Enriched: 茨城県笠間市上市原 -> Scores: {'farming': 4, 'ocean': 1, 'nature': 5, 'convenience': 3, 'parenting': 4, 'diy': 3}
     Processed 115/210
Enriched: 茨城県笠間市笠間 -> Scores: {'farming': 5, 'ocean': 1, 'nature': 5, 'convenience': 3, 'parenting': 4, 'diy': 2}
Enriched: 茨城県小美玉市納場 -> Scores: {'farming': 5, 'ocean': 2, 'nature': 5, 'convenience': 3, 'parenting': 4, 'diy': 4}
Enriched: 茨城県稲敷市江戸崎乙 -> Scores: {'farming': 4, 'ocean': 2, 'nature': 5, 'convenience': 3, 'parenting': 4, 'diy': 5}
Enriched: 茨城県稲敷市月出里 -> Scores: {'farming': 4, 'ocean': 1, 'nature': 5, 'convenience': 2, 'parenting': 3, 'diy': 4}
Enriched: 茨城県稲敷市椎塚 -> Scores: {'farming': 4, 'ocean': 2, 'nature': 5, 'convenience': 3, 'parenting': 4, 'diy': 3}
     Processed 120/210
Enriched: 茨城県小美玉市堅倉 -> Scores: {'farming': 4, 'ocean': 2, 'nature': 5, 'convenience': 3, 'parenting': 4, 'diy': 4}
Enriched: 茨城県笠間市下郷 -> Scores: {'farming': 5, 'ocean': 1, 'nature': 5, 'convenience': 2, 'parenting': 4, 'diy': 5}
Enriched: 茨城県桜川市真壁町田 -> Scores: {'farming': 5, 'ocean': 1, 'nature': 4, 'convenience': 2, 'parenting': 4, 'diy': 5}
Enriched: 茨城県常陸太田市下利員町 -> Scores: {'farming': 5, 'ocean': 2, 'nature': 4, 'convenience': 3, 'parenting': 4, 'diy': 5}
Enriched: 茨城県常総市若宮戸 -> Scores: {'farming': 4, 'ocean': 1, 'nature': 5, 'convenience': 2, 'parenting': 3, 'diy': 4}
     Processed 125/210
Enriched: 茨城県常陸太田市島町 -> Scores: {'farming': 4, 'ocean': 1, 'nature': 5, 'convenience': 3, 'parenting': 4, 'diy': 3}
Enriched: 茨城県笠間市小原 -> Scores: {'farming': 5, 'ocean': 1, 'nature': 4, 'convenience': 2, 'parenting': 3, 'diy': 3}
Enriched: 茨城県桜川市鍬田 -> Scores: {'farming': 4, 'ocean': 1, 'nature': 4, 'convenience': 2, 'parenting': 3, 'diy': 5}
Enriched: 茨城県下妻市江 -> Scores: {'farming': 4, 'ocean': 1, 'nature': 5, 'convenience': 2, 'parenting': 3, 'diy': 5}
Enriched: 茨城県つくば市稲岡 -> Scores: {'farming': 4, 'ocean': 1, 'nature': 5, 'convenience': 3, 'parenting': 4, 'diy': 3}
     Processed 130/210
Enriched: 茨城県潮来市牛堀 -> Scores: {'farming': 5, 'ocean': 2, 'nature': 4, 'convenience': 3, 'parenting': 4, 'diy': 5}
Enriched: 茨城県潮来市日の出２丁目 -> Scores: {'farming': 5, 'ocean': 2, 'nature': 4, 'convenience': 3, 'parenting': 4, 'diy': 5}
Enriched: 茨城県潮来市日の出２丁目 -> Scores: {'farming': 5, 'ocean': 2, 'nature': 4, 'convenience': 3, 'parenting': 4, 'diy': 5}
Enriched: 茨城県潮来市牛堀 -> Scores: {'farming': 5, 'ocean': 2, 'nature': 4, 'convenience': 3, 'parenting': 4, 'diy': 5}
Enriched: 茨城県潮来市潮来 -> Scores: {'farming': 4, 'ocean': 2, 'nature': 5, 'convenience': 3, 'parenting': 4, 'diy': 5}
     Processed 135/210
Enriched: 茨城県潮来市潮来 -> Scores: {'farming': 5, 'ocean': 2, 'nature': 5, 'convenience': 3, 'parenting': 4, 'diy': 5}
Enriched: 茨城県潮来市辻 -> Scores: {'farming': 4, 'ocean': 2, 'nature': 5, 'convenience': 3, 'parenting': 4, 'diy': 5}
Enriched: 茨城県つくば市池向 -> Scores: {'farming': 4, 'ocean': 1, 'nature': 4, 'convenience': 3, 'parenting': 4, 'diy': 3}
Enriched: 茨城県北茨城市中郷町石岡 -> Scores: {'farming': 4, 'ocean': 2, 'nature': 5, 'convenience': 2, 'parenting': 3, 'diy': 4}
Enriched: 茨城県北茨城市中郷町汐見ケ丘６丁目 -> Scores: {'farming': 4, 'ocean': 3, 'nature': 5, 'convenience': 2, 'parenting': 3, 'diy': 4}
     Processed 140/210
Enriched: 茨城県北茨城市磯原町上相田 -> Scores: {'farming': 5, 'ocean': 3, 'nature': 5, 'convenience': 2, 'parenting': 4, 'diy': 5}
Enriched: 茨城県笠間市土師 -> Scores: {'farming': 4, 'ocean': 2, 'nature': 5, 'convenience': 3, 'parenting': 4, 'diy': 3}
Enriched: 茨城県石岡市鯨岡 -> Scores: {'farming': 4, 'ocean': 2, 'nature': 5, 'convenience': 3, 'parenting': 4, 'diy': 4}
Enriched: 茨城県笠間市南小泉 -> Scores: {'farming': 5, 'ocean': 1, 'nature': 4, 'convenience': 2, 'parenting': 3, 'diy': 5}
Enriched: 茨城県牛久市小坂町 -> Scores: {'farming': 4, 'ocean': 1, 'nature': 5, 'convenience': 2, 'parenting': 3, 'diy': 4}
     Processed 145/210
Enriched: 茨城県北茨城市磯原町磯原 -> Scores: {'farming': 4, 'ocean': 3, 'nature': 5, 'convenience': 3, 'parenting': 4, 'diy': 4}
Enriched: 茨城県笠間市吉岡 -> Scores: {'farming': 4, 'ocean': 1, 'nature': 4, 'convenience': 2, 'parenting': 4, 'diy': 3}
Enriched: 茨城県牛久市小坂町 -> Scores: {'farming': 5, 'ocean': 1, 'nature': 5, 'convenience': 2, 'parenting': 4, 'diy': 4}
Enriched: 茨城県笠間市鯉淵 -> Scores: {'farming': 4, 'ocean': 2, 'nature': 5, 'convenience': 3, 'parenting': 4, 'diy': 4}
Enriched: 茨城県常総市杉山 -> Scores: {'farming': 4, 'ocean': 1, 'nature': 4, 'convenience': 3, 'parenting': 4, 'diy': 5}
     Processed 150/210
Enriched: 茨城県笠間市下郷 -> Scores: {'farming': 4, 'ocean': 1, 'nature': 4, 'convenience': 2, 'parenting': 3, 'diy': 4}
Enriched: 茨城県牛久市刈谷町５丁目 -> Scores: {'farming': 4, 'ocean': 1, 'nature': 4, 'convenience': 3, 'parenting': 4, 'diy': 5}
Enriched: 茨城県笠間市下郷 -> Scores: {'farming': 5, 'ocean': 2, 'nature': 4, 'convenience': 3, 'parenting': 4, 'diy': 5}
Enriched: 茨城県笠間市平町 -> Scores: {'farming': 4, 'ocean': 1, 'nature': 4, 'convenience': 2, 'parenting': 3, 'diy': 4}
Enriched: 茨城県下妻市鎌庭 -> Scores: {'farming': 4, 'ocean': 2, 'nature': 5, 'convenience': 3, 'parenting': 4, 'diy': 5}
     Processed 155/210
Enriched: 茨城県北茨城市大津町北町 -> Scores: {'farming': 5, 'ocean': 3, 'nature': 5, 'convenience': 2, 'parenting': 4, 'diy': 3}
Enriched: 茨城県神栖市高浜 -> Scores: {'farming': 4, 'ocean': 2, 'nature': 4, 'convenience': 3, 'parenting': 4, 'diy': 4}
Enriched: 茨城県常陸太田市大森町 -> Scores: {'farming': 5, 'ocean': 1, 'nature': 4, 'convenience': 2, 'parenting': 3, 'diy': 4}
Enriched: 茨城県常陸太田市箕町 -> Scores: {'farming': 4, 'ocean': 1, 'nature': 5, 'convenience': 2, 'parenting': 3, 'diy': 5}
Enriched: 茨城県北茨城市磯原町磯原 -> Scores: {'farming': 5, 'ocean': 4, 'nature': 5, 'convenience': 2, 'parenting': 4, 'diy': 5}
     Processed 160/210
Enriched: 茨城県牛久市小坂町 -> Scores: {'farming': 4, 'ocean': 1, 'nature': 5, 'convenience': 2, 'parenting': 3, 'diy': 4}
Enriched: 茨城県笠間市吉岡 -> Scores: {'farming': 5, 'ocean': 1, 'nature': 5, 'convenience': 2, 'parenting': 4, 'diy': 3}
Enriched: 茨城県常陸太田市松平町 -> Scores: {'farming': 5, 'ocean': 1, 'nature': 4, 'convenience': 3, 'parenting': 4, 'diy': 2}
Enriched: 茨城県北茨城市磯原町磯原 -> Scores: {'farming': 5, 'ocean': 2, 'nature': 4, 'convenience': 2, 'parenting': 3, 'diy': 5}
Enriched: 茨城県北茨城市磯原町磯原 -> Scores: {'farming': 4, 'ocean': 3, 'nature': 5, 'convenience': 2, 'parenting': 4, 'diy': 4}
     Processed 165/210
Enriched: 茨城県常陸太田市内堀町 -> Scores: {'farming': 4, 'ocean': 1, 'nature': 5, 'convenience': 2, 'parenting': 3, 'diy': 4}
Enriched: 茨城県常陸太田市新宿町 -> Scores: {'farming': 4, 'ocean': 1, 'nature': 5, 'convenience': 2, 'parenting': 3, 'diy': 4}
Enriched: 茨城県常陸太田市木崎一町 -> Scores: {'farming': 4, 'ocean': 1, 'nature': 5, 'convenience': 2, 'parenting': 3, 'diy': 3}
Enriched: 茨城県常陸太田市真弓町 -> Scores: {'farming': 5, 'ocean': 1, 'nature': 4, 'convenience': 2, 'parenting': 3, 'diy': 4}
Enriched: 茨城県常陸太田市薬谷町 -> Scores: {'farming': 4, 'ocean': 1, 'nature': 5, 'convenience': 2, 'parenting': 4, 'diy': 4}
     Processed 170/210
Enriched: 茨城県常陸太田市真弓町 -> Scores: {'farming': 4, 'ocean': 1, 'nature': 5, 'convenience': 2, 'parenting': 3, 'diy': 4}
Enriched: 茨城県常陸太田市大里町 -> Scores: {'farming': 4, 'ocean': 1, 'nature': 4, 'convenience': 2, 'parenting': 3, 'diy': 4}
Enriched: 茨城県北茨城市華川町小豆畑 -> Scores: {'farming': 4, 'ocean': 2, 'nature': 5, 'convenience': 3, 'parenting': 4, 'diy': 5}
Enriched: 茨城県北茨城市中郷町汐見ケ丘３丁目 -> Scores: {'farming': 4, 'ocean': 3, 'nature': 5, 'convenience': 2, 'parenting': 4, 'diy': 4}
Enriched: 茨城県龍ケ崎市寺後 -> Scores: {'farming': 4, 'ocean': 1, 'nature': 4, 'convenience': 3, 'parenting': 3, 'diy': 4}
     Processed 175/210
Enriched: 茨城県常総市中妻町 -> Scores: {'farming': 5, 'ocean': 1, 'nature': 4, 'convenience': 2, 'parenting': 3, 'diy': 4}
Enriched: 茨城県高萩市大字島名 -> Scores: {'farming': 4, 'ocean': 2, 'nature': 5, 'convenience': 3, 'parenting': 4, 'diy': 4}
Enriched: 茨城県笠間市下郷 -> Scores: {'farming': 5, 'ocean': 1, 'nature': 5, 'convenience': 2, 'parenting': 3, 'diy': 4}
Enriched: 茨城県笠間市八雲２丁目 -> Scores: {'farming': 4, 'ocean': 1, 'nature': 5, 'convenience': 3, 'parenting': 4, 'diy': 5}
Enriched: 茨城県牛久市岡見町 -> Scores: {'farming': 4, 'ocean': 1, 'nature': 5, 'convenience': 2, 'parenting': 3, 'diy': 4}
     Processed 180/210
Enriched: 茨城県常陸太田市大森町 -> Scores: {'farming': 5, 'ocean': 2, 'nature': 4, 'convenience': 3, 'parenting': 4, 'diy': 4}
Enriched: 茨城県笠間市鯉淵 -> Scores: {'farming': 4, 'ocean': 2, 'nature': 5, 'convenience': 3, 'parenting': 4, 'diy': 4}
Enriched: 茨城県笠間市平町 -> Scores: {'farming': 4, 'ocean': 1, 'nature': 4, 'convenience': 3, 'parenting': 4, 'diy': 5}
Enriched: 茨城県牛久市岡見町 -> Scores: {'farming': 5, 'ocean': 1, 'nature': 4, 'convenience': 3, 'parenting': 4, 'diy': 5}
Enriched: 茨城県牛久市小坂町 -> Scores: {'farming': 5, 'ocean': 1, 'nature': 5, 'convenience': 3, 'parenting': 4, 'diy': 5}
     Processed 185/210
Enriched: 茨城県笠間市旭町 -> Scores: {'farming': 4, 'ocean': 1, 'nature': 5, 'convenience': 2, 'parenting': 3, 'diy': 5}
Enriched: 茨城県牛久市小坂町 -> Scores: {'farming': 5, 'ocean': 1, 'nature': 4, 'convenience': 3, 'parenting': 4, 'diy': 5}
Enriched: 茨城県小美玉市江戸 -> Scores: {'farming': 4, 'ocean': 2, 'nature': 5, 'convenience': 3, 'parenting': 4, 'diy': 5}
Enriched: 茨城県笠間市下郷 -> Scores: {'farming': 4, 'ocean': 2, 'nature': 5, 'convenience': 3, 'parenting': 4, 'diy': 4}
Enriched: 茨城県笠間市仁古田 -> Scores: {'farming': 4, 'ocean': 1, 'nature': 5, 'convenience': 2, 'parenting': 3, 'diy': 4}
     Processed 190/210
Enriched: 茨城県筑西市下川島 -> Scores: {'farming': 4, 'ocean': 1, 'nature': 4, 'convenience': 3, 'parenting': 4, 'diy': 3}
Enriched: 茨城県北相馬郡利根町大字羽根野 -> Scores: {'farming': 4, 'ocean': 1, 'nature': 5, 'convenience': 2, 'parenting': 3, 'diy': 4}
Enriched: 茨城県北相馬郡利根町大字羽根野 -> Scores: {'farming': 5, 'ocean': 1, 'nature': 5, 'convenience': 2, 'parenting': 3, 'diy': 4}
Enriched: 茨城県笠間市下市毛 -> Scores: {'farming': 4, 'ocean': 2, 'nature': 5, 'convenience': 3, 'parenting': 4, 'diy': 5}
Enriched: 茨城県北茨城市中郷町日棚 -> Scores: {'farming': 4, 'ocean': 2, 'nature': 5, 'convenience': 2, 'parenting': 3, 'diy': 4}
     Processed 195/210
Enriched: 茨城県小美玉市上玉里 -> Scores: {'farming': 4, 'ocean': 2, 'nature': 5, 'convenience': 3, 'parenting': 4, 'diy': 5}
Enriched: 茨城県笠間市笠間 -> Scores: {'farming': 4, 'ocean': 2, 'nature': 4, 'convenience': 3, 'parenting': 4, 'diy': 5}
Enriched: 茨城県笠間市泉 -> Scores: {'farming': 4, 'ocean': 2, 'nature': 5, 'convenience': 3, 'parenting': 4, 'diy': 5}
Enriched: 茨城県北茨城市関本町関本中 -> Scores: {'farming': 5, 'ocean': 2, 'nature': 5, 'convenience': 2, 'parenting': 4, 'diy': 3}
Enriched: 茨城県筑西市横塚 -> Scores: {'farming': 5, 'ocean': 1, 'nature': 4, 'convenience': 2, 'parenting': 3, 'diy': 4}
     Processed 200/210
Enriched: 茨城県北茨城市大津町 -> Scores: {'farming': 5, 'ocean': 2, 'nature': 4, 'convenience': 3, 'parenting': 4, 'diy': 5}
Enriched: 茨城県北茨城市中郷町日棚 -> Scores: {'farming': 5, 'ocean': 3, 'nature': 5, 'convenience': 2, 'parenting': 4, 'diy': 3}
Enriched: 茨城県北茨城市関南町仁井田 -> Scores: {'farming': 4, 'ocean': 3, 'nature': 5, 'convenience': 2, 'parenting': 3, 'diy': 4}
Enriched: 茨城県北相馬郡利根町大字布川 -> Scores: {'farming': 4, 'ocean': 1, 'nature': 5, 'convenience': 2, 'parenting': 3, 'diy': 4}
Enriched: 茨城県北相馬郡利根町大字羽根野 -> Scores: {'farming': 4, 'ocean': 1, 'nature': 5, 'convenience': 2, 'parenting': 3, 'diy': 4}
     Processed 205/210
Enriched: 茨城県北相馬郡利根町大字羽根野 -> Scores: {'farming': 5, 'ocean': 1, 'nature': 4, 'convenience': 2, 'parenting': 3, 'diy': 4}
Enriched: 茨城県北相馬郡利根町大字布川 -> Scores: {'farming': 5, 'ocean': 1, 'nature': 4, 'convenience': 3, 'parenting': 3, 'diy': 4}
Enriched: 茨城県北相馬郡利根町大字布川 -> Scores: {'farming': 4, 'ocean': 1, 'nature': 4, 'convenience': 2, 'parenting': 3, 'diy': 5}
Enriched: 茨城県笠間市福原 -> Scores: {'farming': 5, 'ocean': 1, 'nature': 4, 'convenience': 2, 'parenting': 3, 'diy': 3}
Enriched: 茨城県笠間市笠間 -> Scores: {'farming': 4, 'ocean': 2, 'nature': 5, 'convenience': 3, 'parenting': 4, 'diy': 5}
     Processed 210/210
  -> Saved to public/scraped/ibaraki.json

[09 栃木県 (tochigi)] Starting scrape...
  -> Scraped 318 items.
  -> Enriching 318 items with AI...
Enriched: 栃木県佐野市高萩町 -> Scores: {'farming': 4, 'ocean': 1, 'nature': 5, 'convenience': 2, 'parenting': 3, 'diy': 4}
Enriched: 栃木県足利市西宮町 -> Scores: {'farming': 4, 'ocean': 1, 'nature': 4, 'convenience': 3, 'parenting': 4, 'diy': 3}
Enriched: 栃木県足利市通２丁目 -> Scores: {'farming': 4, 'ocean': 2, 'nature': 5, 'convenience': 3, 'parenting': 4, 'diy': 4}
Enriched: 栃木県那須郡那須町大字寺子丙 -> Scores: {'farming': 4, 'ocean': 2, 'nature': 5, 'convenience': 3, 'parenting': 4, 'diy': 3}
Enriched: 栃木県矢板市中 -> Scores: {'farming': 4, 'ocean': 1, 'nature': 5, 'convenience': 2, 'parenting': 3, 'diy': 4}
     Processed 5/318
Enriched: 栃木県芳賀郡茂木町大字所草 -> Scores: {'farming': 4, 'ocean': 1, 'nature': 5, 'convenience': 2, 'parenting': 3, 'diy': 4}
Enriched: 栃木県芳賀郡茂木町大字北高岡 -> Scores: {'farming': 4, 'ocean': 1, 'nature': 5, 'convenience': 2, 'parenting': 4, 'diy': 3}
Enriched: 栃木県那須郡那須町大字寺子乙 -> Scores: {'farming': 5, 'ocean': 2, 'nature': 5, 'convenience': 3, 'parenting': 4, 'diy': 3}
Enriched: 栃木県足利市大月町 -> Scores: {'farming': 4, 'ocean': 1, 'nature': 5, 'convenience': 2, 'parenting': 3, 'diy': 4}
Enriched: 栃木県下都賀郡壬生町中央町 -> Scores: {'farming': 4, 'ocean': 1, 'nature': 4, 'convenience': 3, 'parenting': 4, 'diy': 5}
     Processed 10/318
Enriched: 栃木県那須郡那須町大字高久乙 -> Scores: {'farming': 4, 'ocean': 1, 'nature': 5, 'convenience': 2, 'parenting': 3, 'diy': 5}
Enriched: 栃木県那須郡那須町大字高久甲 -> Scores: {'farming': 4, 'ocean': 1, 'nature': 5, 'convenience': 2, 'parenting': 3, 'diy': 4}
Enriched: 栃木県那須郡那須町大字高久甲 -> Scores: {'farming': 4, 'ocean': 1, 'nature': 5, 'convenience': 2, 'parenting': 3, 'diy': 3}
Enriched: 栃木県那須郡那須町大字高久甲 -> Scores: {'farming': 4, 'ocean': 2, 'nature': 5, 'convenience': 3, 'parenting': 4, 'diy': 4}
Enriched: 栃木県那須郡那須町大字高久丙 -> Scores: {'farming': 4, 'ocean': 1, 'nature': 5, 'convenience': 2, 'parenting': 3, 'diy': 4}
     Processed 15/318
Enriched: 栃木県那須郡那須町大字伊王野 -> Scores: {'farming': 4, 'ocean': 1, 'nature': 5, 'convenience': 3, 'parenting': 4, 'diy': 4}
Enriched: 栃木県佐野市石塚町 -> Scores: {'farming': 4, 'ocean': 1, 'nature': 4, 'convenience': 3, 'parenting': 4, 'diy': 5}
Enriched: 栃木県佐野市葛生西３丁目 -> Scores: {'farming': 4, 'ocean': 1, 'nature': 5, 'convenience': 3, 'parenting': 4, 'diy': 5}
Enriched: 栃木県真岡市台町 -> Scores: {'farming': 4, 'ocean': 1, 'nature': 4, 'convenience': 3, 'parenting': 4, 'diy': 5}
Enriched: 栃木県佐野市柿平町 -> Scores: {'farming': 4, 'ocean': 1, 'nature': 5, 'convenience': 3, 'parenting': 4, 'diy': 5}
     Processed 20/318
Enriched: 栃木県矢板市塩田 -> Scores: {'farming': 4, 'ocean': 1, 'nature': 5, 'convenience': 2, 'parenting': 3, 'diy': 4}
Enriched: 栃木県日光市清滝安良沢町 -> Scores: {'farming': 4, 'ocean': 1, 'nature': 5, 'convenience': 2, 'parenting': 4, 'diy': 5}
Enriched: 栃木県足利市相生町 -> Scores: {'farming': 4, 'ocean': 1, 'nature': 4, 'convenience': 3, 'parenting': 3, 'diy': 5}
Enriched: 栃木県足利市大月町 -> Scores: {'farming': 4, 'ocean': 1, 'nature': 5, 'convenience': 3, 'parenting': 4, 'diy': 5}
Enriched: 栃木県佐野市免鳥町 -> Scores: {'farming': 5, 'ocean': 1, 'nature': 4, 'convenience': 2, 'parenting': 4, 'diy': 5}
     Processed 25/318
Enriched: 栃木県佐野市豊代町 -> Scores: {'farming': 5, 'ocean': 1, 'nature': 4, 'convenience': 2, 'parenting': 3, 'diy': 3}
Enriched: 栃木県真岡市西田井 -> Scores: {'farming': 4, 'ocean': 1, 'nature': 5, 'convenience': 3, 'parenting': 4, 'diy': 4}
Enriched: 栃木県日光市瀬川 -> Scores: {'farming': 4, 'ocean': 1, 'nature': 5, 'convenience': 2, 'parenting': 3, 'diy': 4}
Enriched: 栃木県足利市高松町 -> Scores: {'farming': 5, 'ocean': 1, 'nature': 4, 'convenience': 3, 'parenting': 4, 'diy': 5}
Enriched: 栃木県足利市五十部町 -> Scores: {'farming': 4, 'ocean': 1, 'nature': 3, 'convenience': 2, 'parenting': 3, 'diy': 4}
     Processed 30/318
Enriched: 栃木県足利市名草上町 -> Scores: {'farming': 4, 'ocean': 1, 'nature': 5, 'convenience': 3, 'parenting': 4, 'diy': 4}
Enriched: 栃木県矢板市中 -> Scores: {'farming': 4, 'ocean': 1, 'nature': 5, 'convenience': 3, 'parenting': 4, 'diy': 5}
Enriched: 栃木県矢板市塩田 -> Scores: {'farming': 5, 'ocean': 1, 'nature': 4, 'convenience': 2, 'parenting': 3, 'diy': 4}
Enriched: 栃木県足利市五十部町 -> Scores: {'farming': 4, 'ocean': 1, 'nature': 5, 'convenience': 3, 'parenting': 4, 'diy': 5}
Enriched: 栃木県下野市烏ケ森２丁目 -> Scores: {'farming': 4, 'ocean': 1, 'nature': 4, 'convenience': 3, 'parenting': 4, 'diy': 3}
     Processed 35/318
Enriched: 栃木県矢板市塩田 -> Scores: {'farming': 4, 'ocean': 1, 'nature': 5, 'convenience': 2, 'parenting': 3, 'diy': 4}
Enriched: 栃木県矢板市玉田 -> Scores: {'farming': 5, 'ocean': 1, 'nature': 4, 'convenience': 3, 'parenting': 4, 'diy': 5}
Enriched: 栃木県佐野市伊保内町 -> Scores: {'farming': 5, 'ocean': 1, 'nature': 4, 'convenience': 3, 'parenting': 4, 'diy': 3}
Enriched: 栃木県下野市小金井 -> Scores: {'farming': 4, 'ocean': 1, 'nature': 4, 'convenience': 2, 'parenting': 3, 'diy': 5}
Enriched: 栃木県下野市下古山 -> Scores: {'farming': 4, 'ocean': 1, 'nature': 4, 'convenience': 2, 'parenting': 3, 'diy': 5}
     Processed 40/318
Enriched: 栃木県芳賀郡茂木町大字茂木 -> Scores: {'farming': 5, 'ocean': 1, 'nature': 5, 'convenience': 2, 'parenting': 3, 'diy': 4}
Enriched: 栃木県芳賀郡茂木町大字増井 -> Scores: {'farming': 4, 'ocean': 1, 'nature': 5, 'convenience': 3, 'parenting': 4, 'diy': 3}
Enriched: 栃木県芳賀郡茂木町大字茂木 -> Scores: {'farming': 4, 'ocean': 1, 'nature': 5, 'convenience': 2, 'parenting': 4, 'diy': 4}
Enriched: 栃木県芳賀郡茂木町大字茂木 -> Scores: {'farming': 5, 'ocean': 1, 'nature': 5, 'convenience': 3, 'parenting': 4, 'diy': 4}
Enriched: 栃木県芳賀郡茂木町大字小井戸 -> Scores: {'farming': 4, 'ocean': 1, 'nature': 5, 'convenience': 2, 'parenting': 3, 'diy': 4}
     Processed 45/318
Enriched: 栃木県芳賀郡茂木町大字茂木 -> Scores: {'farming': 5, 'ocean': 1, 'nature': 5, 'convenience': 2, 'parenting': 3, 'diy': 4}
Enriched: 栃木県芳賀郡茂木町大字茂木 -> Scores: {'farming': 5, 'ocean': 1, 'nature': 5, 'convenience': 2, 'parenting': 4, 'diy': 3}
Enriched: 栃木県芳賀郡茂木町大字茂木 -> Scores: {'farming': 5, 'ocean': 1, 'nature': 5, 'convenience': 3, 'parenting': 4, 'diy': 4}
Enriched: 栃木県日光市土沢 -> Scores: {'farming': 5, 'ocean': 1, 'nature': 4, 'convenience': 3, 'parenting': 4, 'diy': 4}
Enriched: 栃木県真岡市石島 -> Scores: {'farming': 4, 'ocean': 1, 'nature': 5, 'convenience': 3, 'parenting': 4, 'diy': 4}
     Processed 50/318
Enriched: 栃木県佐野市戸室町 -> Scores: {'farming': 4, 'ocean': 1, 'nature': 4, 'convenience': 3, 'parenting': 4, 'diy': 3}
Enriched: 栃木県佐野市栃本町 -> Scores: {'farming': 4, 'ocean': 1, 'nature': 5, 'convenience': 3, 'parenting': 4, 'diy': 5}
Enriched: 栃木県足利市寺岡町 -> Scores: {'farming': 5, 'ocean': 1, 'nature': 4, 'convenience': 3, 'parenting': 4, 'diy': 2}
Enriched: 栃木県佐野市浅沼町 -> Scores: {'farming': 4, 'ocean': 1, 'nature': 5, 'convenience': 3, 'parenting': 4, 'diy': 5}
Enriched: 栃木県真岡市荒町３丁目 -> Scores: {'farming': 5, 'ocean': 1, 'nature': 5, 'convenience': 3, 'parenting': 4, 'diy': 4}
     Processed 55/318
Enriched: 栃木県芳賀郡芳賀町大字東水沼 -> Scores: {'farming': 4, 'ocean': 1, 'nature': 4, 'convenience': 3, 'parenting': 5, 'diy': 2}
Enriched: 栃木県芳賀郡芳賀町大字東水沼 -> Scores: {'farming': 4, 'ocean': 1, 'nature': 5, 'convenience': 2, 'parenting': 4, 'diy': 3}
Enriched: 栃木県芳賀郡芳賀町祖母井南２丁目 -> Scores: {'farming': 4, 'ocean': 1, 'nature': 5, 'convenience': 3, 'parenting': 4, 'diy': 2}
Enriched: 栃木県足利市葉鹿町 -> Scores: {'farming': 4, 'ocean': 1, 'nature': 5, 'convenience': 2, 'parenting': 3, 'diy': 4}
Enriched: 栃木県日光市瀬尾 -> Scores: {'farming': 4, 'ocean': 1, 'nature': 5, 'convenience': 2, 'parenting': 4, 'diy': 5}
     Processed 60/318
Enriched: 栃木県日光市小倉 -> Scores: {'farming': 4, 'ocean': 1, 'nature': 5, 'convenience': 3, 'parenting': 4, 'diy': 4}
Enriched: 栃木県足利市寺岡町 -> Scores: {'farming': 4, 'ocean': 1, 'nature': 4, 'convenience': 2, 'parenting': 3, 'diy': 5}
Enriched: 栃木県真岡市東郷 -> Scores: {'farming': 4, 'ocean': 1, 'nature': 4, 'convenience': 3, 'parenting': 4, 'diy': 5}
Enriched: 栃木県下都賀郡野木町大字友沼 -> Scores: {'farming': 4, 'ocean': 1, 'nature': 3, 'convenience': 2, 'parenting': 4, 'diy': 4}
Enriched: 栃木県栃木市都賀町平川 -> Scores: {'farming': 4, 'ocean': 1, 'nature': 5, 'convenience': 3, 'parenting': 4, 'diy': 4}
     Processed 65/318
Enriched: 栃木県栃木市薗部町４丁目 -> Scores: {'farming': 4, 'ocean': 1, 'nature': 4, 'convenience': 3, 'parenting': 3, 'diy': 3}
Enriched: 栃木県栃木市川原田町 -> Scores: {'farming': 4, 'ocean': 1, 'nature': 5, 'convenience': 3, 'parenting': 4, 'diy': 5}
Enriched: 栃木県栃木市大平町西野田 -> Scores: {'farming': 5, 'ocean': 1, 'nature': 4, 'convenience': 2, 'parenting': 3, 'diy': 5}
Enriched: 栃木県栃木市平柳町１丁目 -> Scores: {'farming': 4, 'ocean': 1, 'nature': 4, 'convenience': 3, 'parenting': 4, 'diy': 5}
Enriched: 栃木県栃木市岩舟町静 -> Scores: {'farming': 4, 'ocean': 1, 'nature': 4, 'convenience': 3, 'parenting': 4, 'diy': 4}
     Processed 70/318
Enriched: 栃木県栃木市片柳町２丁目 -> Scores: {'farming': 4, 'ocean': 1, 'nature': 4, 'convenience': 3, 'parenting': 4, 'diy': 3}
Enriched: 栃木県栃木市薗部町１丁目 -> Scores: {'farming': 4, 'ocean': 1, 'nature': 3, 'convenience': 3, 'parenting': 4, 'diy': 4}
Enriched: 栃木県栃木市城内町２丁目 -> Scores: {'farming': 4, 'ocean': 1, 'nature': 4, 'convenience': 3, 'parenting': 4, 'diy': 5}
Enriched: 栃木県栃木市大宮町 -> Scores: {'farming': 4, 'ocean': 1, 'nature': 4, 'convenience': 3, 'parenting': 4, 'diy': 5}
Enriched: 栃木県栃木市河合町 -> Scores: {'farming': 4, 'ocean': 1, 'nature': 5, 'convenience': 3, 'parenting': 4, 'diy': 3}
     Processed 75/318
Enriched: 栃木県栃木市岩舟町静 -> Scores: {'farming': 4, 'ocean': 1, 'nature': 5, 'convenience': 2, 'parenting': 3, 'diy': 5}
Enriched: 栃木県栃木市片柳町１丁目 -> Scores: {'farming': 4, 'ocean': 1, 'nature': 4, 'convenience': 3, 'parenting': 4, 'diy': 5}
Enriched: 栃木県栃木市尻内町 -> Scores: {'farming': 4, 'ocean': 1, 'nature': 4, 'convenience': 3, 'parenting': 4, 'diy': 4}
Enriched: 栃木県栃木市片柳町５丁目 -> Scores: {'farming': 5, 'ocean': 1, 'nature': 4, 'convenience': 3, 'parenting': 4, 'diy': 5}
Enriched: 栃木県栃木市大平町西水代 -> Scores: {'farming': 5, 'ocean': 1, 'nature': 4, 'convenience': 2, 'parenting': 4, 'diy': 5}
     Processed 80/318
Enriched: 栃木県栃木市大平町富田 -> Scores: {'farming': 4, 'ocean': 1, 'nature': 4, 'convenience': 3, 'parenting': 5, 'diy': 3}
Enriched: 栃木県栃木市日ノ出町 -> Scores: {'farming': 4, 'ocean': 1, 'nature': 4, 'convenience': 3, 'parenting': 4, 'diy': 5}
Enriched: 栃木県栃木市大平町蔵井 -> Scores: {'farming': 4, 'ocean': 1, 'nature': 5, 'convenience': 3, 'parenting': 4, 'diy': 4}
Enriched: 栃木県栃木市嘉右衛門町 -> Scores: {'farming': 4, 'ocean': 1, 'nature': 5, 'convenience': 3, 'parenting': 4, 'diy': 5}
Enriched: 栃木県栃木市大平町西水代 -> Scores: {'farming': 5, 'ocean': 1, 'nature': 4, 'convenience': 2, 'parenting': 3, 'diy': 3}
     Processed 85/318
Enriched: 栃木県栃木市倭町 -> Scores: {'farming': 4, 'ocean': 1, 'nature': 4, 'convenience': 3, 'parenting': 4, 'diy': 4}
Enriched: 栃木県栃木市薗部町１丁目 -> Scores: {'farming': 4, 'ocean': 1, 'nature': 4, 'convenience': 3, 'parenting': 3, 'diy': 5}
Enriched: 栃木県栃木市片柳町２丁目 -> Scores: {'farming': 4, 'ocean': 1, 'nature': 4, 'convenience': 3, 'parenting': 4, 'diy': 5}
Enriched: 栃木県栃木市薗部町２丁目 -> Scores: {'farming': 4, 'ocean': 1, 'nature': 4, 'convenience': 3, 'parenting': 4, 'diy': 4}
Enriched: 栃木県栃木市薗部町２丁目 -> Scores: {'farming': 4, 'ocean': 1, 'nature': 3, 'convenience': 3, 'parenting': 4, 'diy': 5}
     Processed 90/318
Enriched: 栃木県栃木市本町 -> Scores: {'farming': 4, 'ocean': 1, 'nature': 3, 'convenience': 3, 'parenting': 4, 'diy': 5}
Enriched: 栃木県栃木市藤岡町藤岡 -> Scores: {'farming': 5, 'ocean': 1, 'nature': 4, 'convenience': 3, 'parenting': 4, 'diy': 3}
Enriched: 栃木県栃木市岩舟町下津原 -> Scores: {'farming': 4, 'ocean': 1, 'nature': 4, 'convenience': 3, 'parenting': 4, 'diy': 5}
Enriched: 栃木県栃木市西方町金崎 -> Scores: {'farming': 4, 'ocean': 1, 'nature': 4, 'convenience': 3, 'parenting': 4, 'diy': 5}
Enriched: 栃木県栃木市藤岡町藤岡 -> Scores: {'farming': 4, 'ocean': 1, 'nature': 5, 'convenience': 3, 'parenting': 4, 'diy': 4}
     Processed 95/318
Enriched: 栃木県栃木市城内町２丁目 -> Scores: {'farming': 4, 'ocean': 1, 'nature': 4, 'convenience': 3, 'parenting': 4, 'diy': 3}
[01 北海道 (hokkaido)] Skipping - already exists.
[02 青森県 (aomori)] Skipping - already exists.
[03 岩手県 (iwate)] Skipping - already exists.
[04 宮城県 (miyagi)] Skipping - already exists.
[05 秋田県 (akita)] Skipping - already exists.
[06 山形県 (yamagata)] Skipping - already exists.
[07 福島県 (fukushima)] Skipping - already exists.
[08 茨城県 (ibaraki)] Skipping - already exists.

[09 栃木県 (tochigi)] Starting scrape...
  -> Scraped 318 items.
  -> Enriching 318 items with AI...
Enriched: 栃木県佐野市高萩町 -> Scores: {'farming': 4, 'ocean': 1, 'nature': 4, 'convenience': 2, 'parenting': 3, 'diy': 4}
Enriched: 栃木県足利市西宮町 -> Scores: {'farming': 4, 'ocean': 1, 'nature': 4, 'convenience': 3, 'parenting': 4, 'diy': 3}
Enriched: 栃木県足利市通２丁目 -> Scores: {'farming': 4, 'ocean': 1, 'nature': 4, 'convenience': 3, 'parenting': 4, 'diy': 4}
Enriched: 栃木県那須郡那須町大字寺子丙 -> Scores: {'farming': 4, 'ocean': 1, 'nature': 5, 'convenience': 3, 'parenting': 4, 'diy': 3}
Enriched: 栃木県矢板市中 -> Scores: {'farming': 4, 'ocean': 1, 'nature': 5, 'convenience': 3, 'parenting': 4, 'diy': 5}
     Processed 5/318
Enriched: 栃木県芳賀郡茂木町大字所草 -> Scores: {'farming': 4, 'ocean': 1, 'nature': 5, 'convenience': 2, 'parenting': 3, 'diy': 3}
Enriched: 栃木県芳賀郡茂木町大字北高岡 -> Scores: {'farming': 4, 'ocean': 2, 'nature': 5, 'convenience': 3, 'parenting': 4, 'diy': 3}
Enriched: 栃木県那須郡那須町大字寺子乙 -> Scores: {'farming': 4, 'ocean': 1, 'nature': 5, 'convenience': 3, 'parenting': 4, 'diy': 5}
Enriched: 栃木県足利市大月町 -> Scores: {'farming': 4, 'ocean': 1, 'nature': 5, 'convenience': 2, 'parenting': 3, 'diy': 4}
Enriched: 栃木県下都賀郡壬生町中央町 -> Scores: {'farming': 4, 'ocean': 1, 'nature': 3, 'convenience': 3, 'parenting': 4, 'diy': 5}
     Processed 10/318
Enriched: 栃木県那須郡那須町大字高久乙 -> Scores: {'farming': 5, 'ocean': 2, 'nature': 5, 'convenience': 3, 'parenting': 4, 'diy': 4}
Enriched: 栃木県那須郡那須町大字高久甲 -> Scores: {'farming': 4, 'ocean': 1, 'nature': 5, 'convenience': 2, 'parenting': 3, 'diy': 4}
Enriched: 栃木県那須郡那須町大字高久甲 -> Scores: {'farming': 4, 'ocean': 1, 'nature': 5, 'convenience': 3, 'parenting': 4, 'diy': 4}
Enriched: 栃木県那須郡那須町大字高久甲 -> Scores: {'farming': 4, 'ocean': 1, 'nature': 5, 'convenience': 3, 'parenting': 4, 'diy': 3}
Enriched: 栃木県那須郡那須町大字高久丙 -> Scores: {'farming': 4, 'ocean': 1, 'nature': 5, 'convenience': 2, 'parenting': 3, 'diy': 4}
     Processed 15/318
Enriched: 栃木県那須郡那須町大字伊王野 -> Scores: {'farming': 5, 'ocean': 1, 'nature': 5, 'convenience': 2, 'parenting': 4, 'diy': 5}
Enriched: 栃木県佐野市石塚町 -> Scores: {'farming': 4, 'ocean': 1, 'nature': 4, 'convenience': 3, 'parenting': 4, 'diy': 4}
Enriched: 栃木県佐野市葛生西３丁目 -> Scores: {'farming': 4, 'ocean': 1, 'nature': 5, 'convenience': 2, 'parenting': 4, 'diy': 5}
Enriched: 栃木県真岡市台町 -> Scores: {'farming': 4, 'ocean': 1, 'nature': 4, 'convenience': 3, 'parenting': 4, 'diy': 5}
Enriched: 栃木県佐野市柿平町 -> Scores: {'farming': 4, 'ocean': 1, 'nature': 5, 'convenience': 3, 'parenting': 4, 'diy': 4}
     Processed 20/318
Enriched: 栃木県矢板市塩田 -> Scores: {'farming': 5, 'ocean': 1, 'nature': 5, 'convenience': 2, 'parenting': 3, 'diy': 4}
Enriched: 栃木県日光市清滝安良沢町 -> Scores: {'farming': 4, 'ocean': 1, 'nature': 5, 'convenience': 2, 'parenting': 3, 'diy': 4}
Enriched: 栃木県足利市相生町 -> Scores: {'farming': 4, 'ocean': 1, 'nature': 5, 'convenience': 3, 'parenting': 4, 'diy': 5}
Enriched: 栃木県足利市大月町 -> Scores: {'farming': 4, 'ocean': 1, 'nature': 4, 'convenience': 3, 'parenting': 4, 'diy': 4}
Enriched: 栃木県佐野市免鳥町 -> Scores: {'farming': 4, 'ocean': 1, 'nature': 5, 'convenience': 2, 'parenting': 3, 'diy': 4}
     Processed 25/318
Enriched: 栃木県佐野市豊代町 -> Scores: {'farming': 4, 'ocean': 1, 'nature': 4, 'convenience': 3, 'parenting': 3, 'diy': 5}
Enriched: 栃木県真岡市西田井 -> Scores: {'farming': 4, 'ocean': 1, 'nature': 5, 'convenience': 3, 'parenting': 4, 'diy': 5}
Enriched: 栃木県日光市瀬川 -> Scores: {'farming': 4, 'ocean': 1, 'nature': 5, 'convenience': 3, 'parenting': 4, 'diy': 5}
Enriched: 栃木県足利市高松町 -> Scores: {'farming': 4, 'ocean': 1, 'nature': 5, 'convenience': 3, 'parenting': 4, 'diy': 5}
Enriched: 栃木県足利市五十部町 -> Scores: {'farming': 5, 'ocean': 1, 'nature': 4, 'convenience': 3, 'parenting': 4, 'diy': 5}
     Processed 30/318
Enriched: 栃木県足利市名草上町 -> Scores: {'farming': 4, 'ocean': 1, 'nature': 5, 'convenience': 3, 'parenting': 4, 'diy': 3}
Enriched: 栃木県矢板市中 -> Scores: {'farming': 5, 'ocean': 1, 'nature': 4, 'convenience': 2, 'parenting': 3, 'diy': 5}
Enriched: 栃木県矢板市塩田 -> Scores: {'farming': 4, 'ocean': 1, 'nature': 5, 'convenience': 2, 'parenting': 3, 'diy': 4}
Enriched: 栃木県足利市五十部町 -> Scores: {'farming': 4, 'ocean': 1, 'nature': 4, 'convenience': 3, 'parenting': 4, 'diy': 3}
Enriched: 栃木県下野市烏ケ森２丁目 -> Scores: {'farming': 4, 'ocean': 1, 'nature': 4, 'convenience': 3, 'parenting': 4, 'diy': 4}
     Processed 35/318
Enriched: 栃木県矢板市塩田 -> Scores: {'farming': 4, 'ocean': 1, 'nature': 5, 'convenience': 2, 'parenting': 3, 'diy': 3}
Enriched: 栃木県矢板市玉田 -> Scores: {'farming': 5, 'ocean': 1, 'nature': 4, 'convenience': 3, 'parenting': 4, 'diy': 5}
Enriched: 栃木県佐野市伊保内町 -> Scores: {'farming': 5, 'ocean': 1, 'nature': 4, 'convenience': 3, 'parenting': 4, 'diy': 5}
Enriched: 栃木県下野市小金井 -> Scores: {'farming': 4, 'ocean': 1, 'nature': 5, 'convenience': 2, 'parenting': 3, 'diy': 4}
Enriched: 栃木県下野市下古山 -> Scores: {'farming': 4, 'ocean': 1, 'nature': 5, 'convenience': 2, 'parenting': 3, 'diy': 4}
     Processed 40/318
Enriched: 栃木県芳賀郡茂木町大字茂木 -> Scores: {'farming': 4, 'ocean': 1, 'nature': 5, 'convenience': 2, 'parenting': 3, 'diy': 4}
Enriched: 栃木県芳賀郡茂木町大字増井 -> Scores: {'farming': 5, 'ocean': 1, 'nature': 4, 'convenience': 2, 'parenting': 3, 'diy': 5}
Enriched: 栃木県芳賀郡茂木町大字茂木 -> Scores: {'farming': 4, 'ocean': 1, 'nature': 5, 'convenience': 2, 'parenting': 3, 'diy': 4}
Enriched: 栃木県芳賀郡茂木町大字茂木 -> Scores: {'farming': 4, 'ocean': 1, 'nature': 5, 'convenience': 3, 'parenting': 4, 'diy': 3}
Enriched: 栃木県芳賀郡茂木町大字小井戸 -> Scores: {'farming': 5, 'ocean': 1, 'nature': 5, 'convenience': 2, 'parenting': 4, 'diy': 3}
     Processed 45/318
Enriched: 栃木県芳賀郡茂木町大字茂木 -> Scores: {'farming': 4, 'ocean': 1, 'nature': 5, 'convenience': 2, 'parenting': 3, 'diy': 5}
Enriched: 栃木県芳賀郡茂木町大字茂木 -> Scores: {'farming': 5, 'ocean': 1, 'nature': 4, 'convenience': 2, 'parenting': 4, 'diy': 3}
Enriched: 栃木県芳賀郡茂木町大字茂木 -> Scores: {'farming': 4, 'ocean': 1, 'nature': 5, 'convenience': 2, 'parenting': 4, 'diy': 5}
Enriched: 栃木県日光市土沢 -> Scores: {'farming': 4, 'ocean': 1, 'nature': 5, 'convenience': 3, 'parenting': 4, 'diy': 4}
Enriched: 栃木県真岡市石島 -> Scores: {'farming': 4, 'ocean': 1, 'nature': 4, 'convenience': 3, 'parenting': 5, 'diy': 4}
     Processed 50/318
Enriched: 栃木県佐野市戸室町 -> Scores: {'farming': 4, 'ocean': 1, 'nature': 4, 'convenience': 3, 'parenting': 4, 'diy': 5}
Enriched: 栃木県佐野市栃本町 -> Scores: {'farming': 4, 'ocean': 1, 'nature': 4, 'convenience': 3, 'parenting': 4, 'diy': 5}
Enriched: 栃木県足利市寺岡町 -> Scores: {'farming': 5, 'ocean': 1, 'nature': 5, 'convenience': 3, 'parenting': 4, 'diy': 5}
Enriched: 栃木県佐野市浅沼町 -> Scores: {'farming': 4, 'ocean': 1, 'nature': 5, 'convenience': 3, 'parenting': 4, 'diy': 5}
Enriched: 栃木県真岡市荒町３丁目 -> Scores: {'farming': 5, 'ocean': 1, 'nature': 5, 'convenience': 3, 'parenting': 4, 'diy': 3}
     Processed 55/318
Enriched: 栃木県芳賀郡芳賀町大字東水沼 -> Scores: {'farming': 4, 'ocean': 1, 'nature': 5, 'convenience': 3, 'parenting': 4, 'diy': 3}
Enriched: 栃木県芳賀郡芳賀町大字東水沼 -> Scores: {'farming': 4, 'ocean': 1, 'nature': 5, 'convenience': 2, 'parenting': 4, 'diy': 3}
Enriched: 栃木県芳賀郡芳賀町祖母井南２丁目 -> Scores: {'farming': 5, 'ocean': 1, 'nature': 5, 'convenience': 3, 'parenting': 4, 'diy': 2}
Enriched: 栃木県足利市葉鹿町 -> Scores: {'farming': 4, 'ocean': 1, 'nature': 4, 'convenience': 3, 'parenting': 4, 'diy': 5}
Enriched: 栃木県日光市瀬尾 -> Scores: {'farming': 4, 'ocean': 1, 'nature': 5, 'convenience': 2, 'parenting': 3, 'diy': 4}
     Processed 60/318
Enriched: 栃木県日光市小倉 -> Scores: {'farming': 4, 'ocean': 1, 'nature': 5, 'convenience': 2, 'parenting': 4, 'diy': 5}
Enriched: 栃木県足利市寺岡町 -> Scores: {'farming': 4, 'ocean': 1, 'nature': 4, 'convenience': 3, 'parenting': 4, 'diy': 5}
Enriched: 栃木県真岡市東郷 -> Scores: {'farming': 5, 'ocean': 1, 'nature': 5, 'convenience': 3, 'parenting': 4, 'diy': 5}
Enriched: 栃木県下都賀郡野木町大字友沼 -> Scores: {'farming': 4, 'ocean': 1, 'nature': 4, 'convenience': 3, 'parenting': 4, 'diy': 5}
Enriched: 栃木県栃木市都賀町平川 -> Scores: {'farming': 4, 'ocean': 1, 'nature': 5, 'convenience': 3, 'parenting': 4, 'diy': 3}
     Processed 65/318
Enriched: 栃木県栃木市薗部町４丁目 -> Scores: {'farming': 4, 'ocean': 1, 'nature': 4, 'convenience': 3, 'parenting': 4, 'diy': 5}
Enriched: 栃木県栃木市川原田町 -> Scores: {'farming': 4, 'ocean': 1, 'nature': 4, 'convenience': 3, 'parenting': 4, 'diy': 5}
Enriched: 栃木県栃木市大平町西野田 -> Scores: {'farming': 4, 'ocean': 1, 'nature': 4, 'convenience': 3, 'parenting': 4, 'diy': 5}
Enriched: 栃木県栃木市平柳町１丁目 -> Scores: {'farming': 4, 'ocean': 1, 'nature': 3, 'convenience': 3, 'parenting': 4, 'diy': 4}
Enriched: 栃木県栃木市岩舟町静 -> Scores: {'farming': 4, 'ocean': 1, 'nature': 5, 'convenience': 2, 'parenting': 4, 'diy': 3}
     Processed 70/318
Enriched: 栃木県栃木市片柳町２丁目 -> Scores: {'farming': 4, 'ocean': 1, 'nature': 4, 'convenience': 3, 'parenting': 4, 'diy': 4}
Enriched: 栃木県栃木市薗部町１丁目 -> Scores: {'farming': 4, 'ocean': 1, 'nature': 4, 'convenience': 3, 'parenting': 4, 'diy': 5}
Enriched: 栃木県栃木市城内町２丁目 -> Scores: {'farming': 4, 'ocean': 1, 'nature': 3, 'convenience': 3, 'parenting': 4, 'diy': 5}
Enriched: 栃木県栃木市大宮町 -> Scores: {'farming': 4, 'ocean': 1, 'nature': 4, 'convenience': 3, 'parenting': 4, 'diy': 5}
Enriched: 栃木県栃木市河合町 -> Scores: {'farming': 4, 'ocean': 1, 'nature': 5, 'convenience': 2, 'parenting': 3, 'diy': 4}
     Processed 75/318
Enriched: 栃木県栃木市岩舟町静 -> Scores: {'farming': 5, 'ocean': 1, 'nature': 4, 'convenience': 3, 'parenting': 4, 'diy': 5}
Enriched: 栃木県栃木市片柳町１丁目 -> Scores: {'farming': 4, 'ocean': 1, 'nature': 5, 'convenience': 3, 'parenting': 4, 'diy': 5}
Enriched: 栃木県栃木市尻内町 -> Scores: {'farming': 4, 'ocean': 1, 'nature': 4, 'convenience': 2, 'parenting': 3, 'diy': 4}
Enriched: 栃木県栃木市片柳町５丁目 -> Scores: {'farming': 5, 'ocean': 1, 'nature': 5, 'convenience': 3, 'parenting': 4, 'diy': 2}
Enriched: 栃木県栃木市大平町西水代 -> Scores: {'farming': 5, 'ocean': 1, 'nature': 5, 'convenience': 3, 'parenting': 4, 'diy': 5}
     Processed 80/318
Enriched: 栃木県栃木市大平町富田 -> Scores: {'farming': 4, 'ocean': 1, 'nature': 4, 'convenience': 3, 'parenting': 5, 'diy': 3}
Enriched: 栃木県栃木市日ノ出町 -> Scores: {'farming': 4, 'ocean': 1, 'nature': 5, 'convenience': 3, 'parenting': 4, 'diy': 5}
Enriched: 栃木県栃木市大平町蔵井 -> Scores: {'farming': 4, 'ocean': 1, 'nature': 5, 'convenience': 3, 'parenting': 4, 'diy': 3}
Enriched: 栃木県栃木市嘉右衛門町 -> Scores: {'farming': 4, 'ocean': 1, 'nature': 4, 'convenience': 3, 'parenting': 4, 'diy': 5}
Enriched: 栃木県栃木市大平町西水代 -> Scores: {'farming': 5, 'ocean': 1, 'nature': 4, 'convenience': 3, 'parenting': 4, 'diy': 2}
     Processed 85/318
Enriched: 栃木県栃木市倭町 -> Scores: {'farming': 4, 'ocean': 1, 'nature': 4, 'convenience': 3, 'parenting': 5, 'diy': 4}
Enriched: 栃木県栃木市薗部町１丁目 -> Scores: {'farming': 4, 'ocean': 1, 'nature': 3, 'convenience': 3, 'parenting': 4, 'diy': 5}
Enriched: 栃木県栃木市片柳町２丁目 -> Scores: {'farming': 4, 'ocean': 1, 'nature': 4, 'convenience': 3, 'parenting': 4, 'diy': 4}
Enriched: 栃木県栃木市薗部町２丁目 -> Scores: {'farming': 4, 'ocean': 1, 'nature': 3, 'convenience': 3, 'parenting': 4, 'diy': 5}
Enriched: 栃木県栃木市薗部町２丁目 -> Scores: {'farming': 4, 'ocean': 1, 'nature': 4, 'convenience': 3, 'parenting': 4, 'diy': 3}
     Processed 90/318
Enriched: 栃木県栃木市本町 -> Scores: {'farming': 4, 'ocean': 1, 'nature': 4, 'convenience': 3, 'parenting': 4, 'diy': 5}
Enriched: 栃木県栃木市藤岡町藤岡 -> Scores: {'farming': 5, 'ocean': 1, 'nature': 5, 'convenience': 2, 'parenting': 4, 'diy': 3}
Enriched: 栃木県栃木市岩舟町下津原 -> Scores: {'farming': 4, 'ocean': 1, 'nature': 4, 'convenience': 3, 'parenting': 4, 'diy': 5}
Enriched: 栃木県栃木市西方町金崎 -> Scores: {'farming': 4, 'ocean': 1, 'nature': 4, 'convenience': 3, 'parenting': 3, 'diy': 5}
Enriched: 栃木県栃木市藤岡町藤岡 -> Scores: {'farming': 4, 'ocean': 1, 'nature': 4, 'convenience': 2, 'parenting': 3, 'diy': 5}
     Processed 95/318
Enriched: 栃木県栃木市城内町２丁目 -> Scores: {'farming': 3, 'ocean': 1, 'nature': 3, 'convenience': 4, 'parenting': 4, 'diy': 2}
Enriched: 栃木県栃木市岩舟町和泉 -> Scores: {'farming': 4, 'ocean': 1, 'nature': 5, 'convenience': 2, 'parenting': 3, 'diy': 4}
Enriched: 栃木県栃木市小平町 -> Scores: {'farming': 4, 'ocean': 1, 'nature': 5, 'convenience': 3, 'parenting': 4, 'diy': 5}
Enriched: 栃木県栃木市川原田町 -> Scores: {'farming': 4, 'ocean': 1, 'nature': 4, 'convenience': 3, 'parenting': 4, 'diy': 5}
Enriched: 栃木県栃木市薗部町１丁目 -> Scores: {'farming': 4, 'ocean': 1, 'nature': 3, 'convenience': 2, 'parenting': 3, 'diy': 4}
     Processed 100/318
Enriched: 栃木県栃木市大平町牛久 -> Scores: {'farming': 4, 'ocean': 1, 'nature': 4, 'convenience': 2, 'parenting': 3, 'diy': 5}
Enriched: 栃木県栃木市祝町 -> Scores: {'farming': 4, 'ocean': 1, 'nature': 4, 'convenience': 3, 'parenting': 4, 'diy': 5}
Enriched: 栃木県栃木市日ノ出町 -> Scores: {'farming': 4, 'ocean': 1, 'nature': 5, 'convenience': 2, 'parenting': 3, 'diy': 5}
Enriched: 栃木県栃木市岩舟町静 -> Scores: {'farming': 4, 'ocean': 1, 'nature': 4, 'convenience': 2, 'parenting': 3, 'diy': 4}
Enriched: 栃木県栃木市藤田町 -> Scores: {'farming': 4, 'ocean': 1, 'nature': 4, 'convenience': 3, 'parenting': 4, 'diy': 4}
     Processed 105/318
Enriched: 栃木県栃木市今泉町１丁目 -> Scores: {'farming': 4, 'ocean': 1, 'nature': 3, 'convenience': 3, 'parenting': 4, 'diy': 5}
Enriched: 栃木県栃木市今泉町１丁目 -> Scores: {'farming': 4, 'ocean': 1, 'nature': 4, 'convenience': 3, 'parenting': 4, 'diy': 5}
Enriched: 栃木県栃木市片柳町１丁目 -> Scores: {'farming': 4, 'ocean': 1, 'nature': 4, 'convenience': 3, 'parenting': 5, 'diy': 3}
Enriched: 栃木県栃木市今泉町２丁目 -> Scores: {'farming': 4, 'ocean': 1, 'nature': 3, 'convenience': 2, 'parenting': 4, 'diy': 4}
Enriched: 栃木県栃木市岩舟町下津原 -> Scores: {'farming': 4, 'ocean': 1, 'nature': 4, 'convenience': 3, 'parenting': 5, 'diy': 4}
     Processed 110/318
Enriched: 栃木県栃木市都賀町合戦場 -> Scores: {'farming': 5, 'ocean': 1, 'nature': 4, 'convenience': 2, 'parenting': 3, 'diy': 5}
Enriched: 栃木県栃木市平井町 -> Scores: {'farming': 5, 'ocean': 1, 'nature': 5, 'convenience': 2, 'parenting': 4, 'diy': 3}
Enriched: 栃木県栃木市大平町牛久 -> Scores: {'farming': 5, 'ocean': 1, 'nature': 4, 'convenience': 3, 'parenting': 4, 'diy': 5}
Enriched: 栃木県栃木市藤岡町大前 -> Scores: {'farming': 4, 'ocean': 1, 'nature': 4, 'convenience': 3, 'parenting': 4, 'diy': 2}
Enriched: 栃木県佐野市富岡町 -> Scores: {'farming': 5, 'ocean': 1, 'nature': 4, 'convenience': 3, 'parenting': 4, 'diy': 3}
     Processed 115/318
Enriched: 栃木県矢板市玉田 -> Scores: {'farming': 5, 'ocean': 1, 'nature': 4, 'convenience': 2, 'parenting': 3, 'diy': 4}
Enriched: 栃木県矢板市乙畑 -> Scores: {'farming': 4, 'ocean': 1, 'nature': 4, 'convenience': 2, 'parenting': 3, 'diy': 3}
Enriched: 栃木県佐野市牧町 -> Scores: {'farming': 4, 'ocean': 1, 'nature': 5, 'convenience': 2, 'parenting': 3, 'diy': 4}
Enriched: 栃木県足利市助戸新山町 -> Scores: {'farming': 5, 'ocean': 1, 'nature': 4, 'convenience': 3, 'parenting': 4, 'diy': 3}
Enriched: 栃木県下野市薬師寺 -> Scores: {'farming': 4, 'ocean': 1, 'nature': 5, 'convenience': 3, 'parenting': 4, 'diy': 5}
     Processed 120/318
Enriched: 栃木県足利市山川町 -> Scores: {'farming': 4, 'ocean': 1, 'nature': 5, 'convenience': 3, 'parenting': 4, 'diy': 4}
Enriched: 栃木県足利市助戸新山町 -> Scores: {'farming': 5, 'ocean': 1, 'nature': 4, 'convenience': 3, 'parenting': 4, 'diy': 3}
Enriched: 栃木県矢板市玉田 -> Scores: {'farming': 4, 'ocean': 1, 'nature': 5, 'convenience': 3, 'parenting': 4, 'diy': 5}
Enriched: 栃木県日光市所野 -> Scores: {'farming': 4, 'ocean': 1, 'nature': 5, 'convenience': 2, 'parenting': 3, 'diy': 4}
Enriched: 栃木県日光市小佐越 -> Scores: {'farming': 4, 'ocean': 1, 'nature': 5, 'convenience': 3, 'parenting': 4, 'diy': 2}
     Processed 125/318
Enriched: 栃木県下野市仁良川 -> Scores: {'farming': 5, 'ocean': 1, 'nature': 4, 'convenience': 2, 'parenting': 3, 'diy': 4}
Enriched: 栃木県足利市本城１丁目 -> Scores: {'farming': 4, 'ocean': 1, 'nature': 5, 'convenience': 3, 'parenting': 4, 'diy': 4}
Enriched: 栃木県那須塩原市西富山 -> Scores: {'farming': 4, 'ocean': 1, 'nature': 5, 'convenience': 2, 'parenting': 3, 'diy': 5}
Enriched: 栃木県那須塩原市東原 -> Scores: {'farming': 4, 'ocean': 1, 'nature': 5, 'convenience': 3, 'parenting': 4, 'diy': 4}
Enriched: 栃木県那須塩原市上塩原 -> Scores: {'farming': 4, 'ocean': 1, 'nature': 5, 'convenience': 2, 'parenting': 3, 'diy': 4}
     Processed 130/318
Enriched: 栃木県芳賀郡益子町大字塙 -> Scores: {'farming': 5, 'ocean': 1, 'nature': 5, 'convenience': 2, 'parenting': 3, 'diy': 4}
Enriched: 栃木県芳賀郡益子町大字塙 -> Scores: {'farming': 5, 'ocean': 1, 'nature': 4, 'convenience': 2, 'parenting': 3, 'diy': 5}
Enriched: 栃木県足利市五十部町 -> Scores: {'farming': 4, 'ocean': 1, 'nature': 5, 'convenience': 3, 'parenting': 4, 'diy': 3}
Enriched: 栃木県佐野市豊代町 -> Scores: {'farming': 4, 'ocean': 1, 'nature': 5, 'convenience': 3, 'parenting': 4, 'diy': 5}
Enriched: 栃木県芳賀郡益子町大字塙 -> Scores: {'farming': 5, 'ocean': 1, 'nature': 5, 'convenience': 2, 'parenting': 4, 'diy': 4}
     Processed 135/318
Enriched: 栃木県芳賀郡益子町大字益子 -> Scores: {'farming': 3, 'ocean': 1, 'nature': 4, 'convenience': 3, 'parenting': 4, 'diy': 3}
Enriched: 栃木県矢板市石関 -> Scores: {'farming': 5, 'ocean': 1, 'nature': 5, 'convenience': 2, 'parenting': 3, 'diy': 4}
Enriched: 栃木県矢板市塩田 -> Scores: {'farming': 5, 'ocean': 1, 'nature': 4, 'convenience': 2, 'parenting': 3, 'diy': 4}
Enriched: 栃木県芳賀郡茂木町大字茂木 -> Scores: {'farming': 4, 'ocean': 1, 'nature': 5, 'convenience': 2, 'parenting': 4, 'diy': 5}
Enriched: 栃木県芳賀郡茂木町大字北高岡 -> Scores: {'farming': 5, 'ocean': 2, 'nature': 4, 'convenience': 3, 'parenting': 4, 'diy': 3}
     Processed 140/318
Enriched: 栃木県真岡市白布ケ丘 -> Scores: {'farming': 4, 'ocean': 1, 'nature': 5, 'convenience': 2, 'parenting': 3, 'diy': 5}
Enriched: 栃木県河内郡上三川町大字下神主 -> Scores: {'farming': 4, 'ocean': 1, 'nature': 5, 'convenience': 2, 'parenting': 3, 'diy': 5}
Enriched: 栃木県真岡市沖 -> Scores: {'farming': 4, 'ocean': 1, 'nature': 4, 'convenience': 2, 'parenting': 3, 'diy': 5}
Enriched: 栃木県矢板市玉田 -> Scores: {'farming': 4, 'ocean': 1, 'nature': 5, 'convenience': 2, 'parenting': 3, 'diy': 4}
Enriched: 栃木県矢板市中 -> Scores: {'farming': 5, 'ocean': 1, 'nature': 5, 'convenience': 2, 'parenting': 3, 'diy': 4}
     Processed 145/318
Enriched: 栃木県矢板市塩田 -> Scores: {'farming': 4, 'ocean': 1, 'nature': 5, 'convenience': 3, 'parenting': 4, 'diy': 4}
Enriched: 栃木県矢板市塩田 -> Scores: {'farming': 5, 'ocean': 1, 'nature': 5, 'convenience': 2, 'parenting': 3, 'diy': 4}
Enriched: 栃木県真岡市沖 -> Scores: {'farming': 4, 'ocean': 1, 'nature': 5, 'convenience': 2, 'parenting': 3, 'diy': 5}
Enriched: 栃木県足利市赤松台２丁目 -> Scores: {'farming': 4, 'ocean': 1, 'nature': 4, 'convenience': 3, 'parenting': 4, 'diy': 4}
Enriched: 栃木県矢板市乙畑 -> Scores: {'farming': 5, 'ocean': 1, 'nature': 4, 'convenience': 3, 'parenting': 4, 'diy': 5}
     Processed 150/318
Enriched: 栃木県那須郡那珂川町恩田 -> Scores: {'farming': 5, 'ocean': 1, 'nature': 5, 'convenience': 2, 'parenting': 4, 'diy': 3}
Enriched: 栃木県那須郡那珂川町大山田上郷 -> Scores: {'farming': 4, 'ocean': 1, 'nature': 5, 'convenience': 2, 'parenting': 3, 'diy': 5}
Enriched: 栃木県那須郡那珂川町谷川 -> Scores: {'farming': 4, 'ocean': 2, 'nature': 5, 'convenience': 3, 'parenting': 4, 'diy': 5}
Enriched: 栃木県那須郡那珂川町小川 -> Scores: {'farming': 3, 'ocean': 1, 'nature': 5, 'convenience': 2, 'parenting': 3, 'diy': 4}
Enriched: 栃木県那須郡那珂川町大山田上郷 -> Scores: {'farming': 5, 'ocean': 1, 'nature': 5, 'convenience': 3, 'parenting': 4, 'diy': 4}
     Processed 155/318
Enriched: 栃木県芳賀郡茂木町大字坂井 -> Scores: {'farming': 5, 'ocean': 1, 'nature': 4, 'convenience': 2, 'parenting': 3, 'diy': 4}
Enriched: 栃木県芳賀郡茂木町大字牧野 -> Scores: {'farming': 4, 'ocean': 1, 'nature': 5, 'convenience': 2, 'parenting': 4, 'diy': 4}
Enriched: 栃木県芳賀郡茂木町大字茂木 -> Scores: {'farming': 4, 'ocean': 1, 'nature': 5, 'convenience': 2, 'parenting': 3, 'diy': 4}
Enriched: 栃木県芳賀郡茂木町大字茂木 -> Scores: {'farming': 5, 'ocean': 1, 'nature': 5, 'convenience': 2, 'parenting': 4, 'diy': 3}
Enriched: 栃木県芳賀郡茂木町大字馬門 -> Scores: {'farming': 5, 'ocean': 1, 'nature': 5, 'convenience': 2, 'parenting': 3, 'diy': 4}
     Processed 160/318
Enriched: 栃木県芳賀郡茂木町大字三坂 -> Scores: {'farming': 5, 'ocean': 1, 'nature': 5, 'convenience': 2, 'parenting': 4, 'diy': 3}
Enriched: 栃木県芳賀郡茂木町大字茂木 -> Scores: {'farming': 5, 'ocean': 1, 'nature': 4, 'convenience': 2, 'parenting': 3, 'diy': 4}
Enriched: 栃木県芳賀郡茂木町大字小井戸 -> Scores: {'farming': 4, 'ocean': 2, 'nature': 5, 'convenience': 3, 'parenting': 4, 'diy': 5}
Enriched: 栃木県芳賀郡茂木町大字山内 -> Scores: {'farming': 5, 'ocean': 1, 'nature': 5, 'convenience': 2, 'parenting': 4, 'diy': 5}
Enriched: 栃木県芳賀郡茂木町大字小井戸 -> Scores: {'farming': 4, 'ocean': 1, 'nature': 5, 'convenience': 2, 'parenting': 4, 'diy': 4}
     Processed 165/318
Enriched: 栃木県芳賀郡茂木町大字茂木 -> Scores: {'farming': 4, 'ocean': 1, 'nature': 5, 'convenience': 2, 'parenting': 3, 'diy': 4}
Enriched: 栃木県芳賀郡茂木町大字飯野 -> Scores: {'farming': 4, 'ocean': 1, 'nature': 5, 'convenience': 2, 'parenting': 4, 'diy': 4}
Enriched: 栃木県芳賀郡茂木町大字坂井 -> Scores: {'farming': 4, 'ocean': 1, 'nature': 5, 'convenience': 2, 'parenting': 3, 'diy': 3}
Enriched: 栃木県芳賀郡茂木町大字塩田 -> Scores: {'farming': 4, 'ocean': 1, 'nature': 5, 'convenience': 2, 'parenting': 3, 'diy': 4}
Enriched: 栃木県足利市通６丁目 -> Scores: {'farming': 4, 'ocean': 1, 'nature': 4, 'convenience': 4, 'parenting': 4, 'diy': 3}
     Processed 170/318
Enriched: 栃木県足利市通６丁目 -> Scores: {'farming': 4, 'ocean': 1, 'nature': 4, 'convenience': 3, 'parenting': 4, 'diy': 4}
Enriched: 栃木県芳賀郡茂木町大字塩田 -> Scores: {'farming': 5, 'ocean': 1, 'nature': 4, 'convenience': 2, 'parenting': 3, 'diy': 4}
Enriched: 栃木県下都賀郡野木町大字南赤塚 -> Scores: {'farming': 4, 'ocean': 1, 'nature': 4, 'convenience': 3, 'parenting': 4, 'diy': 5}
Enriched: 栃木県芳賀郡市貝町大字市塙 -> Scores: {'farming': 5, 'ocean': 1, 'nature': 5, 'convenience': 2, 'parenting': 3, 'diy': 4}
Enriched: 栃木県芳賀郡市貝町大字市塙 -> Scores: {'farming': 5, 'ocean': 1, 'nature': 4, 'convenience': 2, 'parenting': 3, 'diy': 4}
     Processed 175/318
Enriched: 栃木県塩谷郡塩谷町大字田所 -> Scores: {'farming': 5, 'ocean': 1, 'nature': 5, 'convenience': 2, 'parenting': 4, 'diy': 3}
Enriched: 栃木県塩谷郡塩谷町大字玉生 -> Scores: {'farming': 5, 'ocean': 1, 'nature': 5, 'convenience': 2, 'parenting': 3, 'diy': 4}
Enriched: 栃木県那須烏山市月次 -> Scores: {'farming': 4, 'ocean': 1, 'nature': 5, 'convenience': 2, 'parenting': 3, 'diy': 4}
Enriched: 栃木県那須烏山市鴻野山 -> Scores: {'farming': 4, 'ocean': 1, 'nature': 5, 'convenience': 2, 'parenting': 3, 'diy': 4}
Enriched: 栃木県那須烏山市三箇 -> Scores: {'farming': 4, 'ocean': 1, 'nature': 5, 'convenience': 2, 'parenting': 3, 'diy': 4}
     Processed 180/318
Enriched: 栃木県鹿沼市西鹿沼町 -> Scores: {'farming': 4, 'ocean': 1, 'nature': 5, 'convenience': 3, 'parenting': 4, 'diy': 5}
Enriched: 栃木県鹿沼市磯町 -> Scores: {'farming': 5, 'ocean': 1, 'nature': 5, 'convenience': 2, 'parenting': 3, 'diy': 4}
Enriched: 栃木県鹿沼市上殿町 -> Scores: {'farming': 4, 'ocean': 1, 'nature': 5, 'convenience': 2, 'parenting': 3, 'diy': 4}
Enriched: 栃木県鹿沼市上殿町 -> Scores: {'farming': 4, 'ocean': 1, 'nature': 5, 'convenience': 3, 'parenting': 4, 'diy': 5}
Enriched: 栃木県鹿沼市上野町 -> Scores: {'farming': 4, 'ocean': 1, 'nature': 5, 'convenience': 3, 'parenting': 4, 'diy': 5}
     Processed 185/318
Enriched: 栃木県栃木市大平町西水代 -> Scores: {'farming': 4, 'ocean': 1, 'nature': 5, 'convenience': 3, 'parenting': 4, 'diy': 5}
Enriched: 栃木県栃木市川原田町 -> Scores: {'farming': 4, 'ocean': 1, 'nature': 5, 'convenience': 3, 'parenting': 4, 'diy': 5}
Enriched: 栃木県佐野市田沼町 -> Scores: {'farming': 5, 'ocean': 1, 'nature': 4, 'convenience': 2, 'parenting': 3, 'diy': 4}
Enriched: 栃木県栃木市薗部町２丁目 -> Scores: {'farming': 4, 'ocean': 1, 'nature': 4, 'convenience': 3, 'parenting': 4, 'diy': 5}
Enriched: 栃木県栃木市今泉町２丁目 -> Scores: {'farming': 4, 'ocean': 1, 'nature': 4, 'convenience': 3, 'parenting': 4, 'diy': 5}
     Processed 190/318
Enriched: 栃木県栃木市大平町西野田 -> Scores: {'farming': 4, 'ocean': 1, 'nature': 3, 'convenience': 3, 'parenting': 4, 'diy': 2}
Enriched: 栃木県栃木市岩舟町小野寺 -> Scores: {'farming': 5, 'ocean': 1, 'nature': 4, 'convenience': 2, 'parenting': 3, 'diy': 4}
Enriched: 栃木県栃木市岩舟町静和 -> Scores: {'farming': 4, 'ocean': 1, 'nature': 4, 'convenience': 2, 'parenting': 3, 'diy': 5}
Enriched: 栃木県栃木市平柳町３丁目 -> Scores: {'farming': 4, 'ocean': 1, 'nature': 4, 'convenience': 3, 'parenting': 4, 'diy': 5}
Enriched: 栃木県栃木市柳橋町 -> Scores: {'farming': 4, 'ocean': 1, 'nature': 5, 'convenience': 2, 'parenting': 3, 'diy': 5}
     Processed 195/318
Enriched: 栃木県栃木市城内町２丁目 -> Scores: {'farming': 5, 'ocean': 1, 'nature': 4, 'convenience': 3, 'parenting': 4, 'diy': 3}
Enriched: 栃木県栃木市惣社町 -> Scores: {'farming': 5, 'ocean': 1, 'nature': 4, 'convenience': 2, 'parenting': 3, 'diy': 4}
Enriched: 栃木県栃木市祝町 -> Scores: {'farming': 4, 'ocean': 1, 'nature': 4, 'convenience': 2, 'parenting': 4, 'diy': 5}
Enriched: 栃木県栃木市祝町 -> Scores: {'farming': 4, 'ocean': 1, 'nature': 5, 'convenience': 3, 'parenting': 3, 'diy': 4}
Enriched: 栃木県矢板市針生 -> Scores: {'farming': 5, 'ocean': 1, 'nature': 5, 'convenience': 2, 'parenting': 3, 'diy': 4}
     Processed 200/318
Enriched: 栃木県矢板市館ノ川 -> Scores: {'farming': 5, 'ocean': 1, 'nature': 5, 'convenience': 3, 'parenting': 4, 'diy': 5}
Enriched: 栃木県矢板市成田 -> Scores: {'farming': 5, 'ocean': 1, 'nature': 4, 'convenience': 2, 'parenting': 3, 'diy': 4}
Enriched: 栃木県足利市新宿町 -> Scores: {'farming': 5, 'ocean': 1, 'nature': 4, 'convenience': 3, 'parenting': 4, 'diy': 2}
Enriched: 栃木県足利市今福町 -> Scores: {'farming': 5, 'ocean': 1, 'nature': 5, 'convenience': 3, 'parenting': 4, 'diy': 4}
Enriched: 栃木県足利市今福町 -> Scores: {'farming': 5, 'ocean': 1, 'nature': 4, 'convenience': 2, 'parenting': 3, 'diy': 4}
     Processed 205/318
Enriched: 栃木県足利市名草上町 -> Scores: {'farming': 4, 'ocean': 2, 'nature': 5, 'convenience': 4, 'parenting': 5, 'diy': 3}
Enriched: 栃木県那須塩原市埼玉 -> Scores: {'farming': 4, 'ocean': 1, 'nature': 5, 'convenience': 2, 'parenting': 3, 'diy': 4}
Enriched: 栃木県真岡市八木岡 -> Scores: {'farming': 4, 'ocean': 1, 'nature': 5, 'convenience': 3, 'parenting': 4, 'diy': 4}
Enriched: 栃木県真岡市台町 -> Scores: {'farming': 4, 'ocean': 1, 'nature': 4, 'convenience': 3, 'parenting': 4, 'diy': 5}
Enriched: 栃木県那須塩原市太夫塚３丁目 -> Scores: {'farming': 4, 'ocean': 1, 'nature': 5, 'convenience': 2, 'parenting': 3, 'diy': 4}
     Processed 210/318
Enriched: 栃木県那須塩原市南町 -> Scores: {'farming': 4, 'ocean': 2, 'nature': 5, 'convenience': 3, 'parenting': 4, 'diy': 4}
Enriched: 栃木県矢板市成田 -> Scores: {'farming': 5, 'ocean': 1, 'nature': 4, 'convenience': 2, 'parenting': 3, 'diy': 5}
Enriched: 栃木県矢板市成田 -> Scores: {'farming': 4, 'ocean': 1, 'nature': 5, 'convenience': 2, 'parenting': 3, 'diy': 4}
Enriched: 栃木県矢板市成田 -> Scores: {'farming': 5, 'ocean': 1, 'nature': 4, 'convenience': 2, 'parenting': 3, 'diy': 4}
Enriched: 栃木県矢板市成田 -> Scores: {'farming': 5, 'ocean': 1, 'nature': 5, 'convenience': 2, 'parenting': 3, 'diy': 4}
     Processed 215/318
Enriched: 栃木県矢板市塩田 -> Scores: {'farming': 5, 'ocean': 1, 'nature': 4, 'convenience': 2, 'parenting': 3, 'diy': 3}
Enriched: 栃木県矢板市成田 -> Scores: {'farming': 5, 'ocean': 1, 'nature': 4, 'convenience': 2, 'parenting': 3, 'diy': 4}
Enriched: 栃木県矢板市成田 -> Scores: {'farming': 5, 'ocean': 1, 'nature': 5, 'convenience': 2, 'parenting': 4, 'diy': 3}
Enriched: 栃木県矢板市成田 -> Scores: {'farming': 5, 'ocean': 1, 'nature': 4, 'convenience': 2, 'parenting': 3, 'diy': 4}
Enriched: 栃木県矢板市塩田 -> Scores: {'farming': 5, 'ocean': 1, 'nature': 5, 'convenience': 2, 'parenting': 4, 'diy': 5}
     Processed 220/318
Enriched: 栃木県矢板市成田 -> Scores: {'farming': 4, 'ocean': 1, 'nature': 5, 'convenience': 2, 'parenting': 3, 'diy': 4}
Enriched: 栃木県矢板市塩田 -> Scores: {'farming': 4, 'ocean': 1, 'nature': 5, 'convenience': 3, 'parenting': 4, 'diy': 2}
Enriched: 栃木県矢板市成田 -> Scores: {'farming': 5, 'ocean': 1, 'nature': 5, 'convenience': 2, 'parenting': 3, 'diy': 4}
Enriched: 栃木県矢板市成田 -> Scores: {'farming': 4, 'ocean': 1, 'nature': 5, 'convenience': 2, 'parenting': 3, 'diy': 3}
Enriched: 栃木県矢板市玉田 -> Scores: {'farming': 5, 'ocean': 1, 'nature': 4, 'convenience': 2, 'parenting': 3, 'diy': 3}
     Processed 225/318
Enriched: 栃木県矢板市成田 -> Scores: {'farming': 4, 'ocean': 1, 'nature': 5, 'convenience': 3, 'parenting': 4, 'diy': 5}
Enriched: 栃木県矢板市成田 -> Scores: {'farming': 5, 'ocean': 1, 'nature': 5, 'convenience': 3, 'parenting': 4, 'diy': 5}
Enriched: 栃木県矢板市成田 -> Scores: {'farming': 5, 'ocean': 1, 'nature': 5, 'convenience': 2, 'parenting': 4, 'diy': 3}
Enriched: 栃木県矢板市成田 -> Scores: {'farming': 4, 'ocean': 1, 'nature': 5, 'convenience': 2, 'parenting': 3, 'diy': 4}
Enriched: 栃木県矢板市成田 -> Scores: {'farming': 5, 'ocean': 1, 'nature': 4, 'convenience': 3, 'parenting': 4, 'diy': 5}
     Processed 230/318
Enriched: 栃木県矢板市成田 -> Scores: {'farming': 5, 'ocean': 1, 'nature': 5, 'convenience': 3, 'parenting': 4, 'diy': 2}
Enriched: 栃木県矢板市荒井 -> Scores: {'farming': 5, 'ocean': 1, 'nature': 5, 'convenience': 2, 'parenting': 4, 'diy': 3}
Enriched: 栃木県矢板市上伊佐野 -> Scores: {'farming': 5, 'ocean': 1, 'nature': 5, 'convenience': 3, 'parenting': 4, 'diy': 4}
Enriched: 栃木県矢板市荒井 -> Scores: {'farming': 5, 'ocean': 1, 'nature': 5, 'convenience': 2, 'parenting': 4, 'diy': 3}
Enriched: 栃木県矢板市片岡 -> Scores: {'farming': 5, 'ocean': 1, 'nature': 5, 'convenience': 2, 'parenting': 4, 'diy': 3}
     Processed 235/318
Enriched: 栃木県矢板市中 -> Scores: {'farming': 5, 'ocean': 1, 'nature': 4, 'convenience': 2, 'parenting': 3, 'diy': 4}
Enriched: 栃木県矢板市成田 -> Scores: {'farming': 4, 'ocean': 1, 'nature': 4, 'convenience': 2, 'parenting': 3, 'diy': 3}
Enriched: 栃木県矢板市成田 -> Scores: {'farming': 5, 'ocean': 1, 'nature': 5, 'convenience': 2, 'parenting': 4, 'diy': 5}
Enriched: 栃木県鹿沼市板荷 -> Scores: {'farming': 5, 'ocean': 1, 'nature': 4, 'convenience': 2, 'parenting': 3, 'diy': 5}
Enriched: 栃木県鹿沼市東町１丁目 -> Scores: {'farming': 4, 'ocean': 1, 'nature': 5, 'convenience': 3, 'parenting': 4, 'diy': 4}
     Processed 240/318
Enriched: 栃木県足利市名草上町 -> Scores: {'farming': 4, 'ocean': 1, 'nature': 4, 'convenience': 3, 'parenting': 4, 'diy': 4}
Enriched: 栃木県足利市八椚町 -> Scores: {'farming': 5, 'ocean': 1, 'nature': 5, 'convenience': 3, 'parenting': 4, 'diy': 5}
Enriched: 栃木県栃木市藤岡町都賀 -> Scores: {'farming': 5, 'ocean': 1, 'nature': 5, 'convenience': 2, 'parenting': 4, 'diy': 3}
Enriched: 栃木県栃木市藤岡町都賀 -> Scores: {'farming': 5, 'ocean': 1, 'nature': 5, 'convenience': 3, 'parenting': 4, 'diy': 2}
Enriched: 栃木県栃木市藤岡町藤岡 -> Scores: {'farming': 4, 'ocean': 1, 'nature': 5, 'convenience': 3, 'parenting': 4, 'diy': 5}
     Processed 245/318
Enriched: 栃木県栃木市都賀町家中 -> Scores: {'farming': 5, 'ocean': 1, 'nature': 4, 'convenience': 2, 'parenting': 3, 'diy': 3}
Enriched: 栃木県栃木市柳橋町 -> Scores: {'farming': 5, 'ocean': 1, 'nature': 4, 'convenience': 3, 'parenting': 4, 'diy': 5}
Enriched: 栃木県栃木市嘉右衛門町 -> Scores: {'farming': 4, 'ocean': 1, 'nature': 3, 'convenience': 3, 'parenting': 4, 'diy': 5}
Enriched: 栃木県鹿沼市板荷 -> Scores: {'farming': 5, 'ocean': 1, 'nature': 5, 'convenience': 2, 'parenting': 4, 'diy': 3}
Enriched: 栃木県鹿沼市板荷 -> Scores: {'farming': 5, 'ocean': 1, 'nature': 4, 'convenience': 2, 'parenting': 3, 'diy': 4}
     Processed 250/318
Enriched: 栃木県栃木市大塚町 -> Scores: {'farming': 4, 'ocean': 1, 'nature': 4, 'convenience': 3, 'parenting': 4, 'diy': 3}
Enriched: 栃木県栃木市片柳町４丁目 -> Scores: {'farming': 5, 'ocean': 1, 'nature': 4, 'convenience': 3, 'parenting': 3, 'diy': 4}
Enriched: 栃木県栃木市薗部町２丁目 -> Scores: {'farming': 5, 'ocean': 1, 'nature': 4, 'convenience': 3, 'parenting': 4, 'diy': 5}
Enriched: 栃木県足利市江川町 -> Scores: {'farming': 5, 'ocean': 1, 'nature': 5, 'convenience': 2, 'parenting': 3, 'diy': 4}
Enriched: 栃木県足利市山川町 -> Scores: {'farming': 5, 'ocean': 1, 'nature': 5, 'convenience': 2, 'parenting': 4, 'diy': 4}
     Processed 255/318
Enriched: 栃木県鹿沼市府所町 -> Scores: {'farming': 5, 'ocean': 1, 'nature': 4, 'convenience': 2, 'parenting': 3, 'diy': 4}
Enriched: 栃木県栃木市藤岡町甲 -> Scores: {'farming': 4, 'ocean': 1, 'nature': 4, 'convenience': 3, 'parenting': 4, 'diy': 3}
Enriched: 栃木県栃木市城内町１丁目 -> Scores: {'farming': 4, 'ocean': 1, 'nature': 3, 'convenience': 3, 'parenting': 4, 'diy': 5}
Enriched: 栃木県栃木市今泉町１丁目 -> Scores: {'farming': 5, 'ocean': 1, 'nature': 4, 'convenience': 3, 'parenting': 4, 'diy': 5}
Enriched: 栃木県栃木市薗部町２丁目 -> Scores: {'farming': 5, 'ocean': 1, 'nature': 4, 'convenience': 3, 'parenting': 4, 'diy': 5}
     Processed 260/318
Enriched: 栃木県栃木市藤岡町赤麻 -> Scores: {'farming': 5, 'ocean': 1, 'nature': 4, 'convenience': 3, 'parenting': 4, 'diy': 2}
Enriched: 栃木県栃木市富士見町 -> Scores: {'farming': 5, 'ocean': 1, 'nature': 4, 'convenience': 2, 'parenting': 3, 'diy': 4}
Enriched: 栃木県栃木市祝町 -> Scores: {'farming': 4, 'ocean': 1, 'nature': 4, 'convenience': 3, 'parenting': 4, 'diy': 3}
Enriched: 栃木県栃木市薗部町３丁目 -> Scores: {'farming': 4, 'ocean': 1, 'nature': 4, 'convenience': 3, 'parenting': 4, 'diy': 5}
Enriched: 栃木県鹿沼市北半田 -> Scores: {'farming': 5, 'ocean': 1, 'nature': 5, 'convenience': 3, 'parenting': 4, 'diy': 5}
     Processed 265/318
Enriched: 栃木県鹿沼市久野 -> Scores: {'farming': 4, 'ocean': 1, 'nature': 3, 'convenience': 2, 'parenting': 3, 'diy': 5}
Enriched: 栃木県鹿沼市三幸町 -> Scores: {'farming': 5, 'ocean': 1, 'nature': 4, 'convenience': 2, 'parenting': 4, 'diy': 5}
Enriched: 栃木県鹿沼市板荷 -> Scores: {'farming': 5, 'ocean': 1, 'nature': 5, 'convenience': 2, 'parenting': 4, 'diy': 3}
Enriched: 栃木県鹿沼市北半田 -> Scores: {'farming': 5, 'ocean': 1, 'nature': 5, 'convenience': 3, 'parenting': 4, 'diy': 3}
Enriched: 栃木県鹿沼市樅山町 -> Scores: {'farming': 4, 'ocean': 1, 'nature': 5, 'convenience': 3, 'parenting': 4, 'diy': 3}
     Processed 270/318
Enriched: 栃木県佐野市大橋町 -> Scores: {'farming': 4, 'ocean': 1, 'nature': 4, 'convenience': 2, 'parenting': 3, 'diy': 5}
Enriched: 栃木県鹿沼市北半田 -> Scores: {'farming': 4, 'ocean': 1, 'nature': 5, 'convenience': 2, 'parenting': 3, 'diy': 4}
Enriched: 栃木県鹿沼市北半田 -> Scores: {'farming': 4, 'ocean': 1, 'nature': 5, 'convenience': 3, 'parenting': 4, 'diy': 4}
Enriched: 栃木県鹿沼市北半田 -> Scores: {'farming': 4, 'ocean': 1, 'nature': 5, 'convenience': 2, 'parenting': 3, 'diy': 4}
Enriched: 栃木県鹿沼市日吉町 -> Scores: {'farming': 5, 'ocean': 1, 'nature': 4, 'convenience': 2, 'parenting': 3, 'diy': 4}
     Processed 275/318
Enriched: 栃木県鹿沼市府所本町 -> Scores: {'farming': 5, 'ocean': 1, 'nature': 5, 'convenience': 3, 'parenting': 4, 'diy': 5}
Enriched: 栃木県鹿沼市板荷 -> Scores: {'farming': 5, 'ocean': 1, 'nature': 5, 'convenience': 3, 'parenting': 4, 'diy': 4}
Enriched: 栃木県鹿沼市府所本町 -> Scores: {'farming': 5, 'ocean': 1, 'nature': 5, 'convenience': 2, 'parenting': 4, 'diy': 5}
Enriched: 栃木県栃木市城内町２丁目 -> Scores: {'farming': 4, 'ocean': 1, 'nature': 4, 'convenience': 3, 'parenting': 3, 'diy': 5}
Enriched: 栃木県栃木市片柳町１丁目 -> Scores: {'farming': 3, 'ocean': 1, 'nature': 4, 'convenience': 3, 'parenting': 4, 'diy': 2}
     Processed 280/318
Enriched: 栃木県栃木市薗部町１丁目 -> Scores: {'farming': 4, 'ocean': 1, 'nature': 4, 'convenience': 3, 'parenting': 4, 'diy': 4}
Enriched: 栃木県栃木市薗部町１丁目 -> Scores: {'farming': 5, 'ocean': 1, 'nature': 4, 'convenience': 3, 'parenting': 4, 'diy': 5}
Enriched: 栃木県栃木市藤岡町藤岡 -> Scores: {'farming': 4, 'ocean': 1, 'nature': 5, 'convenience': 3, 'parenting': 4, 'diy': 5}
Enriched: 栃木県栃木市湊町 -> Scores: {'farming': 5, 'ocean': 1, 'nature': 4, 'convenience': 3, 'parenting': 4, 'diy': 5}
Enriched: 栃木県栃木市藤岡町藤岡 -> Scores: {'farming': 4, 'ocean': 1, 'nature': 5, 'convenience': 3, 'parenting': 4, 'diy': 5}
     Processed 285/318
Enriched: 栃木県栃木市旭町 -> Scores: {'farming': 4, 'ocean': 1, 'nature': 4, 'convenience': 2, 'parenting': 3, 'diy': 5}
Enriched: 栃木県栃木市薗部町２丁目 -> Scores: {'farming': 4, 'ocean': 1, 'nature': 4, 'convenience': 3, 'parenting': 4, 'diy': 5}
Enriched: 栃木県栃木市藤岡町甲 -> Scores: {'farming': 5, 'ocean': 1, 'nature': 4, 'convenience': 2, 'parenting': 3, 'diy': 4}
Enriched: 栃木県栃木市都賀町家中 -> Scores: {'farming': 5, 'ocean': 1, 'nature': 4, 'convenience': 3, 'parenting': 4, 'diy': 5}
Enriched: 栃木県栃木市柳橋町 -> Scores: {'farming': 4, 'ocean': 1, 'nature': 3, 'convenience': 2, 'parenting': 3, 'diy': 4}
     Processed 290/318
Enriched: 栃木県栃木市藤岡町藤岡 -> Scores: {'farming': 4, 'ocean': 1, 'nature': 5, 'convenience': 3, 'parenting': 4, 'diy': 3}
Enriched: 栃木県栃木市岩舟町和泉 -> Scores: {'farming': 5, 'ocean': 1, 'nature': 4, 'convenience': 2, 'parenting': 3, 'diy': 4}
Enriched: 栃木県栃木市藤岡町大前 -> Scores: {'farming': 4, 'ocean': 1, 'nature': 5, 'convenience': 2, 'parenting': 4, 'diy': 5}
Enriched: 栃木県栃木市片柳町４丁目 -> Scores: {'farming': 4, 'ocean': 1, 'nature': 5, 'convenience': 2, 'parenting': 3, 'diy': 4}
Enriched: 栃木県栃木市泉川町 -> Scores: {'farming': 4, 'ocean': 1, 'nature': 5, 'convenience': 3, 'parenting': 4, 'diy': 5}
     Processed 295/318
Enriched: 栃木県佐野市大橋町 -> Scores: {'farming': 4, 'ocean': 1, 'nature': 5, 'convenience': 2, 'parenting': 3, 'diy': 4}
Enriched: 栃木県芳賀郡茂木町大字茂木 -> Scores: {'farming': 3, 'ocean': 1, 'nature': 5, 'convenience': 3, 'parenting': 4, 'diy': 2}
Enriched: 栃木県芳賀郡茂木町大字茂木 -> Scores: {'farming': 4, 'ocean': 1, 'nature': 5, 'convenience': 2, 'parenting': 3, 'diy': 4}
Enriched: 栃木県芳賀郡茂木町大字坂井 -> Scores: {'farming': 4, 'ocean': 1, 'nature': 4, 'convenience': 2, 'parenting': 3, 'diy': 4}
Enriched: 栃木県栃木市旭町 -> Scores: {'farming': 5, 'ocean': 1, 'nature': 4, 'convenience': 2, 'parenting': 3, 'diy': 4}
     Processed 300/318
Enriched: 栃木県栃木市柳橋町 -> Scores: {'farming': 5, 'ocean': 1, 'nature': 4, 'convenience': 3, 'parenting': 4, 'diy': 2}
Enriched: 栃木県栃木市都賀町升塚 -> Scores: {'farming': 4, 'ocean': 1, 'nature': 5, 'convenience': 3, 'parenting': 4, 'diy': 5}
Enriched: 栃木県栃木市祝町 -> Scores: {'farming': 4, 'ocean': 1, 'nature': 4, 'convenience': 3, 'parenting': 4, 'diy': 5}
Enriched: 栃木県栃木市今泉町２丁目 -> Scores: {'farming': 4, 'ocean': 1, 'nature': 4, 'convenience': 3, 'parenting': 3, 'diy': 4}
Enriched: 栃木県佐野市大橋町 -> Scores: {'farming': 4, 'ocean': 1, 'nature': 5, 'convenience': 2, 'parenting': 3, 'diy': 4}
     Processed 305/318
Enriched: 栃木県鹿沼市府中町 -> Scores: {'farming': 4, 'ocean': 1, 'nature': 5, 'convenience': 3, 'parenting': 4, 'diy': 4}
Enriched: 栃木県鹿沼市深津 -> Scores: {'farming': 4, 'ocean': 1, 'nature': 5, 'convenience': 3, 'parenting': 4, 'diy': 5}
Enriched: 栃木県栃木市藤岡町藤岡 -> Scores: {'farming': 5, 'ocean': 1, 'nature': 4, 'convenience': 3, 'parenting': 4, 'diy': 2}
Enriched: 栃木県栃木市万町 -> Scores: {'farming': 5, 'ocean': 1, 'nature': 4, 'convenience': 3, 'parenting': 4, 'diy': 5}
Enriched: 栃木県栃木市大光寺町 -> Scores: {'farming': 5, 'ocean': 1, 'nature': 4, 'convenience': 2, 'parenting': 3, 'diy': 5}
     Processed 310/318
Enriched: 栃木県栃木市藤岡町藤岡 -> Scores: {'farming': 4, 'ocean': 1, 'nature': 5, 'convenience': 2, 'parenting': 3, 'diy': 4}
Enriched: 栃木県栃木市大平町横堀 -> Scores: {'farming': 4, 'ocean': 1, 'nature': 3, 'convenience': 3, 'parenting': 4, 'diy': 5}
Enriched: 栃木県栃木市鍋山町 -> Scores: {'farming': 5, 'ocean': 1, 'nature': 5, 'convenience': 2, 'parenting': 4, 'diy': 3}
Enriched: 栃木県栃木市藤岡町藤岡 -> Scores: {'farming': 5, 'ocean': 1, 'nature': 4, 'convenience': 3, 'parenting': 4, 'diy': 5}
Enriched: 栃木県栃木市藤岡町藤岡 -> Scores: {'farming': 5, 'ocean': 1, 'nature': 4, 'convenience': 2, 'parenting': 3, 'diy': 4}
     Processed 315/318
Enriched: 栃木県栃木市藤岡町藤岡 -> Scores: {'farming': 5, 'ocean': 1, 'nature': 4, 'convenience': 2, 'parenting': 3, 'diy': 5}
Enriched: 栃木県栃木市藤岡町藤岡 -> Scores: {'farming': 5, 'ocean': 1, 'nature': 4, 'convenience': 2, 'parenting': 3, 'diy': 4}
Enriched: 栃木県佐野市戸奈良町 -> Scores: {'farming': 5, 'ocean': 1, 'nature': 4, 'convenience': 2, 'parenting': 3, 'diy': 5}
  -> Saved to public/scraped/tochigi.json

[10 群馬県 (gunma)] Starting scrape...
  -> Scraped 293 items.
  -> Enriching 293 items with AI...
Enriched: 群馬県安中市安中５丁目 -> Scores: {'farming': 5, 'ocean': 1, 'nature': 4, 'convenience': 3, 'parenting': 4, 'diy': 4}
Enriched: 群馬県安中市簗瀬 -> Scores: {'farming': 4, 'ocean': 1, 'nature': 5, 'convenience': 3, 'parenting': 4, 'diy': 4}
Enriched: 群馬県館林市西高根町 -> Scores: {'farming': 5, 'ocean': 1, 'nature': 4, 'convenience': 3, 'parenting': 4, 'diy': 4}
Enriched: 群馬県吾妻郡東吾妻町大字岡崎 -> Scores: {'farming': 4, 'ocean': 1, 'nature': 4, 'convenience': 2, 'parenting': 3, 'diy': 5}
Enriched: 群馬県桐生市相生町２丁目 -> Scores: {'farming': 4, 'ocean': 1, 'nature': 4, 'convenience': 3, 'parenting': 4, 'diy': 5}
     Processed 5/293
Enriched: 群馬県吾妻郡嬬恋村大字鎌原大カイシコ -> Scores: {'farming': 4, 'ocean': 1, 'nature': 5, 'convenience': 3, 'parenting': 4, 'diy': 3}
Enriched: 群馬県吾妻郡嬬恋村大字鎌原 -> Scores: {'farming': 5, 'ocean': 1, 'nature': 5, 'convenience': 2, 'parenting': 3, 'diy': 4}
Enriched: 群馬県吾妻郡嬬恋村大字鎌原大カイシコ -> Scores: {'farming': 5, 'ocean': 1, 'nature': 4, 'convenience': 2, 'parenting': 3, 'diy': 4}
Enriched: 群馬県桐生市相生町５丁目 -> Scores: {'farming': 4, 'ocean': 1, 'nature': 5, 'convenience': 2, 'parenting': 4, 'diy': 4}
Enriched: 群馬県伊勢崎市境 -> Scores: {'farming': 5, 'ocean': 1, 'nature': 4, 'convenience': 3, 'parenting': 4, 'diy': 5}
     Processed 10/293
Enriched: 群馬県桐生市広沢町３丁目 -> Scores: {'farming': 4, 'ocean': 1, 'nature': 5, 'convenience': 3, 'parenting': 4, 'diy': 5}
Enriched: 群馬県富岡市一ノ宮 -> Scores: {'farming': 4, 'ocean': 1, 'nature': 4, 'convenience': 2, 'parenting': 3, 'diy': 4}
Enriched: 群馬県みどり市大間々町大間々 -> Scores: {'farming': 4, 'ocean': 1, 'nature': 5, 'convenience': 3, 'parenting': 4, 'diy': 5}
Enriched: 群馬県桐生市堤町１丁目 -> Scores: {'farming': 4, 'ocean': 1, 'nature': 5, 'convenience': 3, 'parenting': 4, 'diy': 5}
Enriched: 群馬県桐生市堤町２丁目 -> Scores: {'farming': 5, 'ocean': 1, 'nature': 4, 'convenience': 2, 'parenting': 3, 'diy': 5}
     Processed 15/293
Enriched: 群馬県桐生市東２丁目 -> Scores: {'farming': 4, 'ocean': 1, 'nature': 4, 'convenience': 3, 'parenting': 4, 'diy': 5}
Enriched: 群馬県桐生市新宿３丁目 -> Scores: {'farming': 4, 'ocean': 1, 'nature': 5, 'convenience': 3, 'parenting': 4, 'diy': 5}
Enriched: 群馬県安中市松井田町新堀 -> Scores: {'farming': 4, 'ocean': 1, 'nature': 4, 'convenience': 2, 'parenting': 3, 'diy': 5}
Enriched: 群馬県みどり市大間々町大間々 -> Scores: {'farming': 4, 'ocean': 1, 'nature': 5, 'convenience': 2, 'parenting': 3, 'diy': 4}
Enriched: 群馬県富岡市妙義町上高田 -> Scores: {'farming': 5, 'ocean': 1, 'nature': 5, 'convenience': 2, 'parenting': 4, 'diy': 5}
     Processed 20/293
Enriched: 群馬県富岡市妙義町菅原 -> Scores: {'farming': 4, 'ocean': 1, 'nature': 5, 'convenience': 3, 'parenting': 4, 'diy': 5}
Enriched: 群馬県渋川市北牧 -> Scores: {'farming': 4, 'ocean': 1, 'nature': 4, 'convenience': 3, 'parenting': 4, 'diy': 5}
Enriched: 群馬県桐生市川内町２丁目 -> Scores: {'farming': 4, 'ocean': 1, 'nature': 5, 'convenience': 3, 'parenting': 4, 'diy': 4}
Enriched: 群馬県富岡市下丹生 -> Scores: {'farming': 4, 'ocean': 1, 'nature': 4, 'convenience': 2, 'parenting': 3, 'diy': 4}
Enriched: 群馬県吾妻郡嬬恋村大字鎌原大カイシコ -> Scores: {'farming': 4, 'ocean': 1, 'nature': 5, 'convenience': 2, 'parenting': 3, 'diy': 4}
     Processed 25/293
Enriched: 群馬県吾妻郡東吾妻町大字原町 -> Scores: {'farming': 4, 'ocean': 1, 'nature': 5, 'convenience': 3, 'parenting': 4, 'diy': 5}
Enriched: 群馬県吾妻郡東吾妻町大字厚田 -> Scores: {'farming': 4, 'ocean': 1, 'nature': 5, 'convenience': 2, 'parenting': 3, 'diy': 4}
Enriched: 群馬県みどり市大間々町大間々 -> Scores: {'farming': 5, 'ocean': 1, 'nature': 5, 'convenience': 2, 'parenting': 4, 'diy': 3}
Enriched: 群馬県邑楽郡大泉町仙石２丁目 -> Scores: {'farming': 4, 'ocean': 1, 'nature': 4, 'convenience': 3, 'parenting': 4, 'diy': 4}
Enriched: 群馬県吾妻郡嬬恋村大字鎌原大カイシコ -> Scores: {'farming': 4, 'ocean': 1, 'nature': 5, 'convenience': 2, 'parenting': 3, 'diy': 5}
     Processed 30/293
Enriched: 群馬県吾妻郡嬬恋村大字大前 -> Scores: {'farming': 4, 'ocean': 1, 'nature': 5, 'convenience': 2, 'parenting': 3, 'diy': 4}
Enriched: 群馬県富岡市蕨 -> Scores: {'farming': 4, 'ocean': 1, 'nature': 5, 'convenience': 2, 'parenting': 3, 'diy': 5}
Enriched: 群馬県富岡市中高瀬 -> Scores: {'farming': 5, 'ocean': 1, 'nature': 5, 'convenience': 3, 'parenting': 4, 'diy': 5}
Enriched: 群馬県吾妻郡嬬恋村大字鎌原 -> Scores: {'farming': 4, 'ocean': 1, 'nature': 4, 'convenience': 2, 'parenting': 3, 'diy': 4}
Enriched: 群馬県吾妻郡嬬恋村大字鎌原 -> Scores: {'farming': 4, 'ocean': 1, 'nature': 5, 'convenience': 2, 'parenting': 3, 'diy': 4}
     Processed 35/293
Enriched: 群馬県吾妻郡嬬恋村大字鎌原 -> Scores: {'farming': 4, 'ocean': 1, 'nature': 5, 'convenience': 2, 'parenting': 3, 'diy': 4}
Enriched: 群馬県吾妻郡嬬恋村大字鎌原大カイシコ -> Scores: {'farming': 4, 'ocean': 1, 'nature': 5, 'convenience': 2, 'parenting': 3, 'diy': 4}
Enriched: 群馬県吾妻郡嬬恋村大字鎌原大カイシコ -> Scores: {'farming': 4, 'ocean': 1, 'nature': 5, 'convenience': 2, 'parenting': 3, 'diy': 4}
Enriched: 群馬県吾妻郡嬬恋村大字鎌原 -> Scores: {'farming': 5, 'ocean': 1, 'nature': 5, 'convenience': 2, 'parenting': 3, 'diy': 4}
Enriched: 群馬県桐生市黒保根町下田沢 -> Scores: {'farming': 4, 'ocean': 1, 'nature': 5, 'convenience': 2, 'parenting': 3, 'diy': 4}
     Processed 40/293
Enriched: 群馬県渋川市半田 -> Scores: {'farming': 4, 'ocean': 1, 'nature': 5, 'convenience': 2, 'parenting': 4, 'diy': 4}
Enriched: 群馬県太田市藪塚町 -> Scores: {'farming': 4, 'ocean': 1, 'nature': 4, 'convenience': 2, 'parenting': 3, 'diy': 5}
Enriched: 群馬県太田市内ケ島町 -> Scores: {'farming': 4, 'ocean': 1, 'nature': 4, 'convenience': 3, 'parenting': 4, 'diy': 4}
Enriched: 群馬県渋川市渋川裏宿 -> Scores: {'farming': 5, 'ocean': 1, 'nature': 4, 'convenience': 2, 'parenting': 3, 'diy': 5}
Enriched: 群馬県桐生市仲町２丁目 -> Scores: {'farming': 4, 'ocean': 1, 'nature': 4, 'convenience': 3, 'parenting': 4, 'diy': 5}
     Processed 45/293
Enriched: 群馬県富岡市富岡 -> Scores: {'farming': 5, 'ocean': 1, 'nature': 5, 'convenience': 3, 'parenting': 4, 'diy': 5}
Enriched: 群馬県吾妻郡嬬恋村大字鎌原 -> Scores: {'farming': 4, 'ocean': 1, 'nature': 5, 'convenience': 2, 'parenting': 3, 'diy': 4}
Enriched: 群馬県吾妻郡嬬恋村大字鎌原群馬坂 -> Scores: {'farming': 4, 'ocean': 1, 'nature': 5, 'convenience': 2, 'parenting': 3, 'diy': 4}
Enriched: 群馬県吾妻郡嬬恋村大字鎌原藤原 -> Scores: {'farming': 5, 'ocean': 1, 'nature': 5, 'convenience': 2, 'parenting': 3, 'diy': 4}
Enriched: 群馬県吾妻郡嬬恋村大字大前 -> Scores: {'farming': 4, 'ocean': 1, 'nature': 5, 'convenience': 2, 'parenting': 3, 'diy': 4}
     Processed 50/293
Enriched: 群馬県吾妻郡嬬恋村大字鎌原大カイシコ -> Scores: {'farming': 4, 'ocean': 1, 'nature': 5, 'convenience': 2, 'parenting': 3, 'diy': 4}
Enriched: 群馬県安中市磯部１丁目 -> Scores: {'farming': 4, 'ocean': 1, 'nature': 5, 'convenience': 3, 'parenting': 4, 'diy': 5}
Enriched: 群馬県桐生市川内町４丁目 -> Scores: {'farming': 4, 'ocean': 1, 'nature': 5, 'convenience': 3, 'parenting': 4, 'diy': 4}
Enriched: 群馬県みどり市笠懸町久宮 -> Scores: {'farming': 4, 'ocean': 1, 'nature': 5, 'convenience': 3, 'parenting': 4, 'diy': 3}
Enriched: 群馬県伊勢崎市上蓮町 -> Scores: {'farming': 4, 'ocean': 1, 'nature': 5, 'convenience': 3, 'parenting': 4, 'diy': 4}
     Processed 55/293
Enriched: 群馬県安中市中野谷 -> Scores: {'farming': 4, 'ocean': 1, 'nature': 5, 'convenience': 3, 'parenting': 4, 'diy': 4}
Enriched: 群馬県安中市松井田町二軒在家 -> Scores: {'farming': 4, 'ocean': 1, 'nature': 5, 'convenience': 2, 'parenting': 3, 'diy': 2}
Enriched: 群馬県みどり市東町花輪 -> Scores: {'farming': 4, 'ocean': 1, 'nature': 5, 'convenience': 2, 'parenting': 3, 'diy': 3}
Enriched: 群馬県桐生市菱町５丁目 -> Scores: {'farming': 5, 'ocean': 1, 'nature': 4, 'convenience': 3, 'parenting': 3, 'diy': 5}
Enriched: 群馬県桐生市菱町４丁目 -> Scores: {'farming': 4, 'ocean': 1, 'nature': 5, 'convenience': 2, 'parenting': 3, 'diy': 4}
     Processed 60/293
Enriched: 群馬県桐生市梅田町３丁目 -> Scores: {'farming': 4, 'ocean': 1, 'nature': 5, 'convenience': 3, 'parenting': 4, 'diy': 5}
Enriched: 群馬県桐生市仲町２丁目 -> Scores: {'farming': 4, 'ocean': 1, 'nature': 3, 'convenience': 3, 'parenting': 4, 'diy': 5}
Enriched: 群馬県桐生市堤町３丁目 -> Scores: {'farming': 4, 'ocean': 1, 'nature': 4, 'convenience': 3, 'parenting': 4, 'diy': 4}
Enriched: 群馬県桐生市境野町６丁目 -> Scores: {'farming': 4, 'ocean': 1, 'nature': 4, 'convenience': 3, 'parenting': 4, 'diy': 5}
Enriched: 群馬県桐生市相生町３丁目 -> Scores: {'farming': 4, 'ocean': 1, 'nature': 3, 'convenience': 2, 'parenting': 4, 'diy': 5}
     Processed 65/293
Enriched: 群馬県桐生市境野町１丁目 -> Scores: {'farming': 4, 'ocean': 1, 'nature': 4, 'convenience': 3, 'parenting': 4, 'diy': 5}
Enriched: 群馬県桐生市川内町１丁目 -> Scores: {'farming': 4, 'ocean': 1, 'nature': 5, 'convenience': 2, 'parenting': 3, 'diy': 4}
Enriched: 群馬県桐生市天神町３丁目 -> Scores: {'farming': 5, 'ocean': 1, 'nature': 4, 'convenience': 3, 'parenting': 4, 'diy': 4}
Enriched: 群馬県利根郡みなかみ町月夜野 -> Scores: {'farming': 5, 'ocean': 1, 'nature': 5, 'convenience': 3, 'parenting': 4, 'diy': 3}
Enriched: 群馬県利根郡みなかみ町猿ヶ京温泉 -> Scores: {'farming': 4, 'ocean': 1, 'nature': 5, 'convenience': 3, 'parenting': 4, 'diy': 4}
     Processed 70/293
Enriched: 群馬県利根郡みなかみ町月夜野 -> Scores: {'farming': 4, 'ocean': 1, 'nature': 5, 'convenience': 3, 'parenting': 4, 'diy': 4}
Enriched: 群馬県利根郡みなかみ町月夜野 -> Scores: {'farming': 5, 'ocean': 1, 'nature': 5, 'convenience': 3, 'parenting': 4, 'diy': 5}
Enriched: 群馬県利根郡みなかみ町下牧 -> Scores: {'farming': 4, 'ocean': 2, 'nature': 5, 'convenience': 3, 'parenting': 4, 'diy': 3}
Enriched: 群馬県利根郡みなかみ町小日向 -> Scores: {'farming': 4, 'ocean': 1, 'nature': 5, 'convenience': 2, 'parenting': 3, 'diy': 4}
Enriched: 群馬県渋川市赤城町三原田 -> Scores: {'farming': 4, 'ocean': 1, 'nature': 5, 'convenience': 2, 'parenting': 4, 'diy': 5}
     Processed 75/293
Enriched: 群馬県利根郡みなかみ町小川 -> Scores: {'farming': 5, 'ocean': 1, 'nature': 5, 'convenience': 3, 'parenting': 4, 'diy': 4}
Enriched: 群馬県利根郡みなかみ町下牧 -> Scores: {'farming': 4, 'ocean': 1, 'nature': 5, 'convenience': 2, 'parenting': 3, 'diy': 4}
Enriched: 群馬県利根郡みなかみ町羽場 -> Scores: {'farming': 5, 'ocean': 1, 'nature': 5, 'convenience': 2, 'parenting': 3, 'diy': 4}
Enriched: 群馬県利根郡みなかみ町上津 -> Scores: {'farming': 5, 'ocean': 1, 'nature': 5, 'convenience': 2, 'parenting': 4, 'diy': 3}
Enriched: 群馬県利根郡みなかみ町羽場 -> Scores: {'farming': 4, 'ocean': 1, 'nature': 5, 'convenience': 2, 'parenting': 3, 'diy': 4}
     Processed 80/293
Enriched: 群馬県利根郡みなかみ町布施 -> Scores: {'farming': 5, 'ocean': 1, 'nature': 5, 'convenience': 2, 'parenting': 4, 'diy': 4}
Enriched: 群馬県利根郡みなかみ町師 -> Scores: {'farming': 5, 'ocean': 1, 'nature': 5, 'convenience': 2, 'parenting': 3, 'diy': 4}
Enriched: 群馬県利根郡みなかみ町上牧 -> Scores: {'farming': 5, 'ocean': 1, 'nature': 5, 'convenience': 3, 'parenting': 4, 'diy': 4}
Enriched: 群馬県利根郡みなかみ町上牧 -> Scores: {'farming': 5, 'ocean': 1, 'nature': 5, 'convenience': 2, 'parenting': 4, 'diy': 3}
Enriched: 群馬県利根郡みなかみ町寺間 -> Scores: {'farming': 5, 'ocean': 1, 'nature': 5, 'convenience': 2, 'parenting': 4, 'diy': 3}
     Processed 85/293
Enriched: 群馬県利根郡みなかみ町羽場 -> Scores: {'farming': 4, 'ocean': 1, 'nature': 5, 'convenience': 2, 'parenting': 3, 'diy': 4}
Enriched: 群馬県利根郡みなかみ町師 -> Scores: {'farming': 4, 'ocean': 1, 'nature': 5, 'convenience': 2, 'parenting': 3, 'diy': 4}
Enriched: 群馬県利根郡みなかみ町羽場 -> Scores: {'farming': 5, 'ocean': 1, 'nature': 5, 'convenience': 2, 'parenting': 3, 'diy': 4}
Enriched: 群馬県利根郡みなかみ町羽場 -> Scores: {'farming': 5, 'ocean': 1, 'nature': 5, 'convenience': 2, 'parenting': 3, 'diy': 4}
Enriched: 群馬県利根郡みなかみ町羽場 -> Scores: {'farming': 5, 'ocean': 1, 'nature': 5, 'convenience': 2, 'parenting': 4, 'diy': 4}
     Processed 90/293
Enriched: 群馬県渋川市伊香保町伊香保 -> Scores: {'farming': 2, 'ocean': 1, 'nature': 5, 'convenience': 3, 'parenting': 4, 'diy': 4}
Enriched: 群馬県北群馬郡榛東村大字新井 -> Scores: {'farming': 5, 'ocean': 1, 'nature': 5, 'convenience': 3, 'parenting': 4, 'diy': 3}
Enriched: 群馬県桐生市菱町４丁目 -> Scores: {'farming': 4, 'ocean': 1, 'nature': 5, 'convenience': 3, 'parenting': 4, 'diy': 5}
Enriched: 群馬県富岡市妙義町八木連 -> Scores: {'farming': 2, 'ocean': 1, 'nature': 3, 'convenience': 4, 'parenting': 3, 'diy': 3}
Enriched: 群馬県みどり市笠懸町阿左美 -> Scores: {'farming': 4, 'ocean': 1, 'nature': 4, 'convenience': 2, 'parenting': 3, 'diy': 5}
     Processed 95/293
Enriched: 群馬県吾妻郡嬬恋村大字鎌原鬼の泉水 -> Scores: {'farming': 4, 'ocean': 1, 'nature': 5, 'convenience': 2, 'parenting': 3, 'diy': 5}
Enriched: 群馬県渋川市金井 -> Scores: {'farming': 4, 'ocean': 1, 'nature': 5, 'convenience': 2, 'parenting': 3, 'diy': 5}
Enriched: 群馬県吾妻郡嬬恋村大字鎌原藤原 -> Scores: {'farming': 5, 'ocean': 1, 'nature': 5, 'convenience': 2, 'parenting': 4, 'diy': 5}
Enriched: 群馬県桐生市境野町２丁目 -> Scores: {'farming': 4, 'ocean': 1, 'nature': 4, 'convenience': 3, 'parenting': 3, 'diy': 4}
Enriched: 群馬県吾妻郡嬬恋村大字三原 -> Scores: {'farming': 5, 'ocean': 1, 'nature': 5, 'convenience': 2, 'parenting': 4, 'diy': 5}
     Processed 100/293
Enriched: 群馬県安中市磯部２丁目 -> Scores: {'farming': 4, 'ocean': 1, 'nature': 5, 'convenience': 3, 'parenting': 4, 'diy': 5}
Enriched: 群馬県富岡市七日市 -> Scores: {'farming': 4, 'ocean': 1, 'nature': 5, 'convenience': 3, 'parenting': 4, 'diy': 5}
Enriched: 群馬県桐生市堤町１丁目 -> Scores: {'farming': 4, 'ocean': 1, 'nature': 4, 'convenience': 3, 'parenting': 4, 'diy': 4}
Enriched: 群馬県桐生市新里町高泉 -> Scores: {'farming': 5, 'ocean': 1, 'nature': 5, 'convenience': 3, 'parenting': 4, 'diy': 2}
Enriched: 群馬県安中市原市 -> Scores: {'farming': 4, 'ocean': 1, 'nature': 5, 'convenience': 2, 'parenting': 3, 'diy': 4}
     Processed 105/293
Enriched: 群馬県みどり市東町神戸 -> Scores: {'farming': 5, 'ocean': 1, 'nature': 5, 'convenience': 2, 'parenting': 4, 'diy': 4}
Enriched: 群馬県桐生市境野町４丁目 -> Scores: {'farming': 4, 'ocean': 1, 'nature': 4, 'convenience': 3, 'parenting': 4, 'diy': 5}
Enriched: 群馬県渋川市金井 -> Scores: {'farming': 4, 'ocean': 1, 'nature': 5, 'convenience': 2, 'parenting': 3, 'diy': 4}
Enriched: 群馬県桐生市梅田町１丁目 -> Scores: {'farming': 4, 'ocean': 1, 'nature': 4, 'convenience': 3, 'parenting': 4, 'diy': 4}
Enriched: 群馬県伊勢崎市今泉町２丁目 -> Scores: {'farming': 4, 'ocean': 1, 'nature': 4, 'convenience': 3, 'parenting': 4, 'diy': 5}
     Processed 110/293
Enriched: 群馬県桐生市堤町１丁目 -> Scores: {'farming': 4, 'ocean': 1, 'nature': 4, 'convenience': 3, 'parenting': 4, 'diy': 5}
Enriched: 群馬県富岡市富岡 -> Scores: {'farming': 4, 'ocean': 1, 'nature': 3, 'convenience': 2, 'parenting': 3, 'diy': 4}
Enriched: 群馬県吾妻郡嬬恋村大字大前 -> Scores: {'farming': 5, 'ocean': 1, 'nature': 5, 'convenience': 2, 'parenting': 3, 'diy': 4}
Enriched: 群馬県吾妻郡嬬恋村大字大前 -> Scores: {'farming': 5, 'ocean': 1, 'nature': 5, 'convenience': 2, 'parenting': 3, 'diy': 4}
Enriched: 群馬県吾妻郡嬬恋村大字大前 -> Scores: {'farming': 5, 'ocean': 1, 'nature': 5, 'convenience': 2, 'parenting': 3, 'diy': 4}
     Processed 115/293
Enriched: 群馬県渋川市祖母島 -> Scores: {'farming': 4, 'ocean': 1, 'nature': 5, 'convenience': 3, 'parenting': 4, 'diy': 5}
Enriched: 群馬県桐生市境野町４丁目 -> Scores: {'farming': 4, 'ocean': 1, 'nature': 4, 'convenience': 2, 'parenting': 3, 'diy': 5}
Enriched: 群馬県渋川市赤城町三原田 -> Scores: {'farming': 5, 'ocean': 1, 'nature': 4, 'convenience': 3, 'parenting': 4, 'diy': 4}
Enriched: 群馬県桐生市川内町５丁目 -> Scores: {'farming': 5, 'ocean': 1, 'nature': 4, 'convenience': 3, 'parenting': 4, 'diy': 5}
Enriched: 群馬県富岡市神農原 -> Scores: {'farming': 4, 'ocean': 1, 'nature': 5, 'convenience': 3, 'parenting': 4, 'diy': 3}
     Processed 120/293
Enriched: 群馬県邑楽郡大泉町北小泉３丁目 -> Scores: {'farming': 5, 'ocean': 1, 'nature': 4, 'convenience': 3, 'parenting': 4, 'diy': 3}
Enriched: 群馬県吾妻郡嬬恋村大字鎌原 -> Scores: {'farming': 4, 'ocean': 1, 'nature': 5, 'convenience': 2, 'parenting': 3, 'diy': 4}
Enriched: 群馬県吾妻郡嬬恋村大字鎌原藤原 -> Scores: {'farming': 4, 'ocean': 1, 'nature': 5, 'convenience': 2, 'parenting': 3, 'diy': 4}
Enriched: 群馬県吾妻郡嬬恋村大字三原 -> Scores: {'farming': 5, 'ocean': 1, 'nature': 5, 'convenience': 2, 'parenting': 4, 'diy': 3}
Enriched: 群馬県吾妻郡嬬恋村大字鎌原 -> Scores: {'farming': 4, 'ocean': 1, 'nature': 5, 'convenience': 2, 'parenting': 3, 'diy': 5}
     Processed 125/293
Enriched: 群馬県安中市安中 -> Scores: {'farming': 4, 'ocean': 1, 'nature': 5, 'convenience': 3, 'parenting': 4, 'diy': 4}
Enriched: 群馬県桐生市相生町３丁目 -> Scores: {'farming': 4, 'ocean': 1, 'nature': 4, 'convenience': 3, 'parenting': 4, 'diy': 5}
Enriched: 群馬県安中市安中１丁目 -> Scores: {'farming': 4, 'ocean': 1, 'nature': 4, 'convenience': 3, 'parenting': 4, 'diy': 5}
Enriched: 群馬県伊勢崎市柴町 -> Scores: {'farming': 4, 'ocean': 1, 'nature': 4, 'convenience': 3, 'parenting': 4, 'diy': 3}
Enriched: 群馬県桐生市巴町１丁目 -> Scores: {'farming': 4, 'ocean': 1, 'nature': 5, 'convenience': 3, 'parenting': 4, 'diy': 2}
     Processed 130/293
Enriched: 群馬県富岡市南蛇井 -> Scores: {'farming': 5, 'ocean': 1, 'nature': 5, 'convenience': 2, 'parenting': 4, 'diy': 5}
Enriched: 群馬県渋川市川島 -> Scores: {'farming': 4, 'ocean': 1, 'nature': 5, 'convenience': 3, 'parenting': 4, 'diy': 5}
Enriched: 群馬県渋川市北牧 -> Scores: {'farming': 4, 'ocean': 1, 'nature': 5, 'convenience': 3, 'parenting': 4, 'diy': 4}
Enriched: 群馬県吾妻郡嬬恋村大字鎌原 -> Scores: {'farming': 5, 'ocean': 1, 'nature': 5, 'convenience': 2, 'parenting': 3, 'diy': 4}
Enriched: 群馬県桐生市川内町５丁目 -> Scores: {'farming': 4, 'ocean': 1, 'nature': 5, 'convenience': 3, 'parenting': 4, 'diy': 3}
     Processed 135/293
Enriched: 群馬県吾妻郡嬬恋村大字鎌原 -> Scores: {'farming': 5, 'ocean': 1, 'nature': 5, 'convenience': 2, 'parenting': 4, 'diy': 3}
Enriched: 群馬県桐生市境野町６丁目 -> Scores: {'farming': 4, 'ocean': 1, 'nature': 5, 'convenience': 3, 'parenting': 4, 'diy': 4}
Enriched: 群馬県桐生市相生町２丁目 -> Scores: {'farming': 4, 'ocean': 1, 'nature': 4, 'convenience': 2, 'parenting': 3, 'diy': 5}
Enriched: 群馬県桐生市相生町３丁目 -> Scores: {'farming': 4, 'ocean': 1, 'nature': 5, 'convenience': 3, 'parenting': 4, 'diy': 4}
Enriched: 群馬県渋川市赤城町樽 -> Scores: {'farming': 4, 'ocean': 1, 'nature': 5, 'convenience': 2, 'parenting': 4, 'diy': 5}
     Processed 140/293
Enriched: 群馬県富岡市黒川 -> Scores: {'farming': 4, 'ocean': 1, 'nature': 5, 'convenience': 2, 'parenting': 3, 'diy': 4}
Enriched: 群馬県邑楽郡大泉町朝日５丁目 -> Scores: {'farming': 4, 'ocean': 1, 'nature': 5, 'convenience': 3, 'parenting': 4, 'diy': 5}
Enriched: 群馬県桐生市堤町３丁目 -> Scores: {'farming': 4, 'ocean': 1, 'nature': 4, 'convenience': 3, 'parenting': 4, 'diy': 5}
Enriched: 群馬県渋川市赤城町長井小川田 -> Scores: {'farming': 4, 'ocean': 1, 'nature': 4, 'convenience': 2, 'parenting': 3, 'diy': 5}
Enriched: 群馬県渋川市北橘町真壁 -> Scores: {'farming': 4, 'ocean': 1, 'nature': 5, 'convenience': 3, 'parenting': 4, 'diy': 4}
     Processed 145/293
Enriched: 群馬県吾妻郡嬬恋村大字大前 -> Scores: {'farming': 5, 'ocean': 1, 'nature': 5, 'convenience': 2, 'parenting': 3, 'diy': 4}
Enriched: 群馬県吾妻郡嬬恋村大字鎌原 -> Scores: {'farming': 5, 'ocean': 1, 'nature': 4, 'convenience': 2, 'parenting': 3, 'diy': 4}
Enriched: 群馬県桐生市菱町１丁目 -> Scores: {'farming': 5, 'ocean': 1, 'nature': 5, 'convenience': 3, 'parenting': 4, 'diy': 4}
Enriched: 群馬県吾妻郡嬬恋村大字鎌原群馬坂 -> Scores: {'farming': 5, 'ocean': 1, 'nature': 5, 'convenience': 2, 'parenting': 4, 'diy': 5}
Enriched: 群馬県吾妻郡嬬恋村大字鎌原 -> Scores: {'farming': 4, 'ocean': 1, 'nature': 5, 'convenience': 2, 'parenting': 3, 'diy': 4}
     Processed 150/293
Enriched: 群馬県安中市原市３丁目 -> Scores: {'farming': 5, 'ocean': 1, 'nature': 4, 'convenience': 2, 'parenting': 3, 'diy': 5}
Enriched: 群馬県吾妻郡嬬恋村大字大前 -> Scores: {'farming': 5, 'ocean': 1, 'nature': 5, 'convenience': 2, 'parenting': 3, 'diy': 4}
Enriched: 群馬県吾妻郡嬬恋村大字鎌原鬼の泉水 -> Scores: {'farming': 4, 'ocean': 1, 'nature': 5, 'convenience': 2, 'parenting': 3, 'diy': 4}
Enriched: 群馬県吾妻郡嬬恋村大字鎌原大カイシコ -> Scores: {'farming': 5, 'ocean': 1, 'nature': 5, 'convenience': 2, 'parenting': 3, 'diy': 4}
Enriched: 群馬県富岡市一ノ宮 -> Scores: {'farming': 4, 'ocean': 1, 'nature': 5, 'convenience': 2, 'parenting': 3, 'diy': 4}
     Processed 155/293
Enriched: 群馬県桐生市黒保根町上田沢 -> Scores: {'farming': 5, 'ocean': 1, 'nature': 5, 'convenience': 2, 'parenting': 3, 'diy': 4}
Enriched: 群馬県桐生市天神町１丁目 -> Scores: {'farming': 4, 'ocean': 1, 'nature': 4, 'convenience': 3, 'parenting': 4, 'diy': 3}
Enriched: 群馬県桐生市仲町１丁目 -> Scores: {'farming': 4, 'ocean': 1, 'nature': 4, 'convenience': 3, 'parenting': 3, 'diy': 4}
Enriched: 群馬県桐生市川内町３丁目 -> Scores: {'farming': 4, 'ocean': 1, 'nature': 3, 'convenience': 2, 'parenting': 3, 'diy': 4}
Enriched: 群馬県桐生市本町６丁目 -> Scores: {'farming': 4, 'ocean': 1, 'nature': 3, 'convenience': 3, 'parenting': 4, 'diy': 5}
     Processed 160/293
Enriched: 群馬県桐生市境野町７丁目 -> Scores: {'farming': 4, 'ocean': 1, 'nature': 4, 'convenience': 3, 'parenting': 4, 'diy': 3}
Enriched: 群馬県桐生市東３丁目 -> Scores: {'farming': 4, 'ocean': 1, 'nature': 5, 'convenience': 3, 'parenting': 4, 'diy': 2}
Enriched: 群馬県吾妻郡嬬恋村大字鎌原大カイシコ -> Scores: {'farming': 4, 'ocean': 1, 'nature': 5, 'convenience': 2, 'parenting': 3, 'diy': 2}
Enriched: 群馬県桐生市川内町３丁目 -> Scores: {'farming': 4, 'ocean': 1, 'nature': 5, 'convenience': 2, 'parenting': 3, 'diy': 4}
Enriched: 群馬県桐生市東５丁目 -> Scores: {'farming': 4, 'ocean': 1, 'nature': 4, 'convenience': 3, 'parenting': 4, 'diy': 3}
     Processed 165/293
Enriched: 群馬県渋川市横堀 -> Scores: {'farming': 5, 'ocean': 1, 'nature': 5, 'convenience': 2, 'parenting': 4, 'diy': 3}
Enriched: 群馬県桐生市東６丁目 -> Scores: {'farming': 5, 'ocean': 1, 'nature': 4, 'convenience': 3, 'parenting': 4, 'diy': 5}
Enriched: 群馬県吾妻郡嬬恋村大字鎌原群馬坂 -> Scores: {'farming': 5, 'ocean': 1, 'nature': 5, 'convenience': 2, 'parenting': 4, 'diy': 3}
Enriched: 群馬県吾妻郡嬬恋村大字大前 -> Scores: {'farming': 5, 'ocean': 1, 'nature': 5, 'convenience': 2, 'parenting': 3, 'diy': 4}
Enriched: 群馬県吾妻郡嬬恋村大字大前 -> Scores: {'farming': 5, 'ocean': 1, 'nature': 5, 'convenience': 2, 'parenting': 4, 'diy': 3}
     Processed 170/293
Enriched: 群馬県吾妻郡嬬恋村大字大前 -> Scores: {'farming': 5, 'ocean': 1, 'nature': 5, 'convenience': 2, 'parenting': 3, 'diy': 4}
Enriched: 群馬県吾妻郡嬬恋村大字大前 -> Scores: {'farming': 4, 'ocean': 1, 'nature': 5, 'convenience': 2, 'parenting': 3, 'diy': 4}
Enriched: 群馬県吾妻郡嬬恋村大字大前 -> Scores: {'farming': 4, 'ocean': 1, 'nature': 5, 'convenience': 2, 'parenting': 3, 'diy': 4}
Enriched: 群馬県桐生市新里町赤城山 -> Scores: {'farming': 5, 'ocean': 1, 'nature': 5, 'convenience': 2, 'parenting': 4, 'diy': 3}
Enriched: 群馬県みどり市笠懸町西鹿田 -> Scores: {'farming': 4, 'ocean': 1, 'nature': 5, 'convenience': 2, 'parenting': 4, 'diy': 3}
     Processed 175/293
Enriched: 群馬県桐生市新里町新川 -> Scores: {'farming': 4, 'ocean': 1, 'nature': 5, 'convenience': 2, 'parenting': 3, 'diy': 4}
Enriched: 群馬県桐生市堤町１丁目 -> Scores: {'farming': 4, 'ocean': 1, 'nature': 5, 'convenience': 3, 'parenting': 4, 'diy': 5}
Enriched: 群馬県桐生市堤町１丁目 -> Scores: {'farming': 4, 'ocean': 1, 'nature': 4, 'convenience': 3, 'parenting': 4, 'diy': 5}
Enriched: 群馬県桐生市仲町１丁目 -> Scores: {'farming': 4, 'ocean': 1, 'nature': 5, 'convenience': 3, 'parenting': 4, 'diy': 3}
Enriched: 群馬県吾妻郡嬬恋村大字鎌原 -> Scores: {'farming': 5, 'ocean': 1, 'nature': 5, 'convenience': 2, 'parenting': 3, 'diy': 4}
     Processed 180/293
Enriched: 群馬県渋川市半田 -> Scores: {'farming': 4, 'ocean': 1, 'nature': 5, 'convenience': 3, 'parenting': 4, 'diy': 5}
Enriched: 群馬県桐生市相生町５丁目 -> Scores: {'farming': 4, 'ocean': 1, 'nature': 5, 'convenience': 3, 'parenting': 4, 'diy': 5}
Enriched: 群馬県渋川市半田 -> Scores: {'farming': 5, 'ocean': 1, 'nature': 5, 'convenience': 3, 'parenting': 4, 'diy': 2}
Enriched: 群馬県邑楽郡邑楽町大字狸塚 -> Scores: {'farming': 5, 'ocean': 1, 'nature': 4, 'convenience': 2, 'parenting': 3, 'diy': 4}
Enriched: 群馬県安中市板鼻 -> Scores: {'farming': 4, 'ocean': 1, 'nature': 4, 'convenience': 3, 'parenting': 4, 'diy': 4}
     Processed 185/293
Enriched: 群馬県桐生市広沢町２丁目 -> Scores: {'farming': 4, 'ocean': 1, 'nature': 4, 'convenience': 3, 'parenting': 4, 'diy': 4}
Enriched: 群馬県桐生市川内町２丁目 -> Scores: {'farming': 5, 'ocean': 1, 'nature': 4, 'convenience': 2, 'parenting': 3, 'diy': 5}
Enriched: 群馬県桐生市東６丁目 -> Scores: {'farming': 4, 'ocean': 1, 'nature': 4, 'convenience': 2, 'parenting': 3, 'diy': 3}
Enriched: 群馬県桐生市堤町２丁目 -> Scores: {'farming': 5, 'ocean': 1, 'nature': 4, 'convenience': 3, 'parenting': 4, 'diy': 5}
Enriched: 群馬県桐生市広沢町７丁目 -> Scores: {'farming': 5, 'ocean': 1, 'nature': 4, 'convenience': 3, 'parenting': 4, 'diy': 5}
     Processed 190/293
Enriched: 群馬県桐生市新里町高泉 -> Scores: {'farming': 5, 'ocean': 1, 'nature': 5, 'convenience': 2, 'parenting': 4, 'diy': 5}
Enriched: 群馬県桐生市川内町３丁目 -> Scores: {'farming': 4, 'ocean': 1, 'nature': 5, 'convenience': 3, 'parenting': 4, 'diy': 4}
Enriched: 群馬県桐生市宮本町３丁目 -> Scores: {'farming': 5, 'ocean': 1, 'nature': 4, 'convenience': 3, 'parenting': 4, 'diy': 3}
Enriched: 群馬県桐生市菱町２丁目 -> Scores: {'farming': 4, 'ocean': 1, 'nature': 5, 'convenience': 2, 'parenting': 4, 'diy': 4}
Enriched: 群馬県桐生市川内町２丁目 -> Scores: {'farming': 4, 'ocean': 1, 'nature': 4, 'convenience': 3, 'parenting': 4, 'diy': 4}
     Processed 195/293
Enriched: 群馬県桐生市堤町３丁目 -> Scores: {'farming': 4, 'ocean': 1, 'nature': 5, 'convenience': 3, 'parenting': 4, 'diy': 5}
Enriched: 群馬県桐生市東５丁目 -> Scores: {'farming': 4, 'ocean': 1, 'nature': 4, 'convenience': 3, 'parenting': 4, 'diy': 5}
Enriched: 群馬県桐生市東５丁目 -> Scores: {'farming': 4, 'ocean': 1, 'nature': 4, 'convenience': 3, 'parenting': 4, 'diy': 5}
Enriched: 群馬県桐生市広沢町１丁目 -> Scores: {'farming': 4, 'ocean': 1, 'nature': 4, 'convenience': 3, 'parenting': 4, 'diy': 3}
Enriched: 群馬県桐生市川内町５丁目 -> Scores: {'farming': 5, 'ocean': 1, 'nature': 5, 'convenience': 2, 'parenting': 3, 'diy': 4}
     Processed 200/293
Enriched: 群馬県桐生市川内町５丁目 -> Scores: {'farming': 4, 'ocean': 1, 'nature': 5, 'convenience': 2, 'parenting': 3, 'diy': 4}
Enriched: 群馬県桐生市新里町赤城山 -> Scores: {'farming': 5, 'ocean': 1, 'nature': 5, 'convenience': 3, 'parenting': 4, 'diy': 2}
Enriched: 群馬県桐生市東５丁目 -> Scores: {'farming': 4, 'ocean': 1, 'nature': 4, 'convenience': 2, 'parenting': 3, 'diy': 5}
Enriched: 群馬県桐生市境野町１丁目 -> Scores: {'farming': 4, 'ocean': 1, 'nature': 4, 'convenience': 3, 'parenting': 4, 'diy': 5}
Enriched: 群馬県桐生市新里町鶴ヶ谷 -> Scores: {'farming': 4, 'ocean': 1, 'nature': 5, 'convenience': 2, 'parenting': 3, 'diy': 4}
     Processed 205/293
Enriched: 群馬県桐生市小梅町 -> Scores: {'farming': 5, 'ocean': 1, 'nature': 5, 'convenience': 3, 'parenting': 4, 'diy': 5}
Enriched: 群馬県桐生市梅田町１丁目 -> Scores: {'farming': 4, 'ocean': 1, 'nature': 5, 'convenience': 3, 'parenting': 4, 'diy': 3}
Enriched: 群馬県桐生市菱町５丁目 -> Scores: {'farming': 4, 'ocean': 1, 'nature': 5, 'convenience': 2, 'parenting': 3, 'diy': 4}
Enriched: 群馬県桐生市菱町５丁目 -> Scores: {'farming': 4, 'ocean': 1, 'nature': 5, 'convenience': 2, 'parenting': 3, 'diy': 3}
Enriched: 群馬県桐生市菱町４丁目 -> Scores: {'farming': 4, 'ocean': 1, 'nature': 5, 'convenience': 3, 'parenting': 4, 'diy': 5}
     Processed 210/293
Enriched: 群馬県桐生市堤町１丁目 -> Scores: {'farming': 5, 'ocean': 1, 'nature': 4, 'convenience': 3, 'parenting': 4, 'diy': 3}
Enriched: 群馬県桐生市新里町高泉 -> Scores: {'farming': 4, 'ocean': 1, 'nature': 5, 'convenience': 3, 'parenting': 4, 'diy': 4}
Enriched: 群馬県桐生市新里町新川 -> Scores: {'farming': 4, 'ocean': 1, 'nature': 5, 'convenience': 3, 'parenting': 4, 'diy': 3}
Enriched: 群馬県桐生市相生町２丁目 -> Scores: {'farming': 4, 'ocean': 1, 'nature': 5, 'convenience': 3, 'parenting': 4, 'diy': 4}
Enriched: 群馬県桐生市仲町３丁目 -> Scores: {'farming': 4, 'ocean': 1, 'nature': 5, 'convenience': 3, 'parenting': 4, 'diy': 5}
     Processed 215/293
Enriched: 群馬県桐生市川内町５丁目 -> Scores: {'farming': 5, 'ocean': 1, 'nature': 4, 'convenience': 3, 'parenting': 4, 'diy': 5}
Enriched: 群馬県桐生市菱町５丁目 -> Scores: {'farming': 4, 'ocean': 1, 'nature': 4, 'convenience': 3, 'parenting': 4, 'diy': 5}
Enriched: 群馬県桐生市堤町３丁目 -> Scores: {'farming': 5, 'ocean': 1, 'nature': 4, 'convenience': 3, 'parenting': 4, 'diy': 3}
Enriched: 群馬県桐生市宮本町２丁目 -> Scores: {'farming': 4, 'ocean': 1, 'nature': 4, 'convenience': 3, 'parenting': 3, 'diy': 3}
Enriched: 群馬県桐生市堤町３丁目 -> Scores: {'farming': 5, 'ocean': 1, 'nature': 4, 'convenience': 3, 'parenting': 4, 'diy': 3}
     Processed 220/293
Enriched: 群馬県桐生市相生町３丁目 -> Scores: {'farming': 4, 'ocean': 1, 'nature': 5, 'convenience': 2, 'parenting': 4, 'diy': 4}
Enriched: 群馬県桐生市川内町１丁目 -> Scores: {'farming': 5, 'ocean': 1, 'nature': 5, 'convenience': 2, 'parenting': 4, 'diy': 3}
Enriched: 群馬県桐生市川内町１丁目 -> Scores: {'farming': 4, 'ocean': 1, 'nature': 5, 'convenience': 2, 'parenting': 3, 'diy': 4}
Enriched: 群馬県桐生市菱町２丁目 -> Scores: {'farming': 5, 'ocean': 1, 'nature': 4, 'convenience': 2, 'parenting': 3, 'diy': 4}
Enriched: 群馬県桐生市境野町６丁目 -> Scores: {'farming': 5, 'ocean': 1, 'nature': 4, 'convenience': 2, 'parenting': 3, 'diy': 4}
     Processed 225/293
Enriched: 群馬県桐生市菱町２丁目 -> Scores: {'farming': 4, 'ocean': 1, 'nature': 4, 'convenience': 3, 'parenting': 4, 'diy': 4}
Enriched: 群馬県桐生市菱町２丁目 -> Scores: {'farming': 4, 'ocean': 1, 'nature': 5, 'convenience': 2, 'parenting': 4, 'diy': 4}
Enriched: 群馬県桐生市梅田町２丁目 -> Scores: {'farming': 5, 'ocean': 1, 'nature': 3, 'convenience': 3, 'parenting': 4, 'diy': 4}
Enriched: 群馬県桐生市広沢町６丁目 -> Scores: {'farming': 4, 'ocean': 1, 'nature': 5, 'convenience': 3, 'parenting': 4, 'diy': 5}
Enriched: 群馬県桐生市東５丁目 -> Scores: {'farming': 4, 'ocean': 1, 'nature': 5, 'convenience': 2, 'parenting': 3, 'diy': 3}
     Processed 230/293
Enriched: 群馬県桐生市川内町３丁目 -> Scores: {'farming': 4, 'ocean': 1, 'nature': 5, 'convenience': 3, 'parenting': 4, 'diy': 5}
Enriched: 群馬県桐生市相生町５丁目 -> Scores: {'farming': 4, 'ocean': 1, 'nature': 3, 'convenience': 3, 'parenting': 4, 'diy': 5}
Enriched: 群馬県桐生市平井町 -> Scores: {'farming': 4, 'ocean': 1, 'nature': 5, 'convenience': 3, 'parenting': 4, 'diy': 5}
Enriched: 群馬県桐生市菱町３丁目 -> Scores: {'farming': 5, 'ocean': 1, 'nature': 4, 'convenience': 3, 'parenting': 4, 'diy': 3}
Enriched: 群馬県桐生市菱町３丁目 -> Scores: {'farming': 4, 'ocean': 1, 'nature': 5, 'convenience': 3, 'parenting': 4, 'diy': 5}
     Processed 235/293
Enriched: 群馬県桐生市堤町３丁目 -> Scores: {'farming': 4, 'ocean': 1, 'nature': 4, 'convenience': 2, 'parenting': 3, 'diy': 5}
Enriched: 群馬県桐生市広沢町６丁目 -> Scores: {'farming': 5, 'ocean': 1, 'nature': 4, 'convenience': 2, 'parenting': 3, 'diy': 5}
Enriched: 群馬県桐生市堤町３丁目 -> Scores: {'farming': 4, 'ocean': 1, 'nature': 5, 'convenience': 2, 'parenting': 4, 'diy': 5}
Enriched: 群馬県桐生市川内町３丁目 -> Scores: {'farming': 4, 'ocean': 1, 'nature': 5, 'convenience': 2, 'parenting': 3, 'diy': 4}
Enriched: 群馬県桐生市境野町７丁目 -> Scores: {'farming': 4, 'ocean': 1, 'nature': 5, 'convenience': 3, 'parenting': 4, 'diy': 5}
     Processed 240/293
Enriched: 群馬県桐生市川内町３丁目 -> Scores: {'farming': 4, 'ocean': 1, 'nature': 5, 'convenience': 2, 'parenting': 3, 'diy': 4}
Enriched: 群馬県桐生市菱町２丁目 -> Scores: {'farming': 5, 'ocean': 1, 'nature': 4, 'convenience': 3, 'parenting': 4, 'diy': 5}
Enriched: 群馬県桐生市梅田町２丁目 -> Scores: {'farming': 4, 'ocean': 1, 'nature': 4, 'convenience': 3, 'parenting': 4, 'diy': 3}
Enriched: 群馬県桐生市相生町３丁目 -> Scores: {'farming': 4, 'ocean': 1, 'nature': 5, 'convenience': 3, 'parenting': 4, 'diy': 5}
Enriched: 群馬県桐生市川内町５丁目 -> Scores: {'farming': 5, 'ocean': 1, 'nature': 5, 'convenience': 2, 'parenting': 3, 'diy': 4}
     Processed 245/293
Enriched: 群馬県桐生市堤町３丁目 -> Scores: {'farming': 4, 'ocean': 1, 'nature': 4, 'convenience': 3, 'parenting': 4, 'diy': 5}
Enriched: 群馬県桐生市川内町２丁目 -> Scores: {'farming': 4, 'ocean': 1, 'nature': 5, 'convenience': 3, 'parenting': 4, 'diy': 5}
Enriched: 群馬県桐生市菱町４丁目 -> Scores: {'farming': 5, 'ocean': 1, 'nature': 4, 'convenience': 3, 'parenting': 4, 'diy': 5}
Enriched: 群馬県桐生市境野町５丁目 -> Scores: {'farming': 5, 'ocean': 1, 'nature': 4, 'convenience': 3, 'parenting': 4, 'diy': 2}
Enriched: 群馬県桐生市浜松町１丁目 -> Scores: {'farming': 4, 'ocean': 1, 'nature': 5, 'convenience': 3, 'parenting': 4, 'diy': 4}
     Processed 250/293
Enriched: 群馬県桐生市境野町１丁目 -> Scores: {'farming': 4, 'ocean': 1, 'nature': 4, 'convenience': 3, 'parenting': 4, 'diy': 5}
Enriched: 群馬県桐生市堤町１丁目 -> Scores: {'farming': 5, 'ocean': 1, 'nature': 3, 'convenience': 3, 'parenting': 4, 'diy': 5}
Enriched: 群馬県桐生市菱町１丁目 -> Scores: {'farming': 4, 'ocean': 1, 'nature': 5, 'convenience': 2, 'parenting': 3, 'diy': 4}
Enriched: 群馬県桐生市堤町１丁目 -> Scores: {'farming': 4, 'ocean': 1, 'nature': 5, 'convenience': 3, 'parenting': 4, 'diy': 4}
Enriched: 群馬県桐生市東５丁目 -> Scores: {'farming': 4, 'ocean': 1, 'nature': 5, 'convenience': 2, 'parenting': 3, 'diy': 4}
     Processed 255/293
Enriched: 群馬県桐生市堤町３丁目 -> Scores: {'farming': 4, 'ocean': 1, 'nature': 4, 'convenience': 3, 'parenting': 3, 'diy': 5}
Enriched: 群馬県桐生市新里町新川 -> Scores: {'farming': 5, 'ocean': 1, 'nature': 5, 'convenience': 2, 'parenting': 3, 'diy': 4}
Enriched: 群馬県桐生市相生町４丁目 -> Scores: {'farming': 4, 'ocean': 1, 'nature': 4, 'convenience': 3, 'parenting': 4, 'diy': 4}
Enriched: 群馬県桐生市菱町２丁目 -> Scores: {'farming': 4, 'ocean': 1, 'nature': 5, 'convenience': 3, 'parenting': 4, 'diy': 4}
Enriched: 群馬県桐生市浜松町２丁目 -> Scores: {'farming': 4, 'ocean': 1, 'nature': 5, 'convenience': 3, 'parenting': 4, 'diy': 4}
     Processed 260/293
Enriched: 群馬県桐生市新里町新川 -> Scores: {'farming': 5, 'ocean': 1, 'nature': 4, 'convenience': 2, 'parenting': 3, 'diy': 5}
Enriched: 群馬県桐生市新里町新川 -> Scores: {'farming': 4, 'ocean': 1, 'nature': 5, 'convenience': 3, 'parenting': 4, 'diy': 3}
Enriched: 群馬県桐生市堤町３丁目 -> Scores: {'farming': 4, 'ocean': 1, 'nature': 3, 'convenience': 4, 'parenting': 4, 'diy': 3}
Enriched: 群馬県桐生市川内町５丁目 -> Scores: {'farming': 5, 'ocean': 1, 'nature': 4, 'convenience': 2, 'parenting': 3, 'diy': 4}
Enriched: 群馬県富岡市一ノ宮 -> Scores: {'farming': 4, 'ocean': 1, 'nature': 5, 'convenience': 2, 'parenting': 3, 'diy': 5}
     Processed 265/293
Enriched: 群馬県富岡市七日市 -> Scores: {'farming': 5, 'ocean': 1, 'nature': 4, 'convenience': 2, 'parenting': 3, 'diy': 4}
Enriched: 群馬県安中市原市３丁目 -> Scores: {'farming': 4, 'ocean': 1, 'nature': 4, 'convenience': 3, 'parenting': 4, 'diy': 5}
Enriched: 群馬県みどり市大間々町長尾根 -> Scores: {'farming': 4, 'ocean': 1, 'nature': 5, 'convenience': 2, 'parenting': 3, 'diy': 4}
Enriched: 群馬県吾妻郡嬬恋村大字大笹 -> Scores: {'farming': 5, 'ocean': 1, 'nature': 5, 'convenience': 2, 'parenting': 4, 'diy': 3}
Enriched: 群馬県吾妻郡嬬恋村大字大前 -> Scores: {'farming': 4, 'ocean': 1, 'nature': 5, 'convenience': 2, 'parenting': 3, 'diy': 3}
     Processed 270/293
Enriched: 群馬県邑楽郡明和町新里 -> Scores: {'farming': 5, 'ocean': 1, 'nature': 5, 'convenience': 3, 'parenting': 4, 'diy': 3}
Enriched: 群馬県太田市南ヶ丘町 -> Scores: {'farming': 4, 'ocean': 1, 'nature': 4, 'convenience': 2, 'parenting': 3, 'diy': 4}
Enriched: 群馬県吾妻郡嬬恋村大字大前 -> Scores: {'farming': 4, 'ocean': 1, 'nature': 5, 'convenience': 2, 'parenting': 3, 'diy': 4}
Enriched: 群馬県吾妻郡嬬恋村大字大前 -> Scores: {'farming': 5, 'ocean': 1, 'nature': 5, 'convenience': 2, 'parenting': 4, 'diy': 5}
Enriched: 群馬県吾妻郡嬬恋村大字鎌原 -> Scores: {'farming': 5, 'ocean': 1, 'nature': 5, 'convenience': 2, 'parenting': 3, 'diy': 4}
     Processed 275/293
Enriched: 群馬県渋川市有馬 -> Scores: {'farming': 4, 'ocean': 1, 'nature': 5, 'convenience': 2, 'parenting': 3, 'diy': 4}
Enriched: 群馬県みどり市大間々町塩原 -> Scores: {'farming': 4, 'ocean': 1, 'nature': 5, 'convenience': 2, 'parenting': 3, 'diy': 4}
Enriched: 群馬県吾妻郡嬬恋村大字鎌原鬼の泉水 -> Scores: {'farming': 4, 'ocean': 1, 'nature': 5, 'convenience': 2, 'parenting': 3, 'diy': 4}
Enriched: 群馬県安中市高別当 -> Scores: {'farming': 4, 'ocean': 1, 'nature': 5, 'convenience': 3, 'parenting': 4, 'diy': 4}
Enriched: 群馬県吾妻郡嬬恋村大字鎌原藤原 -> Scores: {'farming': 5, 'ocean': 1, 'nature': 5, 'convenience': 2, 'parenting': 3, 'diy': 4}
     Processed 280/293
Enriched: 群馬県太田市金山町 -> Scores: {'farming': 4, 'ocean': 1, 'nature': 5, 'convenience': 2, 'parenting': 3, 'diy': 4}
Enriched: 群馬県吾妻郡嬬恋村大字鎌原大カイシコ -> Scores: {'farming': 4, 'ocean': 1, 'nature': 5, 'convenience': 2, 'parenting': 3, 'diy': 4}
Enriched: 群馬県吾妻郡嬬恋村大字鎌原大カイシコ -> Scores: {'farming': 4, 'ocean': 1, 'nature': 5, 'convenience': 2, 'parenting': 3, 'diy': 5}
Enriched: 群馬県富岡市桑原 -> Scores: {'farming': 5, 'ocean': 1, 'nature': 4, 'convenience': 2, 'parenting': 3, 'diy': 4}
Enriched: 群馬県吾妻郡嬬恋村大字鎌原 -> Scores: {'farming': 4, 'ocean': 1, 'nature': 5, 'convenience': 2, 'parenting': 3, 'diy': 5}
     Processed 285/293
Enriched: 群馬県吾妻郡嬬恋村大字鎌原 -> Scores: {'farming': 5, 'ocean': 1, 'nature': 5, 'convenience': 2, 'parenting': 4, 'diy': 4}
Enriched: 群馬県伊勢崎市境上渕名 -> Scores: {'farming': 4, 'ocean': 1, 'nature': 4, 'convenience': 2, 'parenting': 3, 'diy': 5}
Enriched: 群馬県富岡市妙義町上高田 -> Scores: {'farming': 4, 'ocean': 1, 'nature': 5, 'convenience': 3, 'parenting': 4, 'diy': 4}
Enriched: 群馬県館林市大街道２丁目 -> Scores: {'farming': 4, 'ocean': 1, 'nature': 3, 'convenience': 2, 'parenting': 4, 'diy': 5}
Enriched: 群馬県吾妻郡嬬恋村大字鎌原大カイシコ -> Scores: {'farming': 4, 'ocean': 1, 'nature': 5, 'convenience': 2, 'parenting': 3, 'diy': 3}
     Processed 290/293
Enriched: 群馬県吾妻郡嬬恋村大字鎌原 -> Scores: {'farming': 4, 'ocean': 1, 'nature': 5, 'convenience': 2, 'parenting': 3, 'diy': 3}
Enriched: 群馬県渋川市北橘町分郷八崎 -> Scores: {'farming': 5, 'ocean': 2, 'nature': 5, 'convenience': 3, 'parenting': 4, 'diy': 4}
Enriched: 群馬県安中市松井田町小日向 -> Scores: {'farming': 4, 'ocean': 1, 'nature': 5, 'convenience': 2, 'parenting': 3, 'diy': 5}
  -> Saved to public/scraped/gunma.json

[11 埼玉県 (saitama)] Starting scrape...
  -> Scraped 37 items.
  -> Enriching 37 items with AI...
Enriched: 埼玉県久喜市緑１丁目 -> Scores: {'farming': 2, 'ocean': 1, 'nature': 2, 'convenience': 4, 'parenting': 3, 'diy': 4}
Enriched: 埼玉県比企郡小川町大字笠原 -> Scores: {'farming': 4, 'ocean': 1, 'nature': 4, 'convenience': 3, 'parenting': 4, 'diy': 5}
Enriched: 埼玉県東松山市大字東平 -> Scores: {'farming': 4, 'ocean': 1, 'nature': 4, 'convenience': 3, 'parenting': 4, 'diy': 5}
Enriched: 埼玉県東松山市桜山台 -> Scores: {'farming': 4, 'ocean': 1, 'nature': 4, 'convenience': 3, 'parenting': 4, 'diy': 4}
Enriched: 埼玉県比企郡鳩山町大字赤沼 -> Scores: {'farming': 5, 'ocean': 1, 'nature': 4, 'convenience': 3, 'parenting': 5, 'diy': 4}
     Processed 5/37
Enriched: 埼玉県久喜市青毛２丁目 -> Scores: {'farming': 4, 'ocean': 1, 'nature': 3, 'convenience': 3, 'parenting': 4, 'diy': 4}
Enriched: 埼玉県比企郡小川町大字上横田 -> Scores: {'farming': 5, 'ocean': 1, 'nature': 4, 'convenience': 3, 'parenting': 4, 'diy': 5}
Enriched: 埼玉県比企郡川島町八幡１丁目 -> Scores: {'farming': 4, 'ocean': 1, 'nature': 4, 'convenience': 3, 'parenting': 4, 'diy': 4}
Enriched: 埼玉県熊谷市新堀 -> Scores: {'farming': 4, 'ocean': 1, 'nature': 4, 'convenience': 3, 'parenting': 4, 'diy': 3}
Enriched: 埼玉県比企郡小川町大字高谷 -> Scores: {'farming': 4, 'ocean': 1, 'nature': 5, 'convenience': 3, 'parenting': 4, 'diy': 4}
     Processed 10/37
Enriched: 埼玉県比企郡鳩山町松ヶ丘４丁目 -> Scores: {'farming': 4, 'ocean': 1, 'nature': 5, 'convenience': 3, 'parenting': 4, 'diy': 4}
Enriched: 埼玉県比企郡川島町大字下伊草 -> Scores: {'farming': 4, 'ocean': 1, 'nature': 5, 'convenience': 3, 'parenting': 4, 'diy': 5}
Enriched: 埼玉県東松山市大字東平 -> Scores: {'farming': 4, 'ocean': 1, 'nature': 4, 'convenience': 3, 'parenting': 3, 'diy': 5}
Enriched: 埼玉県比企郡鳩山町大字奥田 -> Scores: {'farming': 4, 'ocean': 1, 'nature': 4, 'convenience': 3, 'parenting': 4, 'diy': 3}
Enriched: 埼玉県行田市大字忍 -> Scores: {'farming': 3, 'ocean': 1, 'nature': 4, 'convenience': 4, 'parenting': 3, 'diy': 2}
     Processed 15/37
Enriched: 埼玉県行田市大字須加 -> Scores: {'farming': 4, 'ocean': 1, 'nature': 4, 'convenience': 3, 'parenting': 4, 'diy': 5}
Enriched: 埼玉県行田市大字埼玉 -> Scores: {'farming': 4, 'ocean': 1, 'nature': 4, 'convenience': 3, 'parenting': 3, 'diy': 5}
Enriched: 埼玉県行田市大字小針 -> Scores: {'farming': 5, 'ocean': 1, 'nature': 4, 'convenience': 3, 'parenting': 4, 'diy': 3}
Enriched: 埼玉県比企郡小川町大字勝呂 -> Scores: {'farming': 4, 'ocean': 1, 'nature': 5, 'convenience': 3, 'parenting': 4, 'diy': 4}
Enriched: 埼玉県坂戸市西坂戸５丁目 -> Scores: {'farming': 4, 'ocean': 1, 'nature': 4, 'convenience': 3, 'parenting': 4, 'diy': 5}
     Processed 20/37
Enriched: 埼玉県比企郡鳩山町松ヶ丘４丁目 -> Scores: {'farming': 4, 'ocean': 1, 'nature': 4, 'convenience': 3, 'parenting': 4, 'diy': 4}
Enriched: 埼玉県比企郡鳩山町大字今宿 -> Scores: {'farming': 4, 'ocean': 1, 'nature': 4, 'convenience': 3, 'parenting': 4, 'diy': 5}
Enriched: 埼玉県比企郡小川町東小川３丁目 -> Scores: {'farming': 4, 'ocean': 1, 'nature': 4, 'convenience': 3, 'parenting': 4, 'diy': 4}
Enriched: 埼玉県東松山市大字東平 -> Scores: {'farming': 4, 'ocean': 1, 'nature': 5, 'convenience': 3, 'parenting': 4, 'diy': 5}
Enriched: 埼玉県比企郡鳩山町大字今宿 -> Scores: {'farming': 4, 'ocean': 1, 'nature': 5, 'convenience': 3, 'parenting': 4, 'diy': 5}
     Processed 25/37
Enriched: 埼玉県坂戸市花影町 -> Scores: {'farming': 4, 'ocean': 1, 'nature': 4, 'convenience': 3, 'parenting': 4, 'diy': 3}
Enriched: 埼玉県入間郡越生町大字越生 -> Scores: {'farming': 5, 'ocean': 1, 'nature': 5, 'convenience': 3, 'parenting': 4, 'diy': 4}
Enriched: 埼玉県比企郡小川町大字青山 -> Scores: {'farming': 5, 'ocean': 1, 'nature': 5, 'convenience': 2, 'parenting': 4, 'diy': 3}
Enriched: 埼玉県日高市武蔵台２丁目 -> Scores: {'farming': 4, 'ocean': 1, 'nature': 3, 'convenience': 3, 'parenting': 4, 'diy': 4}
Enriched: 埼玉県飯能市大字中藤下郷 -> Scores: {'farming': 4, 'ocean': 1, 'nature': 5, 'convenience': 3, 'parenting': 4, 'diy': 4}
     Processed 30/37
Enriched: 埼玉県羽生市大字上村君 -> Scores: {'farming': 4, 'ocean': 1, 'nature': 4, 'convenience': 3, 'parenting': 4, 'diy': 5}
Enriched: 埼玉県羽生市中央２丁目 -> Scores: {'farming': 3, 'ocean': 1, 'nature': 3, 'convenience': 4, 'parenting': 4, 'diy': 2}
Enriched: 埼玉県羽生市北２丁目 -> Scores: {'farming': 4, 'ocean': 1, 'nature': 3, 'convenience': 4, 'parenting': 4, 'diy': 3}
Enriched: 埼玉県羽生市東１丁目 -> Scores: {'farming': 4, 'ocean': 1, 'nature': 3, 'convenience': 3, 'parenting': 4, 'diy': 4}
Enriched: 埼玉県入間郡越生町大字越生 -> Scores: {'farming': 5, 'ocean': 1, 'nature': 5, 'convenience': 3, 'parenting': 4, 'diy': 3}
     Processed 35/37
Enriched: 埼玉県比企郡鳩山町鳩ヶ丘２丁目 -> Scores: {'farming': 4, 'ocean': 1, 'nature': 5, 'convenience': 3, 'parenting': 4, 'diy': 5}
Enriched: 埼玉県入間郡越生町大字大満 -> Scores: {'farming': 4, 'ocean': 1, 'nature': 5, 'convenience': 2, 'parenting': 3, 'diy': 4}
  -> Saved to public/scraped/saitama.json

[12 千葉県 (chiba)] Starting scrape...
  -> Scraped 57 items.
  -> Enriching 57 items with AI...
Enriched: 千葉県長生郡長柄町鴇谷 -> Scores: {'farming': 4, 'ocean': 2, 'nature': 5, 'convenience': 3, 'parenting': 4, 'diy': 4}
Enriched: 千葉県我孫子市中峠 -> Scores: {'farming': 4, 'ocean': 2, 'nature': 5, 'convenience': 3, 'parenting': 4, 'diy': 5}
Enriched: 千葉県夷隅郡大多喜町小内 -> Scores: {'farming': 4, 'ocean': 2, 'nature': 5, 'convenience': 3, 'parenting': 4, 'diy': 4}
Enriched: 千葉県長生郡長柄町山之郷 -> Scores: {'farming': 4, 'ocean': 2, 'nature': 5, 'convenience': 2, 'parenting': 3, 'diy': 4}
Enriched: 千葉県我孫子市青山台２丁目 -> Scores: {'farming': 4, 'ocean': 2, 'nature': 4, 'convenience': 4, 'parenting': 4, 'diy': 3}
     Processed 5/57
Enriched: 千葉県君津市浦田 -> Scores: {'farming': 4, 'ocean': 2, 'nature': 5, 'convenience': 3, 'parenting': 4, 'diy': 3}
Enriched: 千葉県夷隅郡大多喜町小沢又 -> Scores: {'farming': 5, 'ocean': 2, 'nature': 5, 'convenience': 3, 'parenting': 4, 'diy': 4}
Enriched: 千葉県我孫子市古戸 -> Scores: {'farming': 5, 'ocean': 2, 'nature': 4, 'convenience': 4, 'parenting': 4, 'diy': 3}
Enriched: 千葉県長生郡長柄町大庭 -> Scores: {'farming': 5, 'ocean': 2, 'nature': 5, 'convenience': 3, 'parenting': 4, 'diy': 4}
Enriched: 千葉県銚子市通町 -> Scores: {'farming': 4, 'ocean': 3, 'nature': 5, 'convenience': 3, 'parenting': 4, 'diy': 5}
     Processed 10/57
Enriched: 千葉県印旛郡栄町安食卜杭新田 -> Scores: {'farming': 4, 'ocean': 2, 'nature': 5, 'convenience': 3, 'parenting': 4, 'diy': 3}
Enriched: 千葉県富津市二間塚 -> Scores: {'farming': 4, 'ocean': 3, 'nature': 5, 'convenience': 2, 'parenting': 3, 'diy': 4}
Enriched: 千葉県八千代市村上 -> Scores: {'farming': 4, 'ocean': 2, 'nature': 5, 'convenience': 3, 'parenting': 4, 'diy': 3}
Enriched: 千葉県夷隅郡大多喜町船子 -> Scores: {'farming': 4, 'ocean': 2, 'nature': 5, 'convenience': 3, 'parenting': 4, 'diy': 3}
Enriched: 千葉県我孫子市船戸２丁目 -> Scores: {'farming': 4, 'ocean': 2, 'nature': 5, 'convenience': 3, 'parenting': 4, 'diy': 4}
     Processed 15/57
Enriched: 千葉県夷隅郡大多喜町小土呂 -> Scores: {'farming': 5, 'ocean': 2, 'nature': 5, 'convenience': 3, 'parenting': 4, 'diy': 5}
Enriched: 千葉県夷隅郡大多喜町横山 -> Scores: {'farming': 4, 'ocean': 2, 'nature': 5, 'convenience': 3, 'parenting': 4, 'diy': 4}
Enriched: 千葉県旭市清和乙 -> Scores: {'farming': 4, 'ocean': 2, 'nature': 5, 'convenience': 3, 'parenting': 4, 'diy': 4}
Enriched: 千葉県長生郡長柄町山之郷 -> Scores: {'farming': 4, 'ocean': 2, 'nature': 5, 'convenience': 3, 'parenting': 4, 'diy': 5}
Enriched: 千葉県長生郡長柄町大津倉 -> Scores: {'farming': 5, 'ocean': 2, 'nature': 5, 'convenience': 3, 'parenting': 4, 'diy': 5}
     Processed 20/57
Enriched: 千葉県長生郡長柄町桜谷 -> Scores: {'farming': 5, 'ocean': 2, 'nature': 5, 'convenience': 3, 'parenting': 4, 'diy': 4}
Enriched: 千葉県長生郡長柄町長柄山 -> Scores: {'farming': 4, 'ocean': 2, 'nature': 5, 'convenience': 3, 'parenting': 4, 'diy': 3}
Enriched: 千葉県長生郡長柄町船木 -> Scores: {'farming': 4, 'ocean': 2, 'nature': 5, 'convenience': 3, 'parenting': 4, 'diy': 5}
Enriched: 千葉県長生郡長柄町金谷 -> Scores: {'farming': 5, 'ocean': 2, 'nature': 5, 'convenience': 3, 'parenting': 4, 'diy': 5}
Enriched: 千葉県長生郡長柄町長柄山 -> Scores: {'farming': 5, 'ocean': 1, 'nature': 5, 'convenience': 2, 'parenting': 3, 'diy': 4}
     Processed 25/57
Enriched: 千葉県長生郡長柄町長柄山 -> Scores: {'farming': 5, 'ocean': 2, 'nature': 5, 'convenience': 3, 'parenting': 4, 'diy': 5}
Enriched: 千葉県長生郡長柄町榎本 -> Scores: {'farming': 4, 'ocean': 2, 'nature': 5, 'convenience': 3, 'parenting': 4, 'diy': 5}
Enriched: 千葉県長生郡長柄町立鳥 -> Scores: {'farming': 5, 'ocean': 2, 'nature': 5, 'convenience': 3, 'parenting': 4, 'diy': 4}
Enriched: 千葉県長生郡長柄町山之郷 -> Scores: {'farming': 4, 'ocean': 2, 'nature': 5, 'convenience': 3, 'parenting': 4, 'diy': 5}
Enriched: 千葉県長生郡長柄町大津倉 -> Scores: {'farming': 5, 'ocean': 2, 'nature': 5, 'convenience': 3, 'parenting': 4, 'diy': 4}
     Processed 30/57
Enriched: 千葉県長生郡長柄町味庄 -> Scores: {'farming': 4, 'ocean': 2, 'nature': 5, 'convenience': 3, 'parenting': 4, 'diy': 3}
Enriched: 千葉県長生郡長柄町山之郷 -> Scores: {'farming': 5, 'ocean': 2, 'nature': 5, 'convenience': 3, 'parenting': 4, 'diy': 5}
Enriched: 千葉県長生郡長柄町山之郷 -> Scores: {'farming': 4, 'ocean': 2, 'nature': 5, 'convenience': 2, 'parenting': 3, 'diy': 4}
Enriched: 千葉県夷隅郡大多喜町船子 -> Scores: {'farming': 5, 'ocean': 2, 'nature': 5, 'convenience': 3, 'parenting': 4, 'diy': 4}
Enriched: 千葉県夷隅郡大多喜町新丁 -> Scores: {'farming': 4, 'ocean': 2, 'nature': 5, 'convenience': 3, 'parenting': 4, 'diy': 4}
     Processed 35/57
Enriched: 千葉県夷隅郡大多喜町大多喜 -> Scores: {'farming': 4, 'ocean': 2, 'nature': 5, 'convenience': 3, 'parenting': 4, 'diy': 5}
Enriched: 千葉県富津市千種新田 -> Scores: {'farming': 3, 'ocean': 2, 'nature': 4, 'convenience': 3, 'parenting': 4, 'diy': 3}
Enriched: 千葉県印旛郡栄町安食台４丁目 -> Scores: {'farming': 4, 'ocean': 2, 'nature': 5, 'convenience': 3, 'parenting': 4, 'diy': 5}
Enriched: 千葉県我孫子市布佐平和台４丁目 -> Scores: {'farming': 4, 'ocean': 2, 'nature': 4, 'convenience': 3, 'parenting': 4, 'diy': 5}
Enriched: 千葉県鎌ケ谷市東初富５丁目 -> Scores: {'farming': 4, 'ocean': 2, 'nature': 4, 'convenience': 3, 'parenting': 4, 'diy': 5}
     Processed 40/57
Enriched: 千葉県匝瑳市八日市場ホ -> Scores: {'farming': 4, 'ocean': 2, 'nature': 5, 'convenience': 3, 'parenting': 4, 'diy': 5}
Enriched: 千葉県佐倉市上志津 -> Scores: {'farming': 5, 'ocean': 1, 'nature': 4, 'convenience': 3, 'parenting': 4, 'diy': 2}
Enriched: 千葉県佐倉市千成３丁目 -> Scores: {'farming': 4, 'ocean': 2, 'nature': 4, 'convenience': 3, 'parenting': 3, 'diy': 5}
Enriched: 千葉県佐倉市生谷 -> Scores: {'farming': 4, 'ocean': 2, 'nature': 4, 'convenience': 3, 'parenting': 4, 'diy': 5}
Enriched: 千葉県夷隅郡大多喜町猿稲 -> Scores: {'farming': 5, 'ocean': 2, 'nature': 5, 'convenience': 3, 'parenting': 4, 'diy': 4}
     Processed 45/57
Enriched: 千葉県山武郡芝山町大台 -> Scores: {'farming': 5, 'ocean': 2, 'nature': 4, 'convenience': 3, 'parenting': 4, 'diy': 5}
Enriched: 千葉県市原市立野 -> Scores: {'farming': 4, 'ocean': 2, 'nature': 4, 'convenience': 3, 'parenting': 4, 'diy': 3}
Enriched: 千葉県旭市琴田 -> Scores: {'farming': 5, 'ocean': 2, 'nature': 4, 'convenience': 3, 'parenting': 4, 'diy': 5}
Enriched: 千葉県香取郡東庄町羽計 -> Scores: {'farming': 5, 'ocean': 2, 'nature': 4, 'convenience': 2, 'parenting': 3, 'diy': 4}
Enriched: 千葉県香取郡東庄町小南 -> Scores: {'farming': 5, 'ocean': 2, 'nature': 5, 'convenience': 2, 'parenting': 4, 'diy': 3}
     Processed 50/57
Enriched: 千葉県香取郡東庄町笹川い -> Scores: {'farming': 4, 'ocean': 2, 'nature': 5, 'convenience': 3, 'parenting': 4, 'diy': 4}
Enriched: 千葉県印旛郡栄町南ケ丘２丁目 -> Scores: {'farming': 4, 'ocean': 2, 'nature': 4, 'convenience': 3, 'parenting': 4, 'diy': 3}
Enriched: 千葉県夷隅郡大多喜町久保 -> Scores: {'farming': 4, 'ocean': 2, 'nature': 5, 'convenience': 3, 'parenting': 4, 'diy': 5}
Enriched: 千葉県南房総市沓見 -> Scores: {'farming': 4, 'ocean': 3, 'nature': 5, 'convenience': 2, 'parenting': 3, 'diy': 4}
Enriched: 千葉県南房総市千倉町瀬戸 -> Scores: {'farming': 5, 'ocean': 3, 'nature': 5, 'convenience': 2, 'parenting': 4, 'diy': 4}
     Processed 55/57
Enriched: 千葉県山武郡芝山町新井田 -> Scores: {'farming': 5, 'ocean': 2, 'nature': 5, 'convenience': 3, 'parenting': 4, 'diy': 5}
Enriched: 千葉県野田市桜台 -> Scores: {'farming': 4, 'ocean': 2, 'nature': 4, 'convenience': 3, 'parenting': 4, 'diy': 5}
  -> Saved to public/scraped/chiba.json

[13 東京都 (tokyo)] Starting scrape...
  -> Scraped 14 items.
  -> Enriching 14 items with AI...
Enriched: 東京都西多摩郡奥多摩町原 -> Scores: {'farming': 4, 'ocean': 1, 'nature': 5, 'convenience': 2, 'parenting': 3, 'diy': 3}
Enriched: 東京都西多摩郡奥多摩町氷川 -> Scores: {'farming': 3, 'ocean': 1, 'nature': 5, 'convenience': 2, 'parenting': 3, 'diy': 4}
Enriched: 東京都西多摩郡奥多摩町小丹波 -> Scores: {'farming': 5, 'ocean': 1, 'nature': 5, 'convenience': 2, 'parenting': 4, 'diy': 5}
Enriched: 東京都西多摩郡奥多摩町海澤 -> Scores: {'farming': 4, 'ocean': 2, 'nature': 5, 'convenience': 2, 'parenting': 3, 'diy': 3}
Enriched: 東京都西多摩郡奥多摩町氷川 -> Scores: {'farming': 5, 'ocean': 1, 'nature': 5, 'convenience': 2, 'parenting': 3, 'diy': 4}
     Processed 5/14
Enriched: 東京都西多摩郡奥多摩町川井 -> Scores: {'farming': 5, 'ocean': 1, 'nature': 5, 'convenience': 2, 'parenting': 4, 'diy': 4}
Enriched: 東京都西多摩郡奥多摩町海澤 -> Scores: {'farming': 4, 'ocean': 1, 'nature': 5, 'convenience': 2, 'parenting': 3, 'diy': 3}
Enriched: 東京都西多摩郡奥多摩町川井 -> Scores: {'farming': 5, 'ocean': 1, 'nature': 5, 'convenience': 2, 'parenting': 3, 'diy': 4}
Enriched: 東京都西多摩郡奥多摩町境 -> Scores: {'farming': 4, 'ocean': 1, 'nature': 5, 'convenience': 2, 'parenting': 4, 'diy': 4}
Enriched: 東京都西多摩郡奥多摩町川野 -> Scores: {'farming': 4, 'ocean': 1, 'nature': 5, 'convenience': 2, 'parenting': 3, 'diy': 3}
     Processed 10/14
Enriched: 東京都西多摩郡奥多摩町氷川 -> Scores: {'farming': 4, 'ocean': 1, 'nature': 5, 'convenience': 2, 'parenting': 3, 'diy': 3}
Enriched: 東京都西多摩郡奥多摩町氷川 -> Scores: {'farming': 4, 'ocean': 1, 'nature': 5, 'convenience': 2, 'parenting': 3, 'diy': 3}
Enriched: 東京都西多摩郡奥多摩町境 -> Scores: {'farming': 4, 'ocean': 1, 'nature': 5, 'convenience': 2, 'parenting': 3, 'diy': 3}
Enriched: 東京都西多摩郡奥多摩町留浦 -> Scores: {'farming': 4, 'ocean': 1, 'nature': 5, 'convenience': 2, 'parenting': 3, 'diy': 4}
  -> Saved to public/scraped/tokyo.json

[14 神奈川県 (kanagawa)] Starting scrape...
  -> Scraped 40 items.
  -> Enriching 40 items with AI...
Enriched: 神奈川県秦野市南矢名 -> Scores: {'farming': 4, 'ocean': 2, 'nature': 5, 'convenience': 3, 'parenting': 4, 'diy': 3}
Enriched: 神奈川県秦野市北矢名 -> Scores: {'farming': 4, 'ocean': 1, 'nature': 5, 'convenience': 3, 'parenting': 4, 'diy': 2}
Enriched: 神奈川県秦野市曲松２丁目 -> Scores: {'farming': 4, 'ocean': 2, 'nature': 5, 'convenience': 3, 'parenting': 4, 'diy': 3}
Enriched: 神奈川県小田原市鴨宮 -> Scores: {'farming': 4, 'ocean': 2, 'nature': 5, 'convenience': 3, 'parenting': 4, 'diy': 5}
Enriched: 神奈川県小田原市下新田 -> Scores: {'farming': 4, 'ocean': 2, 'nature': 4, 'convenience': 3, 'parenting': 4, 'diy': 5}
     Processed 5/40
Enriched: 神奈川県秦野市渋沢２丁目 -> Scores: {'farming': 4, 'ocean': 1, 'nature': 5, 'convenience': 3, 'parenting': 4, 'diy': 4}
Enriched: 神奈川県小田原市久野 -> Scores: {'farming': 4, 'ocean': 2, 'nature': 5, 'convenience': 3, 'parenting': 4, 'diy': 3}
Enriched: 神奈川県小田原市飯田岡 -> Scores: {'farming': 4, 'ocean': 2, 'nature': 5, 'convenience': 3, 'parenting': 4, 'diy': 4}
Enriched: 神奈川県秦野市堀西 -> Scores: {'farming': 4, 'ocean': 1, 'nature': 5, 'convenience': 3, 'parenting': 4, 'diy': 4}
Enriched: 神奈川県秦野市南矢名 -> Scores: {'farming': 4, 'ocean': 1, 'nature': 5, 'convenience': 3, 'parenting': 4, 'diy': 4}
     Processed 10/40
Enriched: 神奈川県秦野市新町 -> Scores: {'farming': 4, 'ocean': 2, 'nature': 5, 'convenience': 4, 'parenting': 4, 'diy': 3}
Enriched: 神奈川県秦野市戸川 -> Scores: {'farming': 4, 'ocean': 1, 'nature': 5, 'convenience': 3, 'parenting': 4, 'diy': 3}
Enriched: 神奈川県秦野市戸川 -> Scores: {'farming': 4, 'ocean': 2, 'nature': 5, 'convenience': 3, 'parenting': 4, 'diy': 4}
Enriched: 神奈川県伊勢原市西富岡 -> Scores: {'farming': 4, 'ocean': 2, 'nature': 5, 'convenience': 3, 'parenting': 4, 'diy': 5}
Enriched: 神奈川県秦野市南矢名 -> Scores: {'farming': 4, 'ocean': 1, 'nature': 5, 'convenience': 3, 'parenting': 4, 'diy': 4}
     Processed 15/40
Enriched: 神奈川県秦野市今泉台１丁目 -> Scores: {'farming': 4, 'ocean': 2, 'nature': 4, 'convenience': 4, 'parenting': 5, 'diy': 3}
Enriched: 神奈川県秦野市戸川 -> Scores: {'farming': 4, 'ocean': 1, 'nature': 5, 'convenience': 3, 'parenting': 5, 'diy': 4}
Enriched: 神奈川県秦野市弥生町 -> Scores: {'farming': 5, 'ocean': 2, 'nature': 4, 'convenience': 3, 'parenting': 4, 'diy': 5}
Enriched: 神奈川県秦野市尾尻 -> Scores: {'farming': 4, 'ocean': 1, 'nature': 5, 'convenience': 3, 'parenting': 4, 'diy': 3}
Enriched: 神奈川県秦野市曲松１丁目 -> Scores: {'farming': 4, 'ocean': 1, 'nature': 5, 'convenience': 3, 'parenting': 4, 'diy': 5}
     Processed 20/40
Enriched: 神奈川県秦野市西田原 -> Scores: {'farming': 4, 'ocean': 2, 'nature': 5, 'convenience': 3, 'parenting': 4, 'diy': 4}
Enriched: 神奈川県秦野市今泉 -> Scores: {'farming': 4, 'ocean': 2, 'nature': 5, 'convenience': 3, 'parenting': 4, 'diy': 3}
Enriched: 神奈川県秦野市戸川 -> Scores: {'farming': 4, 'ocean': 1, 'nature': 5, 'convenience': 3, 'parenting': 4, 'diy': 5}
Enriched: 神奈川県愛甲郡愛川町半原 -> Scores: {'farming': 4, 'ocean': 2, 'nature': 5, 'convenience': 3, 'parenting': 4, 'diy': 5}
Enriched: 神奈川県愛甲郡愛川町中津 -> Scores: {'farming': 4, 'ocean': 2, 'nature': 5, 'convenience': 3, 'parenting': 4, 'diy': 4}
     Processed 25/40
Enriched: 神奈川県秦野市鈴張町 -> Scores: {'farming': 4, 'ocean': 1, 'nature': 5, 'convenience': 3, 'parenting': 4, 'diy': 5}
Enriched: 神奈川県足柄上郡山北町中川 -> Scores: {'farming': 2, 'ocean': 3, 'nature': 5, 'convenience': 3, 'parenting': 4, 'diy': 3}
Enriched: 神奈川県足柄上郡山北町山北 -> Scores: {'farming': 4, 'ocean': 2, 'nature': 5, 'convenience': 3, 'parenting': 4, 'diy': 3}
Enriched: 神奈川県秦野市渋沢３丁目 -> Scores: {'farming': 4, 'ocean': 1, 'nature': 5, 'convenience': 3, 'parenting': 4, 'diy': 3}
Enriched: 神奈川県秦野市尾尻 -> Scores: {'farming': 4, 'ocean': 1, 'nature': 5, 'convenience': 3, 'parenting': 4, 'diy': 5}
     Processed 30/40
Enriched: 神奈川県足柄上郡山北町山北 -> Scores: {'farming': 4, 'ocean': 2, 'nature': 5, 'convenience': 3, 'parenting': 4, 'diy': 5}
Enriched: 神奈川県足柄上郡山北町山北 -> Scores: {'farming': 5, 'ocean': 2, 'nature': 5, 'convenience': 3, 'parenting': 4, 'diy': 5}
Enriched: 神奈川県足柄上郡山北町山北 -> Scores: {'farming': 4, 'ocean': 2, 'nature': 5, 'convenience': 3, 'parenting': 4, 'diy': 5}
Enriched: 神奈川県秦野市曽屋 -> Scores: {'farming': 4, 'ocean': 1, 'nature': 5, 'convenience': 3, 'parenting': 4, 'diy': 4}
Enriched: 神奈川県秦野市千村１丁目 -> Scores: {'farming': 4, 'ocean': 1, 'nature': 4, 'convenience': 3, 'parenting': 4, 'diy': 3}
     Processed 35/40
Enriched: 神奈川県足柄上郡山北町山北 -> Scores: {'farming': 4, 'ocean': 2, 'nature': 5, 'convenience': 3, 'parenting': 4, 'diy': 3}
Enriched: 神奈川県足柄上郡山北町神尾田 -> Scores: {'farming': 5, 'ocean': 2, 'nature': 5, 'convenience': 3, 'parenting': 4, 'diy': 5}
Enriched: 神奈川県足柄上郡山北町平山 -> Scores: {'farming': 4, 'ocean': 2, 'nature': 5, 'convenience': 3, 'parenting': 4, 'diy': 4}
Enriched: 神奈川県秦野市堀山下 -> Scores: {'farming': 4, 'ocean': 2, 'nature': 5, 'convenience': 3, 'parenting': 4, 'diy': 3}
Enriched: 神奈川県足柄上郡山北町岸 -> Scores: {'farming': 5, 'ocean': 2, 'nature': 5, 'convenience': 3, 'parenting': 4, 'diy': 4}
     Processed 40/40
  -> Saved to public/scraped/kanagawa.json

[15 新潟県 (niigata)] Starting scrape...
  -> Scraped 478 items.
  -> Enriching 478 items with AI...
Enriched: 新潟県長岡市栖吉町 -> Scores: {'farming': 4, 'ocean': 2, 'nature': 5, 'convenience': 3, 'parenting': 4, 'diy': 4}
Enriched: 新潟県五泉市下新 -> Scores: {'farming': 5, 'ocean': 2, 'nature': 5, 'convenience': 3, 'parenting': 4, 'diy': 4}
Enriched: 新潟県胎内市若松町 -> Scores: {'farming': 4, 'ocean': 2, 'nature': 5, 'convenience': 2, 'parenting': 3, 'diy': 4}
Enriched: 新潟県柏崎市大字平井 -> Scores: {'farming': 4, 'ocean': 3, 'nature': 5, 'convenience': 2, 'parenting': 4, 'diy': 4}
Enriched: 新潟県西蒲原郡弥彦村大字大戸 -> Scores: {'farming': 4, 'ocean': 2, 'nature': 5, 'convenience': 2, 'parenting': 3, 'diy': 4}
     Processed 5/478
Enriched: 新潟県三条市若宮新田 -> Scores: {'farming': 4, 'ocean': 1, 'nature': 4, 'convenience': 2, 'parenting': 3, 'diy': 5}
Enriched: 新潟県三条市須戸新田 -> Scores: {'farming': 4, 'ocean': 1, 'nature': 4, 'convenience': 2, 'parenting': 3, 'diy': 4}
Enriched: 新潟県十日町市稲葉 -> Scores: {'farming': 4, 'ocean': 2, 'nature': 5, 'convenience': 3, 'parenting': 4, 'diy': 5}
Enriched: 新潟県十日町市七軒町 -> Scores: {'farming': 4, 'ocean': 1, 'nature': 4, 'convenience': 2, 'parenting': 3, 'diy': 3}
Enriched: 新潟県十日町市小泉 -> Scores: {'farming': 4, 'ocean': 1, 'nature': 5, 'convenience': 3, 'parenting': 4, 'diy': 5}
     Processed 10/478
Enriched: 新潟県佐渡市宮川 -> Scores: {'farming': 4, 'ocean': 2, 'nature': 5, 'convenience': 3, 'parenting': 4, 'diy': 3}
Enriched: 新潟県佐渡市栗野江 -> Scores: {'farming': 5, 'ocean': 2, 'nature': 5, 'convenience': 3, 'parenting': 4, 'diy': 4}
Enriched: 新潟県佐渡市後尾 -> Scores: {'farming': 5, 'ocean': 2, 'nature': 5, 'convenience': 3, 'parenting': 4, 'diy': 4}
Enriched: 新潟県佐渡市河原田本町 -> Scores: {'farming': 4, 'ocean': 2, 'nature': 5, 'convenience': 3, 'parenting': 4, 'diy': 5}
Enriched: 新潟県佐渡市稲鯨 -> Scores: {'farming': 4, 'ocean': 2, 'nature': 5, 'convenience': 2, 'parenting': 3, 'diy': 3}
     Processed 15/478
Enriched: 新潟県小千谷市大字岩沢 -> Scores: {'farming': 5, 'ocean': 1, 'nature': 4, 'convenience': 2, 'parenting': 3, 'diy': 4}
Enriched: 新潟県小千谷市大字三仏生 -> Scores: {'farming': 4, 'ocean': 2, 'nature': 5, 'convenience': 3, 'parenting': 4, 'diy': 5}
Enriched: 新潟県小千谷市東栄１丁目 -> Scores: {'farming': 4, 'ocean': 1, 'nature': 5, 'convenience': 3, 'parenting': 4, 'diy': 3}
Enriched: 新潟県佐渡市栗野江 -> Scores: {'farming': 5, 'ocean': 3, 'nature': 5, 'convenience': 2, 'parenting': 4, 'diy': 3}
Enriched: 新潟県佐渡市岩首 -> Scores: {'farming': 4, 'ocean': 2, 'nature': 5, 'convenience': 3, 'parenting': 4, 'diy': 5}
     Processed 20/478
Enriched: 新潟県佐渡市小木町 -> Scores: {'farming': 4, 'ocean': 3, 'nature': 5, 'convenience': 2, 'parenting': 3, 'diy': 4}
Enriched: 新潟県佐渡市河崎 -> Scores: {'farming': 5, 'ocean': 2, 'nature': 4, 'convenience': 3, 'parenting': 4, 'diy': 5}
Enriched: 新潟県十日町市蒲生 -> Scores: {'farming': 4, 'ocean': 1, 'nature': 5, 'convenience': 2, 'parenting': 3, 'diy': 4}
Enriched: 新潟県十日町市儀明 -> Scores: {'farming': 5, 'ocean': 1, 'nature': 4, 'convenience': 2, 'parenting': 3, 'diy': 5}
Enriched: 新潟県小千谷市栄町 -> Scores: {'farming': 4, 'ocean': 1, 'nature': 5, 'convenience': 3, 'parenting': 4, 'diy': 4}
     Processed 25/478
Enriched: 新潟県小千谷市大字稗生 -> Scores: {'farming': 4, 'ocean': 1, 'nature': 5, 'convenience': 2, 'parenting': 3, 'diy': 4}
Enriched: 新潟県三条市鶴田１丁目 -> Scores: {'farming': 4, 'ocean': 2, 'nature': 5, 'convenience': 3, 'parenting': 4, 'diy': 3}
Enriched: 新潟県三条市西裏館２丁目 -> Scores: {'farming': 4, 'ocean': 1, 'nature': 4, 'convenience': 3, 'parenting': 3, 'diy': 5}
Enriched: 新潟県西蒲原郡弥彦村峰見 -> Scores: {'farming': 5, 'ocean': 2, 'nature': 5, 'convenience': 3, 'parenting': 4, 'diy': 4}
Enriched: 新潟県三条市直江町１丁目 -> Scores: {'farming': 2, 'ocean': 1, 'nature': 3, 'convenience': 4, 'parenting': 3, 'diy': 4}
     Processed 30/478
Enriched: 新潟県三条市直江町１丁目 -> Scores: {'farming': 4, 'ocean': 2, 'nature': 4, 'convenience': 3, 'parenting': 4, 'diy': 3}
Enriched: 新潟県三条市嘉坪川１丁目 -> Scores: {'farming': 4, 'ocean': 1, 'nature': 5, 'convenience': 2, 'parenting': 3, 'diy': 4}
Enriched: 新潟県三条市直江町２丁目 -> Scores: {'farming': 4, 'ocean': 1, 'nature': 5, 'convenience': 3, 'parenting': 4, 'diy': 5}
Enriched: 新潟県三条市四日町 -> Scores: {'farming': 5, 'ocean': 1, 'nature': 4, 'convenience': 3, 'parenting': 4, 'diy': 3}
Enriched: 新潟県三条市東三条２丁目 -> Scores: {'farming': 4, 'ocean': 2, 'nature': 5, 'convenience': 3, 'parenting': 4, 'diy': 3}
     Processed 35/478
Enriched: 新潟県三条市下保内 -> Scores: {'farming': 5, 'ocean': 2, 'nature': 4, 'convenience': 3, 'parenting': 4, 'diy': 5}
Enriched: 新潟県西蒲原郡弥彦村大字矢作 -> Scores: {'farming': 4, 'ocean': 2, 'nature': 5, 'convenience': 3, 'parenting': 4, 'diy': 5}
Enriched: 新潟県三条市曲渕１丁目 -> Scores: {'farming': 4, 'ocean': 2, 'nature': 4, 'convenience': 3, 'parenting': 4, 'diy': 5}
Enriched: 新潟県十日町市太平 -> Scores: {'farming': 5, 'ocean': 1, 'nature': 4, 'convenience': 2, 'parenting': 4, 'diy': 5}
Enriched: 新潟県十日町市堀之内 -> Scores: {'farming': 5, 'ocean': 1, 'nature': 5, 'convenience': 3, 'parenting': 4, 'diy': 4}
     Processed 40/478
Enriched: 新潟県十日町市下条１丁目 -> Scores: {'farming': 5, 'ocean': 1, 'nature': 4, 'convenience': 2, 'parenting': 3, 'diy': 5}
Enriched: 新潟県小千谷市城内４丁目 -> Scores: {'farming': 4, 'ocean': 1, 'nature': 5, 'convenience': 3, 'parenting': 4, 'diy': 5}
Enriched: 新潟県三条市北新保１丁目 -> Scores: {'farming': 4, 'ocean': 2, 'nature': 5, 'convenience': 3, 'parenting': 4, 'diy': 4}
Enriched: 新潟県小千谷市大字山本 -> Scores: {'farming': 5, 'ocean': 1, 'nature': 4, 'convenience': 2, 'parenting': 3, 'diy': 4}
Enriched: 新潟県長岡市喜多町 -> Scores: {'farming': 4, 'ocean': 2, 'nature': 5, 'convenience': 3, 'parenting': 4, 'diy': 4}
     Processed 45/478
Enriched: 新潟県長岡市金町２丁目 -> Scores: {'farming': 4, 'ocean': 2, 'nature': 4, 'convenience': 3, 'parenting': 4, 'diy': 4}
Enriched: 新潟県三条市鶴田１丁目 -> Scores: {'farming': 5, 'ocean': 1, 'nature': 4, 'convenience': 3, 'parenting': 4, 'diy': 5}
Enriched: 新潟県三条市北入蔵１丁目 -> Scores: {'farming': 4, 'ocean': 1, 'nature': 5, 'convenience': 3, 'parenting': 4, 'diy': 5}
Enriched: 新潟県十日町市中屋敷 -> Scores: {'farming': 4, 'ocean': 1, 'nature': 5, 'convenience': 2, 'parenting': 3, 'diy': 5}
Enriched: 新潟県西蒲原郡弥彦村大字矢作 -> Scores: {'farming': 5, 'ocean': 2, 'nature': 4, 'convenience': 3, 'parenting': 4, 'diy': 5}
     Processed 50/478
Enriched: 新潟県十日町市新座甲 -> Scores: {'farming': 5, 'ocean': 1, 'nature': 5, 'convenience': 2, 'parenting': 3, 'diy': 4}
Enriched: 新潟県十日町市中仙田甲 -> Scores: {'farming': 5, 'ocean': 1, 'nature': 5, 'convenience': 2, 'parenting': 4, 'diy': 5}
Enriched: 新潟県十日町市馬場甲 -> Scores: {'farming': 4, 'ocean': 1, 'nature': 5, 'convenience': 3, 'parenting': 4, 'diy': 3}
Enriched: 新潟県柏崎市関町 -> Scores: {'farming': 4, 'ocean': 2, 'nature': 5, 'convenience': 3, 'parenting': 4, 'diy': 4}
Enriched: 新潟県西蒲原郡弥彦村大字弥彦 -> Scores: {'farming': 5, 'ocean': 2, 'nature': 4, 'convenience': 3, 'parenting': 4, 'diy': 3}
     Processed 55/478
Enriched: 新潟県佐渡市北田野浦 -> Scores: {'farming': 4, 'ocean': 3, 'nature': 5, 'convenience': 2, 'parenting': 3, 'diy': 4}
Enriched: 新潟県佐渡市梅津 -> Scores: {'farming': 4, 'ocean': 3, 'nature': 5, 'convenience': 2, 'parenting': 3, 'diy': 4}
Enriched: 新潟県佐渡市下久知 -> Scores: {'farming': 5, 'ocean': 3, 'nature': 5, 'convenience': 2, 'parenting': 4, 'diy': 4}
Enriched: 新潟県小千谷市真人町 -> Scores: {'farming': 4, 'ocean': 2, 'nature': 5, 'convenience': 3, 'parenting': 4, 'diy': 4}
Enriched: 新潟県三条市本町４丁目 -> Scores: {'farming': 5, 'ocean': 2, 'nature': 4, 'convenience': 3, 'parenting': 4, 'diy': 3}
     Processed 60/478
Enriched: 新潟県三条市島田１丁目 -> Scores: {'farming': 4, 'ocean': 2, 'nature': 5, 'convenience': 3, 'parenting': 4, 'diy': 5}
Enriched: 新潟県西蒲原郡弥彦村峰見 -> Scores: {'farming': 4, 'ocean': 2, 'nature': 5, 'convenience': 2, 'parenting': 3, 'diy': 5}
Enriched: 新潟県小千谷市片貝町 -> Scores: {'farming': 4, 'ocean': 1, 'nature': 5, 'convenience': 2, 'parenting': 4, 'diy': 3}
Enriched: 新潟県三条市西四日町２丁目 -> Scores: {'farming': 5, 'ocean': 1, 'nature': 4, 'convenience': 2, 'parenting': 4, 'diy': 3}
Enriched: 新潟県十日町市馬場乙 -> Scores: {'farming': 5, 'ocean': 1, 'nature': 5, 'convenience': 3, 'parenting': 4, 'diy': 3}
     Processed 65/478
Enriched: 新潟県小千谷市大字千谷 -> Scores: {'farming': 4, 'ocean': 2, 'nature': 5, 'convenience': 4, 'parenting': 4, 'diy': 3}
Enriched: 新潟県新潟市西蒲区間瀬 -> Scores: {'farming': 4, 'ocean': 2, 'nature': 5, 'convenience': 3, 'parenting': 4, 'diy': 4}
Enriched: 新潟県新潟市西蒲区東中 -> Scores: {'farming': 5, 'ocean': 2, 'nature': 4, 'convenience': 3, 'parenting': 4, 'diy': 5}
Enriched: 新潟県新潟市西蒲区巻甲 -> Scores: {'farming': 4, 'ocean': 2, 'nature': 5, 'convenience': 3, 'parenting': 4, 'diy': 5}
Enriched: 新潟県十日町市上川町 -> Scores: {'farming': 4, 'ocean': 1, 'nature': 5, 'convenience': 2, 'parenting': 3, 'diy': 5}
     Processed 70/478
Enriched: 新潟県佐渡市金井新保 -> Scores: {'farming': 4, 'ocean': 3, 'nature': 5, 'convenience': 2, 'parenting': 4, 'diy': 5}
Enriched: 新潟県三条市南四日町２丁目 -> Scores: {'farming': 4, 'ocean': 2, 'nature': 4, 'convenience': 3, 'parenting': 4, 'diy': 3}
Enriched: 新潟県三条市柳場新田 -> Scores: {'farming': 4, 'ocean': 1, 'nature': 5, 'convenience': 3, 'parenting': 4, 'diy': 4}
Enriched: 新潟県三条市石上１丁目 -> Scores: {'farming': 4, 'ocean': 1, 'nature': 5, 'convenience': 3, 'parenting': 4, 'diy': 5}
Enriched: 新潟県三条市笹岡 -> Scores: {'farming': 4, 'ocean': 2, 'nature': 5, 'convenience': 3, 'parenting': 4, 'diy': 5}
     Processed 75/478
Enriched: 新潟県佐渡市水渡田 -> Scores: {'farming': 5, 'ocean': 3, 'nature': 5, 'convenience': 2, 'parenting': 4, 'diy': 3}
Enriched: 新潟県佐渡市金丸 -> Scores: {'farming': 4, 'ocean': 3, 'nature': 5, 'convenience': 2, 'parenting': 4, 'diy': 3}
Enriched: 新潟県佐渡市上矢馳 -> Scores: {'farming': 5, 'ocean': 2, 'nature': 4, 'convenience': 2, 'parenting': 3, 'diy': 5}
Enriched: 新潟県佐渡市米郷 -> Scores: {'farming': 4, 'ocean': 3, 'nature': 5, 'convenience': 2, 'parenting': 4, 'diy': 5}
Enriched: 新潟県佐渡市梅津 -> Scores: {'farming': 4, 'ocean': 3, 'nature': 5, 'convenience': 2, 'parenting': 3, 'diy': 4}
     Processed 80/478
Enriched: 新潟県佐渡市寺田 -> Scores: {'farming': 4, 'ocean': 2, 'nature': 5, 'convenience': 3, 'parenting': 4, 'diy': 3}
Enriched: 新潟県小千谷市片貝町 -> Scores: {'farming': 4, 'ocean': 1, 'nature': 4, 'convenience': 3, 'parenting': 4, 'diy': 5}
Enriched: 新潟県西蒲原郡弥彦村大字麓 -> Scores: {'farming': 5, 'ocean': 2, 'nature': 5, 'convenience': 3, 'parenting': 4, 'diy': 5}
Enriched: 新潟県西蒲原郡弥彦村大字弥彦 -> Scores: {'farming': 4, 'ocean': 2, 'nature': 5, 'convenience': 2, 'parenting': 4, 'diy': 4}
Enriched: 新潟県新潟市西蒲区遠藤 -> Scores: {'farming': 4, 'ocean': 2, 'nature': 4, 'convenience': 3, 'parenting': 4, 'diy': 5}
     Processed 85/478
Enriched: 新潟県柏崎市半田２丁目 -> Scores: {'farming': 5, 'ocean': 2, 'nature': 4, 'convenience': 3, 'parenting': 4, 'diy': 5}
Enriched: 新潟県新潟市西蒲区国見 -> Scores: {'farming': 4, 'ocean': 2, 'nature': 5, 'convenience': 3, 'parenting': 4, 'diy': 4}
Enriched: 新潟県三条市林町１丁目 -> Scores: {'farming': 4, 'ocean': 2, 'nature': 5, 'convenience': 3, 'parenting': 4, 'diy': 3}
Enriched: 新潟県三条市旭町２丁目 -> Scores: {'farming': 4, 'ocean': 2, 'nature': 3, 'convenience': 3, 'parenting': 4, 'diy': 3}
Enriched: 新潟県小千谷市大字稗生 -> Scores: {'farming': 5, 'ocean': 2, 'nature': 4, 'convenience': 3, 'parenting': 4, 'diy': 5}
     Processed 90/478
Enriched: 新潟県三条市田島２丁目 -> Scores: {'farming': 4, 'ocean': 2, 'nature': 4, 'convenience': 3, 'parenting': 4, 'diy': 5}
Enriched: 新潟県長岡市昭和２丁目 -> Scores: {'farming': 4, 'ocean': 1, 'nature': 4, 'convenience': 3, 'parenting': 4, 'diy': 5}
Enriched: 新潟県長岡市寺泊五分一 -> Scores: {'farming': 5, 'ocean': 2, 'nature': 4, 'convenience': 3, 'parenting': 4, 'diy': 3}
Enriched: 新潟県三条市南新保 -> Scores: {'farming': 4, 'ocean': 1, 'nature': 3, 'convenience': 3, 'parenting': 4, 'diy': 5}
Enriched: 新潟県佐渡市原黒 -> Scores: {'farming': 5, 'ocean': 2, 'nature': 5, 'convenience': 2, 'parenting': 3, 'diy': 4}
     Processed 95/478
Enriched: 新潟県佐渡市水渡田 -> Scores: {'farming': 4, 'ocean': 3, 'nature': 5, 'convenience': 2, 'parenting': 4, 'diy': 5}
Enriched: 新潟県佐渡市金井新保 -> Scores: {'farming': 4, 'ocean': 3, 'nature': 5, 'convenience': 2, 'parenting': 3, 'diy': 4}
Enriched: 新潟県三条市北新保１丁目 -> Scores: {'farming': 5, 'ocean': 1, 'nature': 4, 'convenience': 3, 'parenting': 4, 'diy': 5}
Enriched: 新潟県三条市柳川新田 -> Scores: {'farming': 4, 'ocean': 1, 'nature': 5, 'convenience': 3, 'parenting': 4, 'diy': 5}
Enriched: 新潟県小千谷市大字浦柄 -> Scores: {'farming': 5, 'ocean': 1, 'nature': 4, 'convenience': 2, 'parenting': 3, 'diy': 4}
     Processed 100/478
Enriched: 新潟県小千谷市本町１丁目 -> Scores: {'farming': 2, 'ocean': 1, 'nature': 3, 'convenience': 4, 'parenting': 4, 'diy': 3}
Enriched: 新潟県三条市島田１丁目 -> Scores: {'farming': 4, 'ocean': 2, 'nature': 5, 'convenience': 3, 'parenting': 4, 'diy': 5}
Enriched: 新潟県三条市興野２丁目 -> Scores: {'farming': 5, 'ocean': 1, 'nature': 4, 'convenience': 2, 'parenting': 3, 'diy': 4}
Enriched: 新潟県三条市上須頃 -> Scores: {'farming': 5, 'ocean': 1, 'nature': 5, 'convenience': 3, 'parenting': 4, 'diy': 4}
Enriched: 新潟県三条市北新保２丁目 -> Scores: {'farming': 4, 'ocean': 1, 'nature': 5, 'convenience': 3, 'parenting': 4, 'diy': 5}
     Processed 105/478
Enriched: 新潟県三条市入蔵新田 -> Scores: {'farming': 4, 'ocean': 1, 'nature': 5, 'convenience': 3, 'parenting': 4, 'diy': 5}
Enriched: 新潟県三条市南新保 -> Scores: {'farming': 4, 'ocean': 1, 'nature': 5, 'convenience': 3, 'parenting': 4, 'diy': 5}
Enriched: 新潟県十日町市松之山天水島 -> Scores: {'farming': 4, 'ocean': 1, 'nature': 5, 'convenience': 2, 'parenting': 4, 'diy': 4}
Enriched: 新潟県西蒲原郡弥彦村大字弥彦 -> Scores: {'farming': 5, 'ocean': 2, 'nature': 5, 'convenience': 3, 'parenting': 4, 'diy': 4}
Enriched: 新潟県南魚沼市中川 -> Scores: {'farming': 4, 'ocean': 2, 'nature': 5, 'convenience': 3, 'parenting': 4, 'diy': 3}
     Processed 110/478
Enriched: 新潟県新潟市西蒲区巻甲 -> Scores: {'farming': 4, 'ocean': 2, 'nature': 5, 'convenience': 3, 'parenting': 4, 'diy': 4}
Enriched: 新潟県三条市月岡４丁目 -> Scores: {'farming': 4, 'ocean': 1, 'nature': 4, 'convenience': 2, 'parenting': 3, 'diy': 5}
Enriched: 新潟県十日町市松之山天水越 -> Scores: {'farming': 4, 'ocean': 1, 'nature': 5, 'convenience': 2, 'parenting': 3, 'diy': 3}
Enriched: 新潟県新発田市下寺内 -> Scores: {'farming': 4, 'ocean': 1, 'nature': 4, 'convenience': 2, 'parenting': 3, 'diy': 5}
Enriched: 新潟県胎内市笹口浜 -> Scores: {'farming': 5, 'ocean': 4, 'nature': 5, 'convenience': 2, 'parenting': 3, 'diy': 3}
     Processed 115/478
Enriched: 新潟県三条市三竹２丁目 -> Scores: {'farming': 4, 'ocean': 1, 'nature': 5, 'convenience': 3, 'parenting': 4, 'diy': 5}
Enriched: 新潟県三条市西裏館２丁目 -> Scores: {'farming': 5, 'ocean': 1, 'nature': 4, 'convenience': 2, 'parenting': 3, 'diy': 4}
Enriched: 新潟県柏崎市北園町 -> Scores: {'farming': 4, 'ocean': 2, 'nature': 5, 'convenience': 3, 'parenting': 4, 'diy': 3}
Enriched: 新潟県佐渡市椿 -> Scores: {'farming': 4, 'ocean': 3, 'nature': 5, 'convenience': 2, 'parenting': 3, 'diy': 4}
Enriched: 新潟県佐渡市金井新保 -> Scores: {'farming': 4, 'ocean': 3, 'nature': 5, 'convenience': 2, 'parenting': 4, 'diy': 3}
     Processed 120/478
Enriched: 新潟県三条市一ノ門２丁目 -> Scores: {'farming': 4, 'ocean': 1, 'nature': 4, 'convenience': 3, 'parenting': 4, 'diy': 5}
Enriched: 新潟県三条市西大崎３丁目 -> Scores: {'farming': 4, 'ocean': 2, 'nature': 5, 'convenience': 3, 'parenting': 4, 'diy': 5}
Enriched: 新潟県三条市条南町 -> Scores: {'farming': 4, 'ocean': 1, 'nature': 4, 'convenience': 3, 'parenting': 4, 'diy': 3}
Enriched: 新潟県上越市三和区川浦 -> Scores: {'farming': 4, 'ocean': 2, 'nature': 5, 'convenience': 3, 'parenting': 4, 'diy': 3}
Enriched: 新潟県三条市横町２丁目 -> Scores: {'farming': 4, 'ocean': 1, 'nature': 4, 'convenience': 2, 'parenting': 3, 'diy': 5}
     Processed 125/478
Enriched: 新潟県三条市曲渕１丁目 -> Scores: {'farming': 4, 'ocean': 1, 'nature': 5, 'convenience': 2, 'parenting': 3, 'diy': 4}
Enriched: 新潟県三条市曲渕１丁目 -> Scores: {'farming': 4, 'ocean': 2, 'nature': 5, 'convenience': 3, 'parenting': 4, 'diy': 3}
Enriched: 新潟県佐渡市片野尾 -> Scores: {'farming': 5, 'ocean': 2, 'nature': 5, 'convenience': 2, 'parenting': 4, 'diy': 3}
Enriched: 新潟県佐渡市千種 -> Scores: {'farming': 5, 'ocean': 2, 'nature': 5, 'convenience': 2, 'parenting': 4, 'diy': 5}
Enriched: 新潟県西蒲原郡弥彦村大字麓 -> Scores: {'farming': 4, 'ocean': 2, 'nature': 5, 'convenience': 3, 'parenting': 4, 'diy': 5}
     Processed 130/478
Enriched: 新潟県佐渡市春日 -> Scores: {'farming': 5, 'ocean': 3, 'nature': 5, 'convenience': 2, 'parenting': 4, 'diy': 4}
Enriched: 新潟県佐渡市南新保 -> Scores: {'farming': 4, 'ocean': 2, 'nature': 5, 'convenience': 3, 'parenting': 4, 'diy': 5}
Enriched: 新潟県佐渡市梅津 -> Scores: {'farming': 4, 'ocean': 2, 'nature': 5, 'convenience': 3, 'parenting': 4, 'diy': 5}
Enriched: 新潟県佐渡市大倉谷 -> Scores: {'farming': 5, 'ocean': 2, 'nature': 5, 'convenience': 2, 'parenting': 4, 'diy': 3}
Enriched: 新潟県佐渡市松ケ崎 -> Scores: {'farming': 4, 'ocean': 3, 'nature': 5, 'convenience': 2, 'parenting': 4, 'diy': 3}
     Processed 135/478
Enriched: 新潟県長岡市濁沢町 -> Scores: {'farming': 4, 'ocean': 2, 'nature': 5, 'convenience': 3, 'parenting': 4, 'diy': 4}
Enriched: 新潟県三条市上須頃 -> Scores: {'farming': 4, 'ocean': 2, 'nature': 5, 'convenience': 3, 'parenting': 4, 'diy': 3}
Enriched: 新潟県三条市西大崎３丁目 -> Scores: {'farming': 4, 'ocean': 1, 'nature': 5, 'convenience': 3, 'parenting': 4, 'diy': 5}
Enriched: 新潟県小千谷市大字千谷 -> Scores: {'farming': 5, 'ocean': 1, 'nature': 4, 'convenience': 2, 'parenting': 3, 'diy': 4}
Enriched: 新潟県十日町市伊達甲 -> Scores: {'farming': 4, 'ocean': 1, 'nature': 4, 'convenience': 2, 'parenting': 3, 'diy': 5}
     Processed 140/478
Enriched: 新潟県胎内市坂井 -> Scores: {'farming': 5, 'ocean': 2, 'nature': 4, 'convenience': 3, 'parenting': 4, 'diy': 5}
Enriched: 新潟県小千谷市本町１丁目 -> Scores: {'farming': 4, 'ocean': 2, 'nature': 4, 'convenience': 3, 'parenting': 4, 'diy': 4}
Enriched: 新潟県三条市石上３丁目 -> Scores: {'farming': 4, 'ocean': 2, 'nature': 5, 'convenience': 3, 'parenting': 4, 'diy': 3}
Enriched: 新潟県三条市鶴田３丁目 -> Scores: {'farming': 4, 'ocean': 1, 'nature': 4, 'convenience': 3, 'parenting': 4, 'diy': 5}
Enriched: 新潟県胎内市半山 -> Scores: {'farming': 4, 'ocean': 2, 'nature': 5, 'convenience': 3, 'parenting': 4, 'diy': 4}
     Processed 145/478
Enriched: 新潟県胎内市並槻 -> Scores: {'farming': 4, 'ocean': 2, 'nature': 5, 'convenience': 3, 'parenting': 4, 'diy': 5}
Enriched: 新潟県柏崎市松波２丁目 -> Scores: {'farming': 4, 'ocean': 3, 'nature': 5, 'convenience': 3, 'parenting': 4, 'diy': 4}
Enriched: 新潟県三島郡出雲崎町大字川西 -> Scores: {'farming': 5, 'ocean': 2, 'nature': 5, 'convenience': 2, 'parenting': 4, 'diy': 4}
Enriched: 新潟県三島郡出雲崎町大字川西 -> Scores: {'farming': 4, 'ocean': 2, 'nature': 5, 'convenience': 2, 'parenting': 3, 'diy': 4}
Enriched: 新潟県三島郡出雲崎町大字吉川 -> Scores: {'farming': 4, 'ocean': 2, 'nature': 5, 'convenience': 3, 'parenting': 4, 'diy': 5}
     Processed 150/478
Enriched: 新潟県三島郡出雲崎町大字上野山 -> Scores: {'farming': 4, 'ocean': 2, 'nature': 5, 'convenience': 2, 'parenting': 3, 'diy': 4}
Enriched: 新潟県三島郡出雲崎町大字井鼻 -> Scores: {'farming': 5, 'ocean': 2, 'nature': 4, 'convenience': 2, 'parenting': 3, 'diy': 4}
Enriched: 新潟県三島郡出雲崎町大字船橋 -> Scores: {'farming': 4, 'ocean': 2, 'nature': 5, 'convenience': 3, 'parenting': 4, 'diy': 5}
Enriched: 新潟県三島郡出雲崎町大字石井町 -> Scores: {'farming': 4, 'ocean': 3, 'nature': 5, 'convenience': 2, 'parenting': 3, 'diy': 4}
Enriched: 新潟県三島郡出雲崎町大字鳴滝町 -> Scores: {'farming': 4, 'ocean': 2, 'nature': 5, 'convenience': 2, 'parenting': 3, 'diy': 4}
     Processed 155/478
Enriched: 新潟県三島郡出雲崎町大字松本 -> Scores: {'farming': 4, 'ocean': 2, 'nature': 5, 'convenience': 3, 'parenting': 4, 'diy': 5}
Enriched: 新潟県三島郡出雲崎町大字羽黒町 -> Scores: {'farming': 5, 'ocean': 2, 'nature': 5, 'convenience': 3, 'parenting': 4, 'diy': 4}
Enriched: 新潟県三島郡出雲崎町大字尼瀬 -> Scores: {'farming': 5, 'ocean': 2, 'nature': 5, 'convenience': 2, 'parenting': 3, 'diy': 4}
Enriched: 新潟県三島郡出雲崎町大字鳴滝町 -> Scores: {'farming': 4, 'ocean': 3, 'nature': 5, 'convenience': 2, 'parenting': 3, 'diy': 4}
Enriched: 新潟県三島郡出雲崎町大字小木 -> Scores: {'farming': 5, 'ocean': 3, 'nature': 5, 'convenience': 2, 'parenting': 4, 'diy': 4}
     Processed 160/478
Enriched: 新潟県三島郡出雲崎町大字大寺 -> Scores: {'farming': 5, 'ocean': 3, 'nature': 4, 'convenience': 2, 'parenting': 3, 'diy': 4}
Enriched: 新潟県三島郡出雲崎町大字井鼻 -> Scores: {'farming': 5, 'ocean': 3, 'nature': 5, 'convenience': 2, 'parenting': 4, 'diy': 5}
Enriched: 新潟県三島郡出雲崎町大字川西 -> Scores: {'farming': 4, 'ocean': 3, 'nature': 5, 'convenience': 2, 'parenting': 4, 'diy': 4}
Enriched: 新潟県三島郡出雲崎町大字尼瀬 -> Scores: {'farming': 4, 'ocean': 2, 'nature': 5, 'convenience': 2, 'parenting': 3, 'diy': 3}
Enriched: 新潟県三島郡出雲崎町大字木折町 -> Scores: {'farming': 4, 'ocean': 2, 'nature': 5, 'convenience': 2, 'parenting': 4, 'diy': 4}
     Processed 165/478
Enriched: 新潟県三島郡出雲崎町大字井鼻 -> Scores: {'farming': 5, 'ocean': 3, 'nature': 5, 'convenience': 2, 'parenting': 4, 'diy': 5}
Enriched: 新潟県三島郡出雲崎町大字稲川 -> Scores: {'farming': 5, 'ocean': 3, 'nature': 5, 'convenience': 2, 'parenting': 4, 'diy': 5}
Enriched: 新潟県三島郡出雲崎町大字稲川 -> Scores: {'farming': 5, 'ocean': 2, 'nature': 5, 'convenience': 2, 'parenting': 3, 'diy': 4}
Enriched: 新潟県三島郡出雲崎町大字石井町 -> Scores: {'farming': 5, 'ocean': 3, 'nature': 5, 'convenience': 2, 'parenting': 4, 'diy': 5}
Enriched: 新潟県三島郡出雲崎町大字尼瀬 -> Scores: {'farming': 4, 'ocean': 3, 'nature': 5, 'convenience': 2, 'parenting': 3, 'diy': 4}
     Processed 170/478
Enriched: 新潟県三島郡出雲崎町大字大門 -> Scores: {'farming': 5, 'ocean': 2, 'nature': 5, 'convenience': 2, 'parenting': 4, 'diy': 5}
Enriched: 新潟県長岡市金房３丁目 -> Scores: {'farming': 4, 'ocean': 1, 'nature': 5, 'convenience': 3, 'parenting': 4, 'diy': 4}
Enriched: 新潟県三条市西大崎２丁目 -> Scores: {'farming': 4, 'ocean': 2, 'nature': 5, 'convenience': 3, 'parenting': 4, 'diy': 4}
Enriched: 新潟県三条市吉田 -> Scores: {'farming': 4, 'ocean': 2, 'nature': 5, 'convenience': 3, 'parenting': 4, 'diy': 3}
Enriched: 新潟県三条市鬼木 -> Scores: {'farming': 5, 'ocean': 2, 'nature': 5, 'convenience': 3, 'parenting': 4, 'diy': 3}
     Processed 175/478
Enriched: 新潟県三条市西大崎３丁目 -> Scores: {'farming': 4, 'ocean': 2, 'nature': 5, 'convenience': 3, 'parenting': 4, 'diy': 4}
Enriched: 新潟県三条市北五百川 -> Scores: {'farming': 5, 'ocean': 1, 'nature': 4, 'convenience': 3, 'parenting': 4, 'diy': 5}
Enriched: 新潟県三条市上谷地 -> Scores: {'farming': 5, 'ocean': 1, 'nature': 4, 'convenience': 3, 'parenting': 4, 'diy': 5}
Enriched: 新潟県三条市神明町 -> Scores: {'farming': 5, 'ocean': 2, 'nature': 5, 'convenience': 3, 'parenting': 4, 'diy': 4}
Enriched: 新潟県三条市興野３丁目 -> Scores: {'farming': 5, 'ocean': 1, 'nature': 4, 'convenience': 3, 'parenting': 4, 'diy': 3}
     Processed 180/478
Enriched: 新潟県三条市柳沢 -> Scores: {'farming': 4, 'ocean': 2, 'nature': 5, 'convenience': 3, 'parenting': 4, 'diy': 5}
Enriched: 新潟県上越市稲田４丁目 -> Scores: {'farming': 5, 'ocean': 2, 'nature': 4, 'convenience': 3, 'parenting': 4, 'diy': 5}
Enriched: 新潟県上越市中通町 -> Scores: {'farming': 4, 'ocean': 2, 'nature': 5, 'convenience': 3, 'parenting': 4, 'diy': 4}
Enriched: 新潟県佐渡市柳沢 -> Scores: {'farming': 4, 'ocean': 3, 'nature': 5, 'convenience': 2, 'parenting': 4, 'diy': 3}
Enriched: 新潟県佐渡市浜田 -> Scores: {'farming': 4, 'ocean': 2, 'nature': 5, 'convenience': 3, 'parenting': 4, 'diy': 5}
     Processed 185/478
Enriched: 新潟県佐渡市吉井本郷 -> Scores: {'farming': 4, 'ocean': 2, 'nature': 5, 'convenience': 3, 'parenting': 4, 'diy': 5}
Enriched: 新潟県小千谷市大字小粟田 -> Scores: {'farming': 5, 'ocean': 2, 'nature': 4, 'convenience': 3, 'parenting': 4, 'diy': 5}
Enriched: 新潟県小千谷市片貝町 -> Scores: {'farming': 4, 'ocean': 1, 'nature': 5, 'convenience': 3, 'parenting': 4, 'diy': 5}
Enriched: 新潟県南魚沼郡湯沢町大字神立 -> Scores: {'farming': 4, 'ocean': 2, 'nature': 5, 'convenience': 3, 'parenting': 4, 'diy': 5}
Enriched: 新潟県小千谷市片貝町 -> Scores: {'farming': 4, 'ocean': 2, 'nature': 5, 'convenience': 3, 'parenting': 4, 'diy': 5}
     Processed 190/478
Enriched: 新潟県三条市西裏館２丁目 -> Scores: {'farming': 4, 'ocean': 2, 'nature': 4, 'convenience': 3, 'parenting': 4, 'diy': 3}
Enriched: 新潟県三条市北新保１丁目 -> Scores: {'farming': 5, 'ocean': 1, 'nature': 4, 'convenience': 3, 'parenting': 5, 'diy': 2}
Enriched: 新潟県小千谷市大字稗生 -> Scores: {'farming': 5, 'ocean': 1, 'nature': 5, 'convenience': 2, 'parenting': 4, 'diy': 3}
Enriched: 新潟県西蒲原郡弥彦村大字麓 -> Scores: {'farming': 5, 'ocean': 2, 'nature': 4, 'convenience': 3, 'parenting': 4, 'diy': 5}
Enriched: 新潟県長岡市比礼 -> Scores: {'farming': 4, 'ocean': 1, 'nature': 5, 'convenience': 3, 'parenting': 4, 'diy': 3}
     Processed 195/478
Enriched: 新潟県長岡市楡原 -> Scores: {'farming': 4, 'ocean': 1, 'nature': 5, 'convenience': 2, 'parenting': 3, 'diy': 4}
Enriched: 新潟県三条市下坂井 -> Scores: {'farming': 4, 'ocean': 2, 'nature': 5, 'convenience': 3, 'parenting': 4, 'diy': 5}
Enriched: 新潟県南蒲原郡田上町大字田上 -> Scores: {'farming': 5, 'ocean': 1, 'nature': 5, 'convenience': 2, 'parenting': 4, 'diy': 3}
Enriched: 新潟県小千谷市片貝町 -> Scores: {'farming': 4, 'ocean': 1, 'nature': 5, 'convenience': 2, 'parenting': 3, 'diy': 4}
Enriched: 新潟県三条市八幡町 -> Scores: {'farming': 4, 'ocean': 1, 'nature': 5, 'convenience': 2, 'parenting': 3, 'diy': 4}
     Processed 200/478
Enriched: 新潟県三条市鶴田１丁目 -> Scores: {'farming': 4, 'ocean': 1, 'nature': 5, 'convenience': 3, 'parenting': 4, 'diy': 4}
Enriched: 新潟県長岡市寺泊竹森 -> Scores: {'farming': 4, 'ocean': 2, 'nature': 5, 'convenience': 2, 'parenting': 3, 'diy': 4}
Enriched: 新潟県三条市柳沢 -> Scores: {'farming': 5, 'ocean': 1, 'nature': 4, 'convenience': 2, 'parenting': 3, 'diy': 4}
Enriched: 新潟県小千谷市船岡３丁目 -> Scores: {'farming': 4, 'ocean': 1, 'nature': 5, 'convenience': 3, 'parenting': 4, 'diy': 5}
Enriched: 新潟県三条市前谷内 -> Scores: {'farming': 5, 'ocean': 1, 'nature': 5, 'convenience': 2, 'parenting': 3, 'diy': 4}
     Processed 205/478
Enriched: 新潟県小千谷市大字西吉谷 -> Scores: {'farming': 4, 'ocean': 1, 'nature': 5, 'convenience': 2, 'parenting': 4, 'diy': 5}
Enriched: 新潟県小千谷市大字小粟田 -> Scores: {'farming': 4, 'ocean': 2, 'nature': 5, 'convenience': 3, 'parenting': 4, 'diy': 3}
Enriched: 新潟県三条市篭場 -> Scores: {'farming': 5, 'ocean': 1, 'nature': 5, 'convenience': 3, 'parenting': 4, 'diy': 4}
Enriched: 新潟県三条市柳沢 -> Scores: {'farming': 5, 'ocean': 1, 'nature': 4, 'convenience': 2, 'parenting': 3, 'diy': 5}
Enriched: 新潟県三条市曲渕１丁目 -> Scores: {'farming': 4, 'ocean': 2, 'nature': 5, 'convenience': 3, 'parenting': 4, 'diy': 3}
     Processed 210/478
Enriched: 新潟県三条市笹岡 -> Scores: {'farming': 4, 'ocean': 1, 'nature': 5, 'convenience': 3, 'parenting': 4, 'diy': 5}
Enriched: 新潟県小千谷市大字稗生 -> Scores: {'farming': 4, 'ocean': 1, 'nature': 5, 'convenience': 3, 'parenting': 4, 'diy': 3}
Enriched: 新潟県三条市笹岡 -> Scores: {'farming': 5, 'ocean': 1, 'nature': 4, 'convenience': 2, 'parenting': 3, 'diy': 3}
Enriched: 新潟県三条市島田１丁目 -> Scores: {'farming': 5, 'ocean': 1, 'nature': 4, 'convenience': 3, 'parenting': 4, 'diy': 5}
Enriched: 新潟県三条市西裏館２丁目 -> Scores: {'farming': 4, 'ocean': 1, 'nature': 4, 'convenience': 3, 'parenting': 4, 'diy': 3}
     Processed 215/478
Enriched: 新潟県三条市大谷地 -> Scores: {'farming': 4, 'ocean': 1, 'nature': 5, 'convenience': 2, 'parenting': 4, 'diy': 3}
Enriched: 新潟県小千谷市大字土川 -> Scores: {'farming': 5, 'ocean': 1, 'nature': 5, 'convenience': 3, 'parenting': 4, 'diy': 4}
Enriched: 新潟県三条市東裏館１丁目 -> Scores: {'farming': 4, 'ocean': 2, 'nature': 5, 'convenience': 3, 'parenting': 4, 'diy': 4}
Enriched: 新潟県三条市横町１丁目 -> Scores: {'farming': 4, 'ocean': 2, 'nature': 5, 'convenience': 3, 'parenting': 4, 'diy': 5}
Enriched: 新潟県新発田市貝屋 -> Scores: {'farming': 4, 'ocean': 1, 'nature': 5, 'convenience': 2, 'parenting': 3, 'diy': 4}
     Processed 220/478
Enriched: 新潟県新発田市横岡 -> Scores: {'farming': 5, 'ocean': 1, 'nature': 4, 'convenience': 2, 'parenting': 3, 'diy': 4}
Enriched: 新潟県三条市一ノ門２丁目 -> Scores: {'farming': 5, 'ocean': 2, 'nature': 4, 'convenience': 3, 'parenting': 4, 'diy': 5}
Enriched: 新潟県三条市北入蔵１丁目 -> Scores: {'farming': 4, 'ocean': 1, 'nature': 5, 'convenience': 2, 'parenting': 3, 'diy': 5}
Enriched: 新潟県三条市東大崎１丁目 -> Scores: {'farming': 5, 'ocean': 2, 'nature': 5, 'convenience': 3, 'parenting': 4, 'diy': 4}
Enriched: 新潟県三条市猪子場新田 -> Scores: {'farming': 4, 'ocean': 1, 'nature': 5, 'convenience': 2, 'parenting': 3, 'diy': 4}
     Processed 225/478
Enriched: 新潟県三条市荒町１丁目 -> Scores: {'farming': 5, 'ocean': 1, 'nature': 4, 'convenience': 2, 'parenting': 3, 'diy': 3}
Enriched: 新潟県小千谷市大字桜町 -> Scores: {'farming': 4, 'ocean': 1, 'nature': 5, 'convenience': 3, 'parenting': 4, 'diy': 2}
Enriched: 新潟県上越市大字高崎新田 -> Scores: {'farming': 5, 'ocean': 2, 'nature': 5, 'convenience': 3, 'parenting': 4, 'diy': 3}
Enriched: 新潟県上越市寺町３丁目 -> Scores: {'farming': 4, 'ocean': 2, 'nature': 5, 'convenience': 3, 'parenting': 4, 'diy': 5}
Enriched: 新潟県上越市吉川区西野島 -> Scores: {'farming': 5, 'ocean': 2, 'nature': 5, 'convenience': 3, 'parenting': 4, 'diy': 5}
     Processed 230/478
Enriched: 新潟県上越市鴨島３丁目 -> Scores: {'farming': 4, 'ocean': 2, 'nature': 5, 'convenience': 3, 'parenting': 4, 'diy': 5}
Enriched: 新潟県上越市柿崎区柿崎 -> Scores: {'farming': 4, 'ocean': 2, 'nature': 5, 'convenience': 3, 'parenting': 4, 'diy': 5}
Enriched: 新潟県上越市吉川区下小沢 -> Scores: {'farming': 4, 'ocean': 2, 'nature': 5, 'convenience': 3, 'parenting': 4, 'diy': 4}
Enriched: 新潟県上越市南本町３丁目 -> Scores: {'farming': 4, 'ocean': 2, 'nature': 5, 'convenience': 3, 'parenting': 4, 'diy': 3}
Enriched: 新潟県上越市名立区名立大町 -> Scores: {'farming': 4, 'ocean': 2, 'nature': 5, 'convenience': 3, 'parenting': 4, 'diy': 4}
     Processed 235/478
Enriched: 新潟県上越市北城町２丁目 -> Scores: {'farming': 4, 'ocean': 2, 'nature': 5, 'convenience': 3, 'parenting': 4, 'diy': 4}
Enriched: 新潟県上越市大字西田中 -> Scores: {'farming': 5, 'ocean': 2, 'nature': 4, 'convenience': 3, 'parenting': 4, 'diy': 4}
Enriched: 新潟県上越市昭和町２丁目 -> Scores: {'farming': 4, 'ocean': 2, 'nature': 5, 'convenience': 3, 'parenting': 4, 'diy': 4}
Enriched: 新潟県上越市五智６丁目 -> Scores: {'farming': 4, 'ocean': 2, 'nature': 4, 'convenience': 3, 'parenting': 4, 'diy': 5}
Enriched: 新潟県上越市大貫４丁目 -> Scores: {'farming': 4, 'ocean': 2, 'nature': 5, 'convenience': 3, 'parenting': 4, 'diy': 5}
     Processed 240/478
Enriched: 新潟県上越市北本町２丁目 -> Scores: {'farming': 4, 'ocean': 2, 'nature': 5, 'convenience': 3, 'parenting': 4, 'diy': 3}
Enriched: 新潟県上越市南城町２丁目 -> Scores: {'farming': 4, 'ocean': 2, 'nature': 5, 'convenience': 3, 'parenting': 4, 'diy': 5}
Enriched: 新潟県上越市安塚区高沢 -> Scores: {'farming': 4, 'ocean': 2, 'nature': 5, 'convenience': 3, 'parenting': 4, 'diy': 5}
Enriched: 新潟県上越市大貫４丁目 -> Scores: {'farming': 4, 'ocean': 2, 'nature': 5, 'convenience': 3, 'parenting': 4, 'diy': 4}
Enriched: 新潟県上越市北城町２丁目 -> Scores: {'farming': 4, 'ocean': 2, 'nature': 5, 'convenience': 3, 'parenting': 4, 'diy': 4}
     Processed 245/478
Enriched: 新潟県上越市柿崎区三ツ屋浜 -> Scores: {'farming': 4, 'ocean': 5, 'nature': 5, 'convenience': 3, 'parenting': 4, 'diy': 4}
Enriched: 新潟県上越市三和区日和町 -> Scores: {'farming': 4, 'ocean': 2, 'nature': 5, 'convenience': 3, 'parenting': 4, 'diy': 3}
Enriched: 新潟県上越市板倉区吉増 -> Scores: {'farming': 4, 'ocean': 2, 'nature': 5, 'convenience': 3, 'parenting': 4, 'diy': 3}
Enriched: 新潟県十日町市山本町５丁目 -> Scores: {'farming': 5, 'ocean': 1, 'nature': 5, 'convenience': 3, 'parenting': 4, 'diy': 4}
Enriched: 新潟県新発田市藤塚浜 -> Scores: {'farming': 4, 'ocean': 2, 'nature': 5, 'convenience': 3, 'parenting': 4, 'diy': 5}
     Processed 250/478
Enriched: 新潟県上越市名立区東蒲生田 -> Scores: {'farming': 4, 'ocean': 2, 'nature': 5, 'convenience': 3, 'parenting': 4, 'diy': 3}
Enriched: 新潟県長岡市関原町２丁目 -> Scores: {'farming': 4, 'ocean': 2, 'nature': 5, 'convenience': 3, 'parenting': 4, 'diy': 5}
Enriched: 新潟県佐渡市大和 -> Scores: {'farming': 4, 'ocean': 2, 'nature': 5, 'convenience': 3, 'parenting': 4, 'diy': 4}
Enriched: 新潟県三条市東鱈田 -> Scores: {'farming': 4, 'ocean': 1, 'nature': 5, 'convenience': 3, 'parenting': 4, 'diy': 5}
Enriched: 新潟県佐渡市上矢馳 -> Scores: {'farming': 4, 'ocean': 3, 'nature': 5, 'convenience': 2, 'parenting': 4, 'diy': 5}
     Processed 255/478
Enriched: 新潟県南蒲原郡田上町大字原ケ崎新田 -> Scores: {'farming': 5, 'ocean': 1, 'nature': 5, 'convenience': 2, 'parenting': 4, 'diy': 3}
Enriched: 新潟県佐渡市水津 -> Scores: {'farming': 5, 'ocean': 3, 'nature': 5, 'convenience': 2, 'parenting': 4, 'diy': 4}
Enriched: 新潟県三条市下大浦 -> Scores: {'farming': 5, 'ocean': 1, 'nature': 5, 'convenience': 2, 'parenting': 3, 'diy': 4}
Error processing 新潟県十日町市野口: Error code: 429 - {'error': {'message': 'Token rate limit exceeded: 2457600 per 1 day'}}
Error processing 新潟県小千谷市船岡３丁目: Error code: 429 - {'error': {'message': 'Token rate limit exceeded: 2457600 per 1 day'}}
     Processed 260/478
Error processing 新潟県佐渡市沢根: Error code: 429 - {'error': {'message': 'Token rate limit exceeded: 2457600 per 1 day'}}
Error processing 新潟県三条市落合: Error code: 429 - {'error': {'message': 'Token rate limit exceeded: 2457600 per 1 day'}}
Error processing 新潟県十日町市馬場丙: Error code: 429 - {'error': {'message': 'Token rate limit exceeded: 2457600 per 1 day'}}
Error processing 新潟県十日町市岩瀬子: Error code: 429 - {'error': {'message': 'Token rate limit exceeded: 2457600 per 1 day'}}
Error processing 新潟県三条市塚野目３丁目: Error code: 429 - {'error': {'message': 'Token rate limit exceeded: 2457600 per 1 day'}}
     Processed 265/478
Error processing 新潟県三条市荻堀: Error code: 429 - {'error': {'message': 'Token rate limit exceeded: 2457600 per 1 day'}}
Error processing 新潟県三条市中新: Error code: 429 - {'error': {'message': 'Token rate limit exceeded: 2457600 per 1 day'}}
Error processing 新潟県三条市嘉坪川１丁目: Error code: 429 - {'error': {'message': 'Token rate limit exceeded: 2457600 per 1 day'}}
Error processing 新潟県三条市条南町: Error code: 429 - {'error': {'message': 'Token rate limit exceeded: 2457600 per 1 day'}}
Error processing 新潟県新発田市大手町１丁目: Error code: 429 - {'error': {'message': 'Token rate limit exceeded: 2457600 per 1 day'}}
     Processed 270/478
Error processing 新潟県上越市名立区名立小泊: Error code: 429 - {'error': {'message': 'Token rate limit exceeded: 2457600 per 1 day'}}
Error processing 新潟県三条市帯織: Error code: 429 - {'error': {'message': 'Token rate limit exceeded: 2457600 per 1 day'}}
Error processing 新潟県三条市鶴田１丁目: Error code: 429 - {'error': {'message': 'Request rate limit exceeded: 50 per 1 minute'}}
Error processing 新潟県三条市如法寺: Error code: 429 - {'error': {'message': 'Request rate limit exceeded: 50 per 1 minute'}}
Error processing 新潟県三条市東大崎２丁目: Error code: 429 - {'error': {'message': 'Request rate limit exceeded: 50 per 1 minute'}}
     Processed 275/478
Error processing 新潟県十日町市春日町１丁目: Error code: 429 - {'error': {'message': 'Token rate limit exceeded: 2457600 per 1 day'}}
Error processing 新潟県小千谷市片貝山屋町: Error code: 429 - {'error': {'message': 'Request rate limit exceeded: 50 per 1 minute'}}
Error processing 新潟県三条市東新保: Error code: 429 - {'error': {'message': 'Request rate limit exceeded: 50 per 1 minute'}}
Error processing 新潟県三条市島田２丁目: Error code: 429 - {'error': {'message': 'Request rate limit exceeded: 50 per 1 minute'}}
Error processing 新潟県長岡市軽井沢: Error code: 429 - {'error': {'message': 'Token rate limit exceeded: 2457600 per 1 day'}}
     Processed 280/478
Error processing 新潟県長岡市金町１丁目: Error code: 429 - {'error': {'message': 'Request rate limit exceeded: 50 per 1 minute'}}
Error processing 新潟県三条市土場: Error code: 429 - {'error': {'message': 'Token rate limit exceeded: 2457600 per 1 day'}}
Error processing 新潟県三条市田島２丁目: Error code: 429 - {'error': {'message': 'Request rate limit exceeded: 50 per 1 minute'}}
Error processing 新潟県三条市尾崎: Error code: 429 - {'error': {'message': 'Token rate limit exceeded: 2457600 per 1 day'}}
Error processing 新潟県三条市庭月: Error code: 429 - {'error': {'message': 'Request rate limit exceeded: 50 per 1 minute'}}
     Processed 285/478
Error processing 新潟県佐渡市白瀬: Error code: 429 - {'error': {'message': 'Token rate limit exceeded: 2457600 per 1 day'}}
Error processing 新潟県佐渡市両津湊: Error code: 429 - {'error': {'message': 'Token rate limit exceeded: 2457600 per 1 day'}}
Error processing 新潟県佐渡市河崎: Error code: 429 - {'error': {'message': 'Token rate limit exceeded: 2457600 per 1 day'}}
Error processing 新潟県三条市塚野目２丁目: Error code: 429 - {'error': {'message': 'Token rate limit exceeded: 2457600 per 1 day'}}
Error processing 新潟県三条市直江町４丁目: Error code: 429 - {'error': {'message': 'Token rate limit exceeded: 2457600 per 1 day'}}
     Processed 290/478
Error processing 新潟県三条市下坂井: Error code: 429 - {'error': {'message': 'Token rate limit exceeded: 2457600 per 1 day'}}
Error processing 新潟県三条市桜木町: Error code: 429 - {'error': {'message': 'Token rate limit exceeded: 2457600 per 1 day'}}
Error processing 新潟県小千谷市城内４丁目: Error code: 429 - {'error': {'message': 'Token rate limit exceeded: 2457600 per 1 day'}}
Error processing 新潟県三条市北四日町: Error code: 429 - {'error': {'message': 'Token rate limit exceeded: 2457600 per 1 day'}}
Error processing 新潟県三条市北四日町: Error code: 429 - {'error': {'message': 'Token rate limit exceeded: 2457600 per 1 day'}}
     Processed 295/478
Error processing 新潟県三条市篭場: Error code: 429 - {'error': {'message': 'Token rate limit exceeded: 2457600 per 1 day'}}
Error processing 新潟県小千谷市船岡２丁目: Error code: 429 - {'error': {'message': 'Token rate limit exceeded: 2457600 per 1 day'}}
Error processing 新潟県佐渡市浜田: Error code: 429 - {'error': {'message': 'Token rate limit exceeded: 2457600 per 1 day'}}
Error processing 新潟県上越市三和区川浦: Error code: 429 - {'error': {'message': 'Token rate limit exceeded: 2457600 per 1 day'}}
Error processing 新潟県上越市大字横畑: Error code: 429 - {'error': {'message': 'Token rate limit exceeded: 2457600 per 1 day'}}
     Processed 300/478
Error processing 新潟県上越市板倉区猿供養寺: Error code: 429 - {'error': {'message': 'Token rate limit exceeded: 2457600 per 1 day'}}
Error processing 新潟県上越市大潟区里鵜島新田: Error code: 429 - {'error': {'message': 'Request rate limit exceeded: 50 per 1 minute'}}
Error processing 新潟県上越市新光町２丁目: Error code: 429 - {'error': {'message': 'Request rate limit exceeded: 50 per 1 minute'}}
Error processing 新潟県佐渡市潟端: Error code: 429 - {'error': {'message': 'Request rate limit exceeded: 50 per 1 minute'}}
Error processing 新潟県佐渡市河崎: Error code: 429 - {'error': {'message': 'Token rate limit exceeded: 2457600 per 1 day'}}
     Processed 305/478
Error processing 新潟県佐渡市両津湊: Error code: 429 - {'error': {'message': 'Request rate limit exceeded: 50 per 1 minute'}}
Error processing 新潟県佐渡市新穂潟上: Error code: 429 - {'error': {'message': 'Request rate limit exceeded: 50 per 1 minute'}}
Error processing 新潟県十日町市水口沢: Error code: 429 - {'error': {'message': 'Request rate limit exceeded: 50 per 1 minute'}}
Error processing 新潟県小千谷市本町１丁目: Error code: 429 - {'error': {'message': 'Request rate limit exceeded: 50 per 1 minute'}}
Error processing 新潟県佐渡市新穂瓜生屋: Error code: 429 - {'error': {'message': 'Request rate limit exceeded: 50 per 1 minute'}}
     Processed 310/478
Error processing 新潟県佐渡市上新穂: Error code: 429 - {'error': {'message': 'Request rate limit exceeded: 50 per 1 minute'}}
Error processing 新潟県新発田市下中: Error code: 429 - {'error': {'message': 'Request rate limit exceeded: 50 per 1 minute'}}
Error processing 新潟県三条市北新保１丁目: Error code: 429 - {'error': {'message': 'Token rate limit exceeded: 2457600 per 1 day'}}
Error processing 新潟県西蒲原郡弥彦村大字麓: Error code: 429 - {'error': {'message': 'Token rate limit exceeded: 2457600 per 1 day'}}
Error processing 新潟県三条市大面: Error code: 429 - {'error': {'message': 'Token rate limit exceeded: 2457600 per 1 day'}}
     Processed 315/478
Error processing 新潟県三条市笹岡: Error code: 429 - {'error': {'message': 'Token rate limit exceeded: 2457600 per 1 day'}}
Error processing 新潟県三条市東三条１丁目: Error code: 429 - {'error': {'message': 'Token rate limit exceeded: 2457600 per 1 day'}}
Error processing 新潟県三条市嘉坪川１丁目: Error code: 429 - {'error': {'message': 'Token rate limit exceeded: 2457600 per 1 day'}}
Error processing 新潟県三条市柳沢: Error code: 429 - {'error': {'message': 'Token rate limit exceeded: 2457600 per 1 day'}}
Error processing 新潟県南魚沼市蛭窪: Error code: 429 - {'error': {'message': 'Token rate limit exceeded: 2457600 per 1 day'}}
     Processed 320/478
Error processing 新潟県南魚沼市浦佐: Error code: 429 - {'error': {'message': 'Token rate limit exceeded: 2457600 per 1 day'}}
Error processing 新潟県三条市西裏館１丁目: Error code: 429 - {'error': {'message': 'Token rate limit exceeded: 2457600 per 1 day'}}
Error processing 新潟県三条市曲渕１丁目: Error code: 429 - {'error': {'message': 'Token rate limit exceeded: 2457600 per 1 day'}}
Error processing 新潟県三条市月岡４丁目: Error code: 429 - {'error': {'message': 'Token rate limit exceeded: 2457600 per 1 day'}}
Error processing 新潟県三条市島田３丁目: Error code: 429 - {'error': {'message': 'Token rate limit exceeded: 2457600 per 1 day'}}
     Processed 325/478
Error processing 新潟県長岡市寿３丁目: Error code: 429 - {'error': {'message': 'Token rate limit exceeded: 2457600 per 1 day'}}
Error processing 新潟県佐渡市多田: Error code: 429 - {'error': {'message': 'Token rate limit exceeded: 2457600 per 1 day'}}
Error processing 新潟県三条市東大崎２丁目: Error code: 429 - {'error': {'message': 'Token rate limit exceeded: 2457600 per 1 day'}}
Error processing 新潟県三条市仲之町: Error code: 429 - {'error': {'message': 'Request rate limit exceeded: 50 per 1 minute'}}
Error processing 新潟県長岡市文納: Error code: 429 - {'error': {'message': 'Request rate limit exceeded: 50 per 1 minute'}}
     Processed 330/478
Error processing 新潟県小千谷市船岡２丁目: Error code: 429 - {'error': {'message': 'Token rate limit exceeded: 2457600 per 1 day'}}
Error processing 新潟県長岡市中之島: Error code: 429 - {'error': {'message': 'Request rate limit exceeded: 50 per 1 minute'}}
Error processing 新潟県三条市曲渕１丁目: Error code: 429 - {'error': {'message': 'Request rate limit exceeded: 50 per 1 minute'}}
Error processing 新潟県佐渡市畑野: Error code: 429 - {'error': {'message': 'Request rate limit exceeded: 50 per 1 minute'}}
Error processing 新潟県三条市元町: Error code: 429 - {'error': {'message': 'Token rate limit exceeded: 2457600 per 1 day'}}
     Processed 335/478
Error processing 新潟県三条市西裏館１丁目: Error code: 429 - {'error': {'message': 'Request rate limit exceeded: 50 per 1 minute'}}
Error processing 新潟県三条市東大崎１丁目: Error code: 429 - {'error': {'message': 'Token rate limit exceeded: 2457600 per 1 day'}}
Error processing 新潟県小千谷市元町: Error code: 429 - {'error': {'message': 'Request rate limit exceeded: 50 per 1 minute'}}
Error processing 新潟県小千谷市元町: Error code: 429 - {'error': {'message': 'Token rate limit exceeded: 2457600 per 1 day'}}
Error processing 新潟県三条市西裏館２丁目: Error code: 429 - {'error': {'message': 'Request rate limit exceeded: 50 per 1 minute'}}
     Processed 340/478
Error processing 新潟県小千谷市平成１丁目: Error code: 429 - {'error': {'message': 'Token rate limit exceeded: 2457600 per 1 day'}}
Error processing 新潟県三条市一ノ門１丁目: Error code: 429 - {'error': {'message': 'Token rate limit exceeded: 2457600 per 1 day'}}
Error processing 新潟県柏崎市大字上田尻: Error code: 429 - {'error': {'message': 'Token rate limit exceeded: 2457600 per 1 day'}}
Error processing 新潟県佐渡市吾潟: Error code: 429 - {'error': {'message': 'Token rate limit exceeded: 2457600 per 1 day'}}
Error processing 新潟県十日町市八箇甲: Error code: 429 - {'error': {'message': 'Token rate limit exceeded: 2457600 per 1 day'}}
     Processed 345/478
Error processing 新潟県佐渡市吾潟: Error code: 429 - {'error': {'message': 'Token rate limit exceeded: 2457600 per 1 day'}}
Error processing 新潟県佐渡市下新穂: Error code: 429 - {'error': {'message': 'Token rate limit exceeded: 2457600 per 1 day'}}
Error processing 新潟県三条市南新保: Error code: 429 - {'error': {'message': 'Token rate limit exceeded: 2457600 per 1 day'}}
Error processing 新潟県長岡市飯島: Error code: 429 - {'error': {'message': 'Token rate limit exceeded: 2457600 per 1 day'}}
Error processing 新潟県三条市林町２丁目: Error code: 429 - {'error': {'message': 'Token rate limit exceeded: 2457600 per 1 day'}}
     Processed 350/478
Error processing 新潟県三条市仲之町: Error code: 429 - {'error': {'message': 'Token rate limit exceeded: 2457600 per 1 day'}}
Error processing 新潟県佐渡市戸中: Error code: 429 - {'error': {'message': 'Token rate limit exceeded: 2457600 per 1 day'}}
Error processing 新潟県胎内市笹口浜: Error code: 429 - {'error': {'message': 'Token rate limit exceeded: 2457600 per 1 day'}}
Error processing 新潟県胎内市桃崎浜: Error code: 429 - {'error': {'message': 'Token rate limit exceeded: 2457600 per 1 day'}}
Error processing 新潟県胎内市村松浜: Error code: 429 - {'error': {'message': 'Token rate limit exceeded: 2457600 per 1 day'}}
     Processed 355/478
Error processing 新潟県胎内市平木田平木田駅前: Error code: 429 - {'error': {'message': 'Request rate limit exceeded: 50 per 1 minute'}}
Error processing 新潟県胎内市西栄町: Error code: 429 - {'error': {'message': 'Request rate limit exceeded: 50 per 1 minute'}}
Error processing 新潟県胎内市築地: Error code: 429 - {'error': {'message': 'Token rate limit exceeded: 2457600 per 1 day'}}
Error processing 新潟県胎内市西条町: Error code: 429 - {'error': {'message': 'Request rate limit exceeded: 50 per 1 minute'}}
Error processing 新潟県胎内市荒井浜: Error code: 429 - {'error': {'message': 'Request rate limit exceeded: 50 per 1 minute'}}
     Processed 360/478
Error processing 新潟県胎内市荒井浜: Error code: 429 - {'error': {'message': 'Request rate limit exceeded: 50 per 1 minute'}}
Error processing 新潟県胎内市二葉町: Error code: 429 - {'error': {'message': 'Request rate limit exceeded: 50 per 1 minute'}}
Error processing 新潟県胎内市柴橋: Error code: 429 - {'error': {'message': 'Request rate limit exceeded: 50 per 1 minute'}}
Error processing 新潟県胎内市星の宮町: Error code: 429 - {'error': {'message': 'Request rate limit exceeded: 50 per 1 minute'}}
Error processing 新潟県胎内市西本町: Error code: 429 - {'error': {'message': 'Request rate limit exceeded: 50 per 1 minute'}}
     Processed 365/478
Error processing 新潟県長岡市小国町千谷沢: Error code: 429 - {'error': {'message': 'Request rate limit exceeded: 50 per 1 minute'}}
Error processing 新潟県長岡市寺泊郷本: Error code: 429 - {'error': {'message': 'Request rate limit exceeded: 50 per 1 minute'}}
Error processing 新潟県三条市本町２丁目: Error code: 429 - {'error': {'message': 'Request rate limit exceeded: 50 per 1 minute'}}
Error processing 新潟県三条市蝶名林: Error code: 429 - {'error': {'message': 'Token rate limit exceeded: 2457600 per 1 day'}}
Error processing 新潟県三条市田島１丁目: Error code: 429 - {'error': {'message': 'Request rate limit exceeded: 50 per 1 minute'}}
     Processed 370/478
Error processing 新潟県三条市北四日町: Error code: 429 - {'error': {'message': 'Token rate limit exceeded: 2457600 per 1 day'}}
Error processing 新潟県三条市直江町３丁目: Error code: 429 - {'error': {'message': 'Token rate limit exceeded: 2457600 per 1 day'}}
Error processing 新潟県三条市柳沢: Error code: 429 - {'error': {'message': 'Token rate limit exceeded: 2457600 per 1 day'}}
Error processing 新潟県三条市馬場: Error code: 429 - {'error': {'message': 'Token rate limit exceeded: 2457600 per 1 day'}}
Error processing 新潟県三条市元町: Error code: 429 - {'error': {'message': 'Token rate limit exceeded: 2457600 per 1 day'}}
     Processed 375/478
Error processing 新潟県三条市大面: Error code: 429 - {'error': {'message': 'Token rate limit exceeded: 2457600 per 1 day'}}
Error processing 新潟県三条市下保内: Error code: 429 - {'error': {'message': 'Token rate limit exceeded: 2457600 per 1 day'}}
Error processing 新潟県三条市島田３丁目: Error code: 429 - {'error': {'message': 'Token rate limit exceeded: 2457600 per 1 day'}}
Error processing 新潟県三条市林町１丁目: Error code: 429 - {'error': {'message': 'Token rate limit exceeded: 2457600 per 1 day'}}
Error processing 新潟県三条市葎谷: Error code: 429 - {'error': {'message': 'Token rate limit exceeded: 2457600 per 1 day'}}
     Processed 380/478
Error processing 新潟県三条市本町１丁目: Error code: 429 - {'error': {'message': 'Token rate limit exceeded: 2457600 per 1 day'}}
Error processing 新潟県三条市横町１丁目: Error code: 429 - {'error': {'message': 'Token rate limit exceeded: 2457600 per 1 day'}}
Error processing 新潟県三条市元町: Error code: 429 - {'error': {'message': 'Token rate limit exceeded: 2457600 per 1 day'}}
Error processing 新潟県三条市井栗２丁目: Error code: 429 - {'error': {'message': 'Request rate limit exceeded: 50 per 1 minute'}}
Error processing 新潟県三条市居島: Error code: 429 - {'error': {'message': 'Request rate limit exceeded: 50 per 1 minute'}}
     Processed 385/478
Error processing 新潟県三条市林町１丁目: Error code: 429 - {'error': {'message': 'Request rate limit exceeded: 50 per 1 minute'}}
Error processing 新潟県三条市田島１丁目: Error code: 429 - {'error': {'message': 'Token rate limit exceeded: 2457600 per 1 day'}}
Error processing 新潟県三条市本町２丁目: Error code: 429 - {'error': {'message': 'Request rate limit exceeded: 50 per 1 minute'}}
Error processing 新潟県三条市桜木町: Error code: 429 - {'error': {'message': 'Request rate limit exceeded: 50 per 1 minute'}}
Error processing 新潟県三条市三竹３丁目: Error code: 429 - {'error': {'message': 'Request rate limit exceeded: 50 per 1 minute'}}
     Processed 390/478
Error processing 新潟県三条市東三条１丁目: Error code: 429 - {'error': {'message': 'Request rate limit exceeded: 50 per 1 minute'}}
Error processing 新潟県三条市一ノ門１丁目: Error code: 429 - {'error': {'message': 'Request rate limit exceeded: 50 per 1 minute'}}
Error processing 新潟県三条市興野３丁目: Error code: 429 - {'error': {'message': 'Request rate limit exceeded: 50 per 1 minute'}}
Error processing 新潟県三条市西四日町３丁目: Error code: 429 - {'error': {'message': 'Request rate limit exceeded: 50 per 1 minute'}}
Error processing 新潟県三条市曲谷: Error code: 429 - {'error': {'message': 'Token rate limit exceeded: 2457600 per 1 day'}}
     Processed 395/478
Error processing 新潟県三条市須戸新田: Error code: 429 - {'error': {'message': 'Token rate limit exceeded: 2457600 per 1 day'}}
Error processing 新潟県三条市上野原: Error code: 429 - {'error': {'message': 'Token rate limit exceeded: 2457600 per 1 day'}}
Error processing 新潟県三条市曲渕２丁目: Error code: 429 - {'error': {'message': 'Token rate limit exceeded: 2457600 per 1 day'}}
Error processing 新潟県三条市鹿峠: Error code: 429 - {'error': {'message': 'Token rate limit exceeded: 2457600 per 1 day'}}
Error processing 新潟県三条市矢田: Error code: 429 - {'error': {'message': 'Token rate limit exceeded: 2457600 per 1 day'}}
     Processed 400/478
Error processing 新潟県三条市棚鱗: Error code: 429 - {'error': {'message': 'Token rate limit exceeded: 2457600 per 1 day'}}
Error processing 新潟県新発田市下三光: Error code: 429 - {'error': {'message': 'Token rate limit exceeded: 2457600 per 1 day'}}
Error processing 新潟県新発田市西園町１丁目: Error code: 429 - {'error': {'message': 'Token rate limit exceeded: 2457600 per 1 day'}}
Error processing 新潟県新発田市西園町１丁目: Error code: 429 - {'error': {'message': 'Token rate limit exceeded: 2457600 per 1 day'}}
Error processing 新潟県佐渡市河原田本町: Error code: 429 - {'error': {'message': 'Token rate limit exceeded: 2457600 per 1 day'}}
     Processed 405/478
Error processing 新潟県柏崎市大字上条: Error code: 429 - {'error': {'message': 'Token rate limit exceeded: 2457600 per 1 day'}}
Error processing 新潟県南蒲原郡田上町大字千苅新田: Error code: 429 - {'error': {'message': 'Token rate limit exceeded: 2457600 per 1 day'}}
Error processing 新潟県十日町市伊達甲: Error code: 429 - {'error': {'message': 'Token rate limit exceeded: 2457600 per 1 day'}}
Error processing 新潟県上越市大潟区土底浜: Error code: 429 - {'error': {'message': 'Token rate limit exceeded: 2457600 per 1 day'}}
Error processing 新潟県佐渡市新穂青木: Error code: 429 - {'error': {'message': 'Token rate limit exceeded: 2457600 per 1 day'}}
     Processed 410/478
Error processing 新潟県佐渡市新穂正明寺: Error code: 429 - {'error': {'message': 'Request rate limit exceeded: 50 per 1 minute'}}
Error processing 新潟県佐渡市柳沢: Error code: 429 - {'error': {'message': 'Request rate limit exceeded: 50 per 1 minute'}}
Error processing 新潟県上越市寺町１丁目: Error code: 429 - {'error': {'message': 'Request rate limit exceeded: 50 per 1 minute'}}
Error processing 新潟県上越市北本町２丁目: Error code: 429 - {'error': {'message': 'Request rate limit exceeded: 50 per 1 minute'}}
Error processing 新潟県上越市五智２丁目: Error code: 429 - {'error': {'message': 'Request rate limit exceeded: 50 per 1 minute'}}
     Processed 415/478
Error processing 新潟県上越市名立区車路: Error code: 429 - {'error': {'message': 'Request rate limit exceeded: 50 per 1 minute'}}
Error processing 新潟県上越市安塚区真荻平: Error code: 429 - {'error': {'message': 'Request rate limit exceeded: 50 per 1 minute'}}
Error processing 新潟県柏崎市大字野田: Error code: 429 - {'error': {'message': 'Request rate limit exceeded: 50 per 1 minute'}}
Error processing 新潟県十日町市稲荷町３丁目東: Error code: 429 - {'error': {'message': 'Token rate limit exceeded: 2457600 per 1 day'}}
Error processing 新潟県十日町市新座甲: Error code: 429 - {'error': {'message': 'Request rate limit exceeded: 50 per 1 minute'}}
     Processed 420/478
Error processing 新潟県十日町市中仙田甲: Error code: 429 - {'error': {'message': 'Request rate limit exceeded: 50 per 1 minute'}}
Error processing 新潟県佐渡市下新穂: Error code: 429 - {'error': {'message': 'Request rate limit exceeded: 50 per 1 minute'}}
Error processing 新潟県刈羽郡刈羽村大字寺尾: Error code: 429 - {'error': {'message': 'Token rate limit exceeded: 2457600 per 1 day'}}
Error processing 新潟県佐渡市泉: Error code: 429 - {'error': {'message': 'Token rate limit exceeded: 2457600 per 1 day'}}
Error processing 新潟県新発田市西園町１丁目: Error code: 429 - {'error': {'message': 'Token rate limit exceeded: 2457600 per 1 day'}}
     Processed 425/478
Error processing 新潟県長岡市小国町八王子: Error code: 429 - {'error': {'message': 'Token rate limit exceeded: 2457600 per 1 day'}}
Error processing 新潟県長岡市滝の下町: Error code: 429 - {'error': {'message': 'Token rate limit exceeded: 2457600 per 1 day'}}
Error processing 新潟県佐渡市三瀬川: Error code: 429 - {'error': {'message': 'Token rate limit exceeded: 2457600 per 1 day'}}
Error processing 新潟県佐渡市市野沢: Error code: 429 - {'error': {'message': 'Token rate limit exceeded: 2457600 per 1 day'}}
Error processing 新潟県上越市板倉区栗沢: Error code: 429 - {'error': {'message': 'Token rate limit exceeded: 2457600 per 1 day'}}
     Processed 430/478
Error processing 新潟県佐渡市千種: Error code: 429 - {'error': {'message': 'Token rate limit exceeded: 2457600 per 1 day'}}
Error processing 新潟県佐渡市加茂歌代: Error code: 429 - {'error': {'message': 'Token rate limit exceeded: 2457600 per 1 day'}}
Error processing 新潟県佐渡市上新穂: Error code: 429 - {'error': {'message': 'Token rate limit exceeded: 2457600 per 1 day'}}
Error processing 新潟県佐渡市相川板町: Error code: 429 - {'error': {'message': 'Token rate limit exceeded: 2457600 per 1 day'}}
Error processing 新潟県佐渡市畑野: Error code: 429 - {'error': {'message': 'Token rate limit exceeded: 2457600 per 1 day'}}
     Processed 435/478
Error processing 新潟県佐渡市畑野: Error code: 429 - {'error': {'message': 'Token rate limit exceeded: 2457600 per 1 day'}}
Error processing 新潟県佐渡市八幡町: Error code: 429 - {'error': {'message': 'Token rate limit exceeded: 2457600 per 1 day'}}
Error processing 新潟県佐渡市両津湊: Error code: 429 - {'error': {'message': 'Token rate limit exceeded: 2457600 per 1 day'}}
Error processing 新潟県佐渡市泉: Error code: 429 - {'error': {'message': 'Request rate limit exceeded: 50 per 1 minute'}}
Error processing 新潟県佐渡市吉井: Error code: 429 - {'error': {'message': 'Request rate limit exceeded: 50 per 1 minute'}}
     Processed 440/478
Error processing 新潟県佐渡市畑野: Error code: 429 - {'error': {'message': 'Request rate limit exceeded: 50 per 1 minute'}}
Error processing 新潟県佐渡市畑野: Error code: 429 - {'error': {'message': 'Request rate limit exceeded: 50 per 1 minute'}}
Error processing 新潟県佐渡市中原: Error code: 429 - {'error': {'message': 'Request rate limit exceeded: 50 per 1 minute'}}
Error processing 新潟県佐渡市八幡: Error code: 429 - {'error': {'message': 'Request rate limit exceeded: 50 per 1 minute'}}
Error processing 新潟県佐渡市両津湊: Error code: 429 - {'error': {'message': 'Request rate limit exceeded: 50 per 1 minute'}}
     Processed 445/478
Error processing 新潟県佐渡市両津夷: Error code: 429 - {'error': {'message': 'Request rate limit exceeded: 50 per 1 minute'}}
Error processing 新潟県佐渡市八幡: Error code: 429 - {'error': {'message': 'Token rate limit exceeded: 2457600 per 1 day'}}
Error processing 新潟県佐渡市新穂長畝: Error code: 429 - {'error': {'message': 'Request rate limit exceeded: 50 per 1 minute'}}
Error processing 新潟県佐渡市入川: Error code: 429 - {'error': {'message': 'Request rate limit exceeded: 50 per 1 minute'}}
Error processing 新潟県佐渡市三瀬川: Error code: 429 - {'error': {'message': 'Request rate limit exceeded: 50 per 1 minute'}}
     Processed 450/478
Error processing 新潟県佐渡市両津夷: Error code: 429 - {'error': {'message': 'Token rate limit exceeded: 2457600 per 1 day'}}
Error processing 新潟県佐渡市莚場: Error code: 429 - {'error': {'message': 'Token rate limit exceeded: 2457600 per 1 day'}}
Error processing 新潟県佐渡市浜田: Error code: 429 - {'error': {'message': 'Token rate limit exceeded: 2457600 per 1 day'}}
Error processing 新潟県佐渡市羽茂滝平: Error code: 429 - {'error': {'message': 'Token rate limit exceeded: 2457600 per 1 day'}}
Error processing 新潟県佐渡市沢根: Error code: 429 - {'error': {'message': 'Token rate limit exceeded: 2457600 per 1 day'}}
     Processed 455/478
Error processing 新潟県佐渡市鍛冶町: Error code: 429 - {'error': {'message': 'Token rate limit exceeded: 2457600 per 1 day'}}
Error processing 新潟県佐渡市新穂井内: Error code: 429 - {'error': {'message': 'Token rate limit exceeded: 2457600 per 1 day'}}
Error processing 新潟県新発田市藤塚浜: Error code: 429 - {'error': {'message': 'Token rate limit exceeded: 2457600 per 1 day'}}
Error processing 新潟県新発田市真中: Error code: 429 - {'error': {'message': 'Token rate limit exceeded: 2457600 per 1 day'}}
Error processing 新潟県上越市南本町２丁目: Error code: 429 - {'error': {'message': 'Token rate limit exceeded: 2457600 per 1 day'}}
     Processed 460/478
Error processing 新潟県上越市東本町３丁目: Error code: 429 - {'error': {'message': 'Token rate limit exceeded: 2457600 per 1 day'}}
Error processing 新潟県上越市柿崎区柿崎: Error code: 429 - {'error': {'message': 'Token rate limit exceeded: 2457600 per 1 day'}}
Error processing 新潟県上越市昭和町２丁目: Error code: 429 - {'error': {'message': 'Token rate limit exceeded: 2457600 per 1 day'}}
Error processing 新潟県上越市清里区みらい: Error code: 429 - {'error': {'message': 'Token rate limit exceeded: 2457600 per 1 day'}}
Error processing 新潟県長岡市栃尾旭町: Error code: 429 - {'error': {'message': 'Token rate limit exceeded: 2457600 per 1 day'}}
     Processed 465/478
Error processing 新潟県上越市安塚区松崎: Error code: 429 - {'error': {'message': 'Token rate limit exceeded: 2457600 per 1 day'}}
Error processing 新潟県上越市幸町: Error code: 429 - {'error': {'message': 'Request rate limit exceeded: 50 per 1 minute'}}
Error processing 新潟県五泉市村松乙: Error code: 429 - {'error': {'message': 'Request rate limit exceeded: 50 per 1 minute'}}
Error processing 新潟県上越市板倉区中之宮: Error code: 429 - {'error': {'message': 'Request rate limit exceeded: 50 per 1 minute'}}
Error processing 新潟県柏崎市西山町坂田: Error code: 429 - {'error': {'message': 'Request rate limit exceeded: 50 per 1 minute'}}
     Processed 470/478
Error processing 新潟県南蒲原郡田上町大字田上: Error code: 429 - {'error': {'message': 'Request rate limit exceeded: 50 per 1 minute'}}
Error processing 新潟県柏崎市大字新道: Error code: 429 - {'error': {'message': 'Request rate limit exceeded: 50 per 1 minute'}}
Error processing 新潟県上越市浦川原区有島: Error code: 429 - {'error': {'message': 'Request rate limit exceeded: 50 per 1 minute'}}
Error processing 新潟県上越市柿崎区下小野: Error code: 429 - {'error': {'message': 'Token rate limit exceeded: 2457600 per 1 day'}}
Error processing 新潟県胎内市星の宮町: Error code: 429 - {'error': {'message': 'Request rate limit exceeded: 50 per 1 minute'}}
     Processed 475/478
Error processing 新潟県阿賀野市沢田: Error code: 429 - {'error': {'message': 'Request rate limit exceeded: 50 per 1 minute'}}
Error processing 新潟県阿賀野市外城町: Error code: 429 - {'error': {'message': 'Request rate limit exceeded: 50 per 1 minute'}}
Error processing 新潟県新発田市西園町３丁目: Error code: 429 - {'error': {'message': 'Token rate limit exceeded: 2457600 per 1 day'}}
  -> Saved to public/scraped/niigata.json

[16 富山県 (toyama)] Starting scrape...
  -> Scraped 503 items.
  -> Enriching 503 items with AI...
Error processing 富山県高岡市本丸町: Error code: 429 - {'error': {'message': 'Token rate limit exceeded: 2457600 per 1 day'}}
Error processing 富山県小矢部市津沢１丁目: Error code: 429 - {'error': {'message': 'Token rate limit exceeded: 2457600 per 1 day'}}
Error processing 富山県高岡市伏木矢田新町: Error code: 429 - {'error': {'message': 'Token rate limit exceeded: 2457600 per 1 day'}}
Error processing 富山県富山市八尾町西町: Error code: 429 - {'error': {'message': 'Token rate limit exceeded: 2457600 per 1 day'}}
Error processing 富山県小矢部市新西: Error code: 429 - {'error': {'message': 'Token rate limit exceeded: 2457600 per 1 day'}}
     Processed 5/503
Error processing 富山県富山市蓮町５丁目: Error code: 429 - {'error': {'message': 'Token rate limit exceeded: 2457600 per 1 day'}}
Error processing 富山県高岡市本町: Error code: 429 - {'error': {'message': 'Token rate limit exceeded: 2457600 per 1 day'}}
Error processing 富山県高岡市伏木古府３丁目: Error code: 429 - {'error': {'message': 'Token rate limit exceeded: 2457600 per 1 day'}}
Error processing 富山県小矢部市桜町: Error code: 429 - {'error': {'message': 'Token rate limit exceeded: 2457600 per 1 day'}}
Error processing 富山県高岡市宮田町: Error code: 429 - {'error': {'message': 'Token rate limit exceeded: 2457600 per 1 day'}}
     Processed 10/503
Error processing 富山県小矢部市平桜: Error code: 429 - {'error': {'message': 'Token rate limit exceeded: 2457600 per 1 day'}}
Error processing 富山県小矢部市埴生: Error code: 429 - {'error': {'message': 'Token rate limit exceeded: 2457600 per 1 day'}}
Error processing 富山県高岡市広小路: Error code: 429 - {'error': {'message': 'Token rate limit exceeded: 2457600 per 1 day'}}
Error processing 富山県小矢部市新西: Error code: 429 - {'error': {'message': 'Token rate limit exceeded: 2457600 per 1 day'}}
Error processing 富山県富山市北代: Error code: 429 - {'error': {'message': 'Token rate limit exceeded: 2457600 per 1 day'}}
     Processed 15/503
Error processing 富山県富山市婦中町新町: Error code: 429 - {'error': {'message': 'Token rate limit exceeded: 2457600 per 1 day'}}
Error processing 富山県富山市茶屋町: Error code: 429 - {'error': {'message': 'Request rate limit exceeded: 50 per 1 minute'}}
Error processing 富山県富山市婦中町地角: Error code: 429 - {'error': {'message': 'Request rate limit exceeded: 50 per 1 minute'}}
Error processing 富山県富山市豊若町２丁目: Error code: 429 - {'error': {'message': 'Request rate limit exceeded: 50 per 1 minute'}}
Error processing 富山県中新川郡立山町五百石: Error code: 429 - {'error': {'message': 'Request rate limit exceeded: 50 per 1 minute'}}
     Processed 20/503
Error processing 富山県中新川郡立山町前沢: Error code: 429 - {'error': {'message': 'Request rate limit exceeded: 50 per 1 minute'}}
Error processing 富山県高岡市伏木古府元町: Error code: 429 - {'error': {'message': 'Request rate limit exceeded: 50 per 1 minute'}}
Error processing 富山県高岡市伏木古府３丁目: Error code: 429 - {'error': {'message': 'Request rate limit exceeded: 50 per 1 minute'}}
Error processing 富山県中新川郡立山町五百石: Error code: 429 - {'error': {'message': 'Request rate limit exceeded: 50 per 1 minute'}}
Error processing 富山県富山市吉作: Error code: 429 - {'error': {'message': 'Request rate limit exceeded: 50 per 1 minute'}}
     Processed 25/503
Error processing 富山県富山市上赤江町１丁目: Error code: 429 - {'error': {'message': 'Request rate limit exceeded: 50 per 1 minute'}}
Error processing 富山県中新川郡立山町野沢: Error code: 429 - {'error': {'message': 'Request rate limit exceeded: 50 per 1 minute'}}
Error processing 富山県中新川郡立山町前沢: Error code: 429 - {'error': {'message': 'Token rate limit exceeded: 2457600 per 1 day'}}
Error processing 富山県中新川郡立山町千垣: Error code: 429 - {'error': {'message': 'Token rate limit exceeded: 2457600 per 1 day'}}
Error processing 富山県中新川郡立山町浦田: Error code: 429 - {'error': {'message': 'Token rate limit exceeded: 2457600 per 1 day'}}
     Processed 30/503
Error processing 富山県高岡市伏木古府１丁目: Error code: 429 - {'error': {'message': 'Token rate limit exceeded: 2457600 per 1 day'}}
Error processing 富山県中新川郡立山町五百石: Error code: 429 - {'error': {'message': 'Token rate limit exceeded: 2457600 per 1 day'}}
Error processing 富山県中新川郡立山町日中: Error code: 429 - {'error': {'message': 'Token rate limit exceeded: 2457600 per 1 day'}}
Error processing 富山県高岡市伏木古府元町: Error code: 429 - {'error': {'message': 'Token rate limit exceeded: 2457600 per 1 day'}}
Error processing 富山県高岡市伏木東一宮: Error code: 429 - {'error': {'message': 'Token rate limit exceeded: 2457600 per 1 day'}}
     Processed 35/503
Error processing 富山県富山市上滝: Error code: 429 - {'error': {'message': 'Token rate limit exceeded: 2457600 per 1 day'}}
Error processing 富山県富山市四方新出町: Error code: 429 - {'error': {'message': 'Token rate limit exceeded: 2457600 per 1 day'}}
Error processing 富山県小矢部市津沢: Error code: 429 - {'error': {'message': 'Token rate limit exceeded: 2457600 per 1 day'}}
Error processing 富山県小矢部市清沢: Error code: 429 - {'error': {'message': 'Token rate limit exceeded: 2457600 per 1 day'}}
Error processing 富山県富山市馬瀬口: Error code: 429 - {'error': {'message': 'Token rate limit exceeded: 2457600 per 1 day'}}
     Processed 40/503
Error processing 富山県富山市上滝: Error code: 429 - {'error': {'message': 'Token rate limit exceeded: 2457600 per 1 day'}}
Error processing 富山県富山市東老田: Error code: 429 - {'error': {'message': 'Token rate limit exceeded: 2457600 per 1 day'}}
Error processing 富山県高岡市向野本町: Error code: 429 - {'error': {'message': 'Token rate limit exceeded: 2457600 per 1 day'}}
Error processing 富山県小矢部市鷲島: Error code: 429 - {'error': {'message': 'Token rate limit exceeded: 2457600 per 1 day'}}
Error processing 富山県小矢部市埴生: Error code: 429 - {'error': {'message': 'Request rate limit exceeded: 50 per 1 minute'}}
     Processed 45/503
Error processing 富山県高岡市蓮花寺: Error code: 429 - {'error': {'message': 'Request rate limit exceeded: 50 per 1 minute'}}
Error processing 富山県富山市月岡町５丁目: Error code: 429 - {'error': {'message': 'Request rate limit exceeded: 50 per 1 minute'}}
Error processing 富山県高岡市蓮花寺: Error code: 429 - {'error': {'message': 'Request rate limit exceeded: 50 per 1 minute'}}
Error processing 富山県高岡市宮田町: Error code: 429 - {'error': {'message': 'Request rate limit exceeded: 50 per 1 minute'}}
Error processing 富山県高岡市角: Error code: 429 - {'error': {'message': 'Request rate limit exceeded: 50 per 1 minute'}}
     Processed 50/503
Error processing 富山県小矢部市埴生: Error code: 429 - {'error': {'message': 'Request rate limit exceeded: 50 per 1 minute'}}
Error processing 富山県高岡市大野: Error code: 429 - {'error': {'message': 'Request rate limit exceeded: 50 per 1 minute'}}
Error processing 富山県富山市北代: Error code: 429 - {'error': {'message': 'Request rate limit exceeded: 50 per 1 minute'}}
Error processing 富山県小矢部市北一: Error code: 429 - {'error': {'message': 'Request rate limit exceeded: 50 per 1 minute'}}
Error processing 富山県南砺市高儀: Error code: 429 - {'error': {'message': 'Token rate limit exceeded: 2457600 per 1 day'}}
     Processed 55/503
Error processing 富山県富山市五福: Error code: 429 - {'error': {'message': 'Token rate limit exceeded: 2457600 per 1 day'}}
Error processing 富山県高岡市関大町: Error code: 429 - {'error': {'message': 'Token rate limit exceeded: 2457600 per 1 day'}}
Error processing 富山県南砺市城端: Error code: 429 - {'error': {'message': 'Token rate limit exceeded: 2457600 per 1 day'}}
Error processing 富山県高岡市下麻生伸町: Error code: 429 - {'error': {'message': 'Token rate limit exceeded: 2457600 per 1 day'}}
Error processing 富山県小矢部市後谷: Error code: 429 - {'error': {'message': 'Token rate limit exceeded: 2457600 per 1 day'}}
     Processed 60/503
Error processing 富山県高岡市佐加野: Error code: 429 - {'error': {'message': 'Token rate limit exceeded: 2457600 per 1 day'}}
Error processing 富山県高岡市志貴野しらとり台: Error code: 429 - {'error': {'message': 'Request rate limit exceeded: 50 per 1 minute'}}
Error processing 富山県小矢部市八和町: Error code: 429 - {'error': {'message': 'Token rate limit exceeded: 2457600 per 1 day'}}
Error processing 富山県富山市粟島町３丁目: Error code: 429 - {'error': {'message': 'Token rate limit exceeded: 2457600 per 1 day'}}
Error processing 富山県富山市上熊野: Error code: 429 - {'error': {'message': 'Token rate limit exceeded: 2457600 per 1 day'}}
     Processed 65/503
Error processing 富山県小矢部市道林寺: Error code: 429 - {'error': {'message': 'Token rate limit exceeded: 2457600 per 1 day'}}
Error processing 富山県高岡市福岡町福岡新: Error code: 429 - {'error': {'message': 'Token rate limit exceeded: 2457600 per 1 day'}}
Error processing 富山県高岡市長慶寺: Error code: 429 - {'error': {'message': 'Token rate limit exceeded: 2457600 per 1 day'}}
Error processing 富山県高岡市中川上町: Error code: 429 - {'error': {'message': 'Token rate limit exceeded: 2457600 per 1 day'}}
Error processing 富山県小矢部市八和町: Error code: 429 - {'error': {'message': 'Token rate limit exceeded: 2457600 per 1 day'}}
     Processed 70/503
Error processing 富山県高岡市戸出町６丁目: Error code: 429 - {'error': {'message': 'Token rate limit exceeded: 2457600 per 1 day'}}
Error processing 富山県小矢部市埴生: Error code: 429 - {'error': {'message': 'Token rate limit exceeded: 2457600 per 1 day'}}
Error processing 富山県高岡市蓮花寺: Error code: 429 - {'error': {'message': 'Request rate limit exceeded: 50 per 1 minute'}}
Error processing 富山県高岡市蓮美町: Error code: 429 - {'error': {'message': 'Request rate limit exceeded: 50 per 1 minute'}}
Error processing 富山県富山市笹津: Error code: 429 - {'error': {'message': 'Request rate limit exceeded: 50 per 1 minute'}}
     Processed 75/503
Error processing 富山県小矢部市西中野: Error code: 429 - {'error': {'message': 'Request rate limit exceeded: 50 per 1 minute'}}
Error processing 富山県富山市水橋舘町: Error code: 429 - {'error': {'message': 'Request rate limit exceeded: 50 per 1 minute'}}
Error processing 富山県富山市山本: Error code: 429 - {'error': {'message': 'Request rate limit exceeded: 50 per 1 minute'}}
Error processing 富山県高岡市戸出町２丁目: Error code: 429 - {'error': {'message': 'Request rate limit exceeded: 50 per 1 minute'}}
Error processing 富山県高岡市木津: Error code: 429 - {'error': {'message': 'Request rate limit exceeded: 50 per 1 minute'}}
     Processed 80/503
Error processing 富山県高岡市木津: Error code: 429 - {'error': {'message': 'Request rate limit exceeded: 50 per 1 minute'}}
Error processing 富山県高岡市石瀬: Error code: 429 - {'error': {'message': 'Token rate limit exceeded: 2457600 per 1 day'}}
Error processing 富山県高岡市熊野町: Error code: 429 - {'error': {'message': 'Token rate limit exceeded: 2457600 per 1 day'}}
Error processing 富山県高岡市羽広: Error code: 429 - {'error': {'message': 'Token rate limit exceeded: 2457600 per 1 day'}}
Error processing 富山県高岡市大野: Error code: 429 - {'error': {'message': 'Token rate limit exceeded: 2457600 per 1 day'}}
     Processed 85/503
Error processing 富山県高岡市守護町１丁目: Error code: 429 - {'error': {'message': 'Token rate limit exceeded: 2457600 per 1 day'}}
Error processing 富山県高岡市守護町１丁目: Error code: 429 - {'error': {'message': 'Token rate limit exceeded: 2457600 per 1 day'}}
Error processing 富山県小矢部市西町: Error code: 429 - {'error': {'message': 'Token rate limit exceeded: 2457600 per 1 day'}}
Error processing 富山県高岡市下麻生伸町: Error code: 429 - {'error': {'message': 'Token rate limit exceeded: 2457600 per 1 day'}}
Error processing 富山県高岡市二上: Error code: 429 - {'error': {'message': 'Token rate limit exceeded: 2457600 per 1 day'}}
     Processed 90/503
Error processing 富山県高岡市駅南５丁目: Error code: 429 - {'error': {'message': 'Token rate limit exceeded: 2457600 per 1 day'}}
Error processing 富山県高岡市下麻生伸町: Error code: 429 - {'error': {'message': 'Token rate limit exceeded: 2457600 per 1 day'}}
Error processing 富山県下新川郡入善町入膳: Error code: 429 - {'error': {'message': 'Token rate limit exceeded: 2457600 per 1 day'}}
Error processing 富山県下新川郡入善町八幡: Error code: 429 - {'error': {'message': 'Token rate limit exceeded: 2457600 per 1 day'}}
Error processing 富山県下新川郡入善町入膳: Error code: 429 - {'error': {'message': 'Request rate limit exceeded: 50 per 1 minute'}}
     Processed 95/503
Error processing 富山県下新川郡入善町芦崎: Error code: 429 - {'error': {'message': 'Token rate limit exceeded: 2457600 per 1 day'}}
Error processing 富山県下新川郡入善町八幡: Error code: 429 - {'error': {'message': 'Token rate limit exceeded: 2457600 per 1 day'}}
Error processing 富山県高岡市丸の内: Error code: 429 - {'error': {'message': 'Request rate limit exceeded: 50 per 1 minute'}}
Error processing 富山県富山市石倉町: Error code: 429 - {'error': {'message': 'Token rate limit exceeded: 2457600 per 1 day'}}
Error processing 富山県下新川郡入善町木根: Error code: 429 - {'error': {'message': 'Request rate limit exceeded: 50 per 1 minute'}}
     Processed 100/503
Error processing 富山県下新川郡入善町横山: Error code: 429 - {'error': {'message': 'Request rate limit exceeded: 50 per 1 minute'}}
Error processing 富山県下新川郡入善町舟見: Error code: 429 - {'error': {'message': 'Request rate limit exceeded: 50 per 1 minute'}}
Error processing 富山県下新川郡入善町椚山: Error code: 429 - {'error': {'message': 'Request rate limit exceeded: 50 per 1 minute'}}
Error processing 富山県下新川郡入善町椚山: Error code: 429 - {'error': {'message': 'Request rate limit exceeded: 50 per 1 minute'}}
Error processing 富山県下新川郡入善町椚山: Error code: 429 - {'error': {'message': 'Request rate limit exceeded: 50 per 1 minute'}}
     Processed 105/503
Error processing 富山県下新川郡入善町舟見: Error code: 429 - {'error': {'message': 'Request rate limit exceeded: 50 per 1 minute'}}
Error processing 富山県富山市高木: Error code: 429 - {'error': {'message': 'Request rate limit exceeded: 50 per 1 minute'}}
Error processing 富山県下新川郡入善町若栗新: Error code: 429 - {'error': {'message': 'Request rate limit exceeded: 50 per 1 minute'}}
Error processing 富山県下新川郡入善町舟見: Error code: 429 - {'error': {'message': 'Request rate limit exceeded: 50 per 1 minute'}}
Error processing 富山県下新川郡入善町舟見: Error code: 429 - {'error': {'message': 'Token rate limit exceeded: 2457600 per 1 day'}}
     Processed 110/503
Error processing 富山県下新川郡入善町野中: Error code: 429 - {'error': {'message': 'Token rate limit exceeded: 2457600 per 1 day'}}
Error processing 富山県小矢部市平桜: Error code: 429 - {'error': {'message': 'Token rate limit exceeded: 2457600 per 1 day'}}
Error processing 富山県小矢部市宇治新: Error code: 429 - {'error': {'message': 'Token rate limit exceeded: 2457600 per 1 day'}}
Error processing 富山県下新川郡入善町舟見: Error code: 429 - {'error': {'message': 'Token rate limit exceeded: 2457600 per 1 day'}}
Error processing 富山県下新川郡入善町舟見: Error code: 429 - {'error': {'message': 'Token rate limit exceeded: 2457600 per 1 day'}}
     Processed 115/503
Error processing 富山県下新川郡入善町入膳: Error code: 429 - {'error': {'message': 'Token rate limit exceeded: 2457600 per 1 day'}}
Error processing 富山県高岡市立野: Error code: 429 - {'error': {'message': 'Token rate limit exceeded: 2457600 per 1 day'}}
Error processing 富山県富山市月岡東緑町４丁目: Error code: 429 - {'error': {'message': 'Token rate limit exceeded: 2457600 per 1 day'}}
Error processing 富山県高岡市伏木中央町: Error code: 429 - {'error': {'message': 'Token rate limit exceeded: 2457600 per 1 day'}}
Error processing 富山県高岡市東上関: Error code: 429 - {'error': {'message': 'Token rate limit exceeded: 2457600 per 1 day'}}
     Processed 120/503
Error processing 富山県高岡市和田: Error code: 429 - {'error': {'message': 'Token rate limit exceeded: 2457600 per 1 day'}}
Error processing 富山県高岡市熊野町: Error code: 429 - {'error': {'message': 'Token rate limit exceeded: 2457600 per 1 day'}}
Error processing 富山県高岡市和田: Error code: 429 - {'error': {'message': 'Token rate limit exceeded: 2457600 per 1 day'}}
Error processing 富山県高岡市佐野: Error code: 429 - {'error': {'message': 'Token rate limit exceeded: 2457600 per 1 day'}}
Error processing 富山県高岡市大野: Error code: 429 - {'error': {'message': 'Token rate limit exceeded: 2457600 per 1 day'}}
     Processed 125/503
Error processing 富山県富山市水橋狐塚: Error code: 429 - {'error': {'message': 'Token rate limit exceeded: 2457600 per 1 day'}}
Error processing 富山県高岡市蓮美町: Error code: 429 - {'error': {'message': 'Token rate limit exceeded: 2457600 per 1 day'}}
Error processing 富山県高岡市新横町: Error code: 429 - {'error': {'message': 'Request rate limit exceeded: 50 per 1 minute'}}
Error processing 富山県高岡市博労本町: Error code: 429 - {'error': {'message': 'Request rate limit exceeded: 50 per 1 minute'}}
Error processing 富山県高岡市伏木古府２丁目: Error code: 429 - {'error': {'message': 'Request rate limit exceeded: 50 per 1 minute'}}
     Processed 130/503
Error processing 富山県高岡市城東１丁目: Error code: 429 - {'error': {'message': 'Request rate limit exceeded: 50 per 1 minute'}}
Error processing 富山県富山市豊田本町３丁目: Error code: 429 - {'error': {'message': 'Request rate limit exceeded: 50 per 1 minute'}}
Error processing 富山県高岡市福岡町下蓑新: Error code: 429 - {'error': {'message': 'Request rate limit exceeded: 50 per 1 minute'}}
Error processing 富山県高岡市京田: Error code: 429 - {'error': {'message': 'Request rate limit exceeded: 50 per 1 minute'}}
Error processing 富山県高岡市川原町: Error code: 429 - {'error': {'message': 'Request rate limit exceeded: 50 per 1 minute'}}
     Processed 135/503
Error processing 富山県高岡市内免４丁目: Error code: 429 - {'error': {'message': 'Request rate limit exceeded: 50 per 1 minute'}}
Error processing 富山県高岡市横田町３丁目: Error code: 429 - {'error': {'message': 'Token rate limit exceeded: 2457600 per 1 day'}}
Error processing 富山県高岡市伏木矢田: Error code: 429 - {'error': {'message': 'Token rate limit exceeded: 2457600 per 1 day'}}
Error processing 富山県高岡市下牧野: Error code: 429 - {'error': {'message': 'Token rate limit exceeded: 2457600 per 1 day'}}
Error processing 富山県高岡市鴨島町: Error code: 429 - {'error': {'message': 'Token rate limit exceeded: 2457600 per 1 day'}}
     Processed 140/503
Error processing 富山県高岡市羽広: Error code: 429 - {'error': {'message': 'Token rate limit exceeded: 2457600 per 1 day'}}
Error processing 富山県高岡市姫野: Error code: 429 - {'error': {'message': 'Token rate limit exceeded: 2457600 per 1 day'}}
Error processing 富山県高岡市丸の内: Error code: 429 - {'error': {'message': 'Token rate limit exceeded: 2457600 per 1 day'}}
Error processing 富山県高岡市金屋町: Error code: 429 - {'error': {'message': 'Token rate limit exceeded: 2457600 per 1 day'}}
Error processing 富山県高岡市京町: Error code: 429 - {'error': {'message': 'Token rate limit exceeded: 2457600 per 1 day'}}
     Processed 145/503
Error processing 富山県高岡市二塚: Error code: 429 - {'error': {'message': 'Token rate limit exceeded: 2457600 per 1 day'}}
Error processing 富山県高岡市野村: Error code: 429 - {'error': {'message': 'Token rate limit exceeded: 2457600 per 1 day'}}
Error processing 富山県高岡市吉久２丁目: Error code: 429 - {'error': {'message': 'Token rate limit exceeded: 2457600 per 1 day'}}
Error processing 富山県高岡市野村: Error code: 429 - {'error': {'message': 'Token rate limit exceeded: 2457600 per 1 day'}}
Error processing 富山県中新川郡立山町米沢: Error code: 429 - {'error': {'message': 'Token rate limit exceeded: 2457600 per 1 day'}}
     Processed 150/503
Error processing 富山県中新川郡立山町前沢: Error code: 429 - {'error': {'message': 'Token rate limit exceeded: 2457600 per 1 day'}}
Error processing 富山県中新川郡立山町米沢: Error code: 429 - {'error': {'message': 'Token rate limit exceeded: 2457600 per 1 day'}}
Error processing 富山県中新川郡立山町前沢: Error code: 429 - {'error': {'message': 'Token rate limit exceeded: 2457600 per 1 day'}}
Error processing 富山県下新川郡朝日町横尾: Error code: 429 - {'error': {'message': 'Token rate limit exceeded: 2457600 per 1 day'}}
Error processing 富山県下新川郡朝日町不動堂: Error code: 429 - {'error': {'message': 'Request rate limit exceeded: 50 per 1 minute'}}
     Processed 155/503
Error processing 富山県中新川郡立山町上末: Error code: 429 - {'error': {'message': 'Request rate limit exceeded: 50 per 1 minute'}}
Error processing 富山県中新川郡立山町寺田: Error code: 429 - {'error': {'message': 'Request rate limit exceeded: 50 per 1 minute'}}
Error processing 富山県中新川郡立山町道源寺: Error code: 429 - {'error': {'message': 'Request rate limit exceeded: 50 per 1 minute'}}
Error processing 富山県中新川郡立山町岩峅寺: Error code: 429 - {'error': {'message': 'Request rate limit exceeded: 50 per 1 minute'}}
Error processing 富山県中新川郡立山町五百石: Error code: 429 - {'error': {'message': 'Request rate limit exceeded: 50 per 1 minute'}}
     Processed 160/503
Error processing 富山県下新川郡朝日町荒川: Error code: 429 - {'error': {'message': 'Request rate limit exceeded: 50 per 1 minute'}}
Error processing 富山県下新川郡朝日町金山: Error code: 429 - {'error': {'message': 'Request rate limit exceeded: 50 per 1 minute'}}
Error processing 富山県下新川郡朝日町道下: Error code: 429 - {'error': {'message': 'Request rate limit exceeded: 50 per 1 minute'}}
Error processing 富山県下新川郡朝日町笹川: Error code: 429 - {'error': {'message': 'Request rate limit exceeded: 50 per 1 minute'}}
Error processing 富山県下新川郡朝日町泊: Error code: 429 - {'error': {'message': 'Token rate limit exceeded: 2457600 per 1 day'}}
     Processed 165/503
Error processing 富山県下新川郡朝日町大家庄: Error code: 429 - {'error': {'message': 'Token rate limit exceeded: 2457600 per 1 day'}}
Error processing 富山県下新川郡朝日町金山: Error code: 429 - {'error': {'message': 'Token rate limit exceeded: 2457600 per 1 day'}}
Error processing 富山県下新川郡朝日町横尾: Error code: 429 - {'error': {'message': 'Token rate limit exceeded: 2457600 per 1 day'}}
Error processing 富山県下新川郡朝日町東草野: Error code: 429 - {'error': {'message': 'Token rate limit exceeded: 2457600 per 1 day'}}
Error processing 富山県下新川郡朝日町平柳: Error code: 429 - {'error': {'message': 'Token rate limit exceeded: 2457600 per 1 day'}}
     Processed 170/503
Error processing 富山県下新川郡朝日町桜町: Error code: 429 - {'error': {'message': 'Token rate limit exceeded: 2457600 per 1 day'}}
Error processing 富山県下新川郡朝日町平柳: Error code: 429 - {'error': {'message': 'Token rate limit exceeded: 2457600 per 1 day'}}
Error processing 富山県下新川郡朝日町平柳: Error code: 429 - {'error': {'message': 'Token rate limit exceeded: 2457600 per 1 day'}}
Error processing 富山県下新川郡朝日町蛭谷: Error code: 429 - {'error': {'message': 'Token rate limit exceeded: 2457600 per 1 day'}}
Error processing 富山県下新川郡朝日町月山新: Error code: 429 - {'error': {'message': 'Token rate limit exceeded: 2457600 per 1 day'}}
     Processed 175/503
Error processing 富山県下新川郡朝日町笹川: Error code: 429 - {'error': {'message': 'Token rate limit exceeded: 2457600 per 1 day'}}
Error processing 富山県下新川郡朝日町境: Error code: 429 - {'error': {'message': 'Token rate limit exceeded: 2457600 per 1 day'}}
Error processing 富山県下新川郡朝日町道下: Error code: 429 - {'error': {'message': 'Token rate limit exceeded: 2457600 per 1 day'}}
Error processing 富山県中新川郡立山町上瀬戸: Error code: 429 - {'error': {'message': 'Token rate limit exceeded: 2457600 per 1 day'}}
Error processing 富山県下新川郡朝日町中草野: Error code: 429 - {'error': {'message': 'Token rate limit exceeded: 2457600 per 1 day'}}
     Processed 180/503
Error processing 富山県下新川郡朝日町境: Error code: 429 - {'error': {'message': 'Token rate limit exceeded: 2457600 per 1 day'}}
Error processing 富山県下新川郡朝日町道下: Error code: 429 - {'error': {'message': 'Token rate limit exceeded: 2457600 per 1 day'}}
Error processing 富山県下新川郡朝日町山崎: Error code: 429 - {'error': {'message': 'Request rate limit exceeded: 50 per 1 minute'}}
Error processing 富山県下新川郡朝日町蛭谷: Error code: 429 - {'error': {'message': 'Request rate limit exceeded: 50 per 1 minute'}}
Error processing 富山県下新川郡朝日町横尾: Error code: 429 - {'error': {'message': 'Request rate limit exceeded: 50 per 1 minute'}}
     Processed 185/503
Error processing 富山県下新川郡朝日町泊: Error code: 429 - {'error': {'message': 'Request rate limit exceeded: 50 per 1 minute'}}
Error processing 富山県下新川郡朝日町山崎: Error code: 429 - {'error': {'message': 'Request rate limit exceeded: 50 per 1 minute'}}
Error processing 富山県下新川郡朝日町境: Error code: 429 - {'error': {'message': 'Request rate limit exceeded: 50 per 1 minute'}}
Error processing 富山県下新川郡朝日町泊: Error code: 429 - {'error': {'message': 'Request rate limit exceeded: 50 per 1 minute'}}
Error processing 富山県下新川郡朝日町笹川: Error code: 429 - {'error': {'message': 'Request rate limit exceeded: 50 per 1 minute'}}
     Processed 190/503
Error processing 富山県下新川郡朝日町横尾: Error code: 429 - {'error': {'message': 'Request rate limit exceeded: 50 per 1 minute'}}
Error processing 富山県下新川郡朝日町南保: Error code: 429 - {'error': {'message': 'Token rate limit exceeded: 2457600 per 1 day'}}
Error processing 富山県下新川郡朝日町南保町: Error code: 429 - {'error': {'message': 'Token rate limit exceeded: 2457600 per 1 day'}}
Error processing 富山県下新川郡朝日町舟川新: Error code: 429 - {'error': {'message': 'Token rate limit exceeded: 2457600 per 1 day'}}
Error processing 富山県下新川郡朝日町泊: Error code: 429 - {'error': {'message': 'Token rate limit exceeded: 2457600 per 1 day'}}
     Processed 195/503
Error processing 富山県下新川郡朝日町泊: Error code: 429 - {'error': {'message': 'Token rate limit exceeded: 2457600 per 1 day'}}
Error processing 富山県下新川郡朝日町宮崎: Error code: 429 - {'error': {'message': 'Token rate limit exceeded: 2457600 per 1 day'}}
Error processing 富山県下新川郡朝日町東草野: Error code: 429 - {'error': {'message': 'Token rate limit exceeded: 2457600 per 1 day'}}
Error processing 富山県下新川郡朝日町沼保: Error code: 429 - {'error': {'message': 'Token rate limit exceeded: 2457600 per 1 day'}}
Error processing 富山県下新川郡朝日町泊: Error code: 429 - {'error': {'message': 'Token rate limit exceeded: 2457600 per 1 day'}}
     Processed 200/503
Error processing 富山県下新川郡朝日町道下: Error code: 429 - {'error': {'message': 'Token rate limit exceeded: 2457600 per 1 day'}}
Error processing 富山県中新川郡立山町五百石: Error code: 429 - {'error': {'message': 'Token rate limit exceeded: 2457600 per 1 day'}}
Error processing 富山県下新川郡朝日町道下: Error code: 429 - {'error': {'message': 'Token rate limit exceeded: 2457600 per 1 day'}}
Error processing 富山県下新川郡朝日町藤塚: Error code: 429 - {'error': {'message': 'Token rate limit exceeded: 2457600 per 1 day'}}
Error processing 富山県中新川郡立山町米道谷内: Error code: 429 - {'error': {'message': 'Token rate limit exceeded: 2457600 per 1 day'}}
     Processed 205/503
Error processing 富山県下新川郡朝日町東草野: Error code: 429 - {'error': {'message': 'Token rate limit exceeded: 2457600 per 1 day'}}
Error processing 富山県下新川郡朝日町東草野: Error code: 429 - {'error': {'message': 'Token rate limit exceeded: 2457600 per 1 day'}}
Error processing 富山県下新川郡朝日町東草野: Error code: 429 - {'error': {'message': 'Token rate limit exceeded: 2457600 per 1 day'}}
Error processing 富山県下新川郡朝日町南保: Error code: 429 - {'error': {'message': 'Token rate limit exceeded: 2457600 per 1 day'}}
Error processing 富山県下新川郡朝日町荒川: Error code: 429 - {'error': {'message': 'Token rate limit exceeded: 2457600 per 1 day'}}
     Processed 210/503
Error processing 富山県下新川郡朝日町草野: Error code: 429 - {'error': {'message': 'Request rate limit exceeded: 50 per 1 minute'}}
Error processing 富山県下新川郡朝日町笹川: Error code: 429 - {'error': {'message': 'Request rate limit exceeded: 50 per 1 minute'}}
Error processing 富山県高岡市内免２丁目: Error code: 429 - {'error': {'message': 'Request rate limit exceeded: 50 per 1 minute'}}
Error processing 富山県氷見市窪: Error code: 429 - {'error': {'message': 'Request rate limit exceeded: 50 per 1 minute'}}
Error processing 富山県氷見市南大町: Error code: 429 - {'error': {'message': 'Request rate limit exceeded: 50 per 1 minute'}}
     Processed 215/503
Error processing 富山県氷見市柳田: Error code: 429 - {'error': {'message': 'Request rate limit exceeded: 50 per 1 minute'}}
Error processing 富山県氷見市磯辺: Error code: 429 - {'error': {'message': 'Request rate limit exceeded: 50 per 1 minute'}}
Error processing 富山県氷見市朝日丘: Error code: 429 - {'error': {'message': 'Request rate limit exceeded: 50 per 1 minute'}}
Error processing 富山県氷見市島尾: Error code: 429 - {'error': {'message': 'Request rate limit exceeded: 50 per 1 minute'}}
Error processing 富山県氷見市島尾: Error code: 429 - {'error': {'message': 'Token rate limit exceeded: 2457600 per 1 day'}}
     Processed 220/503
Error processing 富山県氷見市上田: Error code: 429 - {'error': {'message': 'Token rate limit exceeded: 2457600 per 1 day'}}
Error processing 富山県氷見市島尾: Error code: 429 - {'error': {'message': 'Token rate limit exceeded: 2457600 per 1 day'}}
Error processing 富山県中新川郡上市町稗田: Error code: 429 - {'error': {'message': 'Token rate limit exceeded: 2457600 per 1 day'}}
Error processing 富山県中新川郡上市町神明町: Error code: 429 - {'error': {'message': 'Token rate limit exceeded: 2457600 per 1 day'}}
Error processing 富山県氷見市北大町: Error code: 429 - {'error': {'message': 'Token rate limit exceeded: 2457600 per 1 day'}}
     Processed 225/503
Error processing 富山県中新川郡上市町横法音寺: Error code: 429 - {'error': {'message': 'Token rate limit exceeded: 2457600 per 1 day'}}
Error processing 富山県中新川郡上市町郷柿沢: Error code: 429 - {'error': {'message': 'Token rate limit exceeded: 2457600 per 1 day'}}
Error processing 富山県中新川郡上市町天神町: Error code: 429 - {'error': {'message': 'Token rate limit exceeded: 2457600 per 1 day'}}
Error processing 富山県高岡市佐野: Error code: 429 - {'error': {'message': 'Token rate limit exceeded: 2457600 per 1 day'}}
Error processing 富山県高岡市鐘紡町: Error code: 429 - {'error': {'message': 'Token rate limit exceeded: 2457600 per 1 day'}}
     Processed 230/503
Error processing 富山県高岡市中川本町: Error code: 429 - {'error': {'message': 'Token rate limit exceeded: 2457600 per 1 day'}}
Error processing 富山県滑川市赤浜: Error code: 429 - {'error': {'message': 'Token rate limit exceeded: 2457600 per 1 day'}}
Error processing 富山県下新川郡入善町入膳: Error code: 429 - {'error': {'message': 'Token rate limit exceeded: 2457600 per 1 day'}}
Error processing 富山県高岡市和田: Error code: 429 - {'error': {'message': 'Token rate limit exceeded: 2457600 per 1 day'}}
Error processing 富山県高岡市高美町: Error code: 429 - {'error': {'message': 'Token rate limit exceeded: 2457600 per 1 day'}}
     Processed 235/503
Error processing 富山県高岡市横田町１丁目: Error code: 429 - {'error': {'message': 'Token rate limit exceeded: 2457600 per 1 day'}}
Error processing 富山県高岡市福岡町上蓑: Error code: 429 - {'error': {'message': 'Token rate limit exceeded: 2457600 per 1 day'}}
Error processing 富山県高岡市蓮美町: Error code: 429 - {'error': {'message': 'Request rate limit exceeded: 50 per 1 minute'}}
Error processing 富山県滑川市加島町: Error code: 429 - {'error': {'message': 'Request rate limit exceeded: 50 per 1 minute'}}
Error processing 富山県高岡市伏木古府２丁目: Error code: 429 - {'error': {'message': 'Request rate limit exceeded: 50 per 1 minute'}}
     Processed 240/503
Error processing 富山県高岡市伏木古府２丁目: Error code: 429 - {'error': {'message': 'Request rate limit exceeded: 50 per 1 minute'}}
Error processing 富山県高岡市昭和町１丁目: Error code: 429 - {'error': {'message': 'Request rate limit exceeded: 50 per 1 minute'}}
Error processing 富山県高岡市金屋本町: Error code: 429 - {'error': {'message': 'Request rate limit exceeded: 50 per 1 minute'}}
Error processing 富山県高岡市和田: Error code: 429 - {'error': {'message': 'Request rate limit exceeded: 50 per 1 minute'}}
Error processing 富山県高岡市泉町: Error code: 429 - {'error': {'message': 'Request rate limit exceeded: 50 per 1 minute'}}
     Processed 245/503
Error processing 富山県高岡市伏木古府１丁目: Error code: 429 - {'error': {'message': 'Request rate limit exceeded: 50 per 1 minute'}}
Error processing 富山県高岡市伏木古府１丁目: Error code: 429 - {'error': {'message': 'Token rate limit exceeded: 2457600 per 1 day'}}
Error processing 富山県高岡市五福町: Error code: 429 - {'error': {'message': 'Token rate limit exceeded: 2457600 per 1 day'}}
Error processing 富山県高岡市高陵町: Error code: 429 - {'error': {'message': 'Token rate limit exceeded: 2457600 per 1 day'}}
Error processing 富山県中新川郡立山町前沢: Error code: 429 - {'error': {'message': 'Token rate limit exceeded: 2457600 per 1 day'}}
     Processed 250/503
Error processing 富山県高岡市勝木原: Error code: 429 - {'error': {'message': 'Token rate limit exceeded: 2457600 per 1 day'}}
Error processing 富山県高岡市石瀬: Error code: 429 - {'error': {'message': 'Token rate limit exceeded: 2457600 per 1 day'}}
Error processing 富山県高岡市北島: Error code: 429 - {'error': {'message': 'Token rate limit exceeded: 2457600 per 1 day'}}
Error processing 富山県高岡市羽広２丁目: Error code: 429 - {'error': {'message': 'Token rate limit exceeded: 2457600 per 1 day'}}
Error processing 富山県下新川郡入善町吉原: Error code: 429 - {'error': {'message': 'Token rate limit exceeded: 2457600 per 1 day'}}
     Processed 255/503
Error processing 富山県小矢部市後谷: Error code: 429 - {'error': {'message': 'Token rate limit exceeded: 2457600 per 1 day'}}
Error processing 富山県高岡市下牧野: Error code: 429 - {'error': {'message': 'Token rate limit exceeded: 2457600 per 1 day'}}
Error processing 富山県下新川郡入善町八幡: Error code: 429 - {'error': {'message': 'Token rate limit exceeded: 2457600 per 1 day'}}
Error processing 富山県下新川郡入善町道市: Error code: 429 - {'error': {'message': 'Token rate limit exceeded: 2457600 per 1 day'}}
Error processing 富山県下新川郡入善町藤原: Error code: 429 - {'error': {'message': 'Token rate limit exceeded: 2457600 per 1 day'}}
     Processed 260/503
Error processing 富山県下新川郡入善町入膳: Error code: 429 - {'error': {'message': 'Token rate limit exceeded: 2457600 per 1 day'}}
Error processing 富山県下新川郡入善町入膳: Error code: 429 - {'error': {'message': 'Token rate limit exceeded: 2457600 per 1 day'}}
Error processing 富山県下新川郡入善町上飯野: Error code: 429 - {'error': {'message': 'Token rate limit exceeded: 2457600 per 1 day'}}
Error processing 富山県下新川郡入善町高瀬: Error code: 429 - {'error': {'message': 'Token rate limit exceeded: 2457600 per 1 day'}}
Error processing 富山県下新川郡入善町吉原: Error code: 429 - {'error': {'message': 'Token rate limit exceeded: 2457600 per 1 day'}}
     Processed 265/503
Error processing 富山県下新川郡入善町入膳: Error code: 429 - {'error': {'message': 'Request rate limit exceeded: 50 per 1 minute'}}
Error processing 富山県高岡市川原本町: Error code: 429 - {'error': {'message': 'Request rate limit exceeded: 50 per 1 minute'}}
Error processing 富山県高岡市清水町３丁目: Error code: 429 - {'error': {'message': 'Request rate limit exceeded: 50 per 1 minute'}}
Error processing 富山県高岡市樋詰: Error code: 429 - {'error': {'message': 'Request rate limit exceeded: 50 per 1 minute'}}
Error processing 富山県滑川市中野島: Error code: 429 - {'error': {'message': 'Request rate limit exceeded: 50 per 1 minute'}}
     Processed 270/503
Error processing 富山県滑川市吾妻町: Error code: 429 - {'error': {'message': 'Request rate limit exceeded: 50 per 1 minute'}}
Error processing 富山県高岡市戸出市野瀬: Error code: 429 - {'error': {'message': 'Request rate limit exceeded: 50 per 1 minute'}}
Error processing 富山県小矢部市末友: Error code: 429 - {'error': {'message': 'Request rate limit exceeded: 50 per 1 minute'}}
Error processing 富山県高岡市横田町１丁目: Error code: 429 - {'error': {'message': 'Token rate limit exceeded: 2457600 per 1 day'}}
Error processing 富山県滑川市柳原: Error code: 429 - {'error': {'message': 'Token rate limit exceeded: 2457600 per 1 day'}}
     Processed 275/503
Error processing 富山県高岡市佐加野: Error code: 429 - {'error': {'message': 'Token rate limit exceeded: 2457600 per 1 day'}}
Error processing 富山県中新川郡立山町道源寺: Error code: 429 - {'error': {'message': 'Token rate limit exceeded: 2457600 per 1 day'}}
Error processing 富山県中新川郡立山町利田: Error code: 429 - {'error': {'message': 'Token rate limit exceeded: 2457600 per 1 day'}}
Error processing 富山県中新川郡立山町蔵本新: Error code: 429 - {'error': {'message': 'Token rate limit exceeded: 2457600 per 1 day'}}
Error processing 富山県高岡市中川１丁目: Error code: 429 - {'error': {'message': 'Token rate limit exceeded: 2457600 per 1 day'}}
     Processed 280/503
Error processing 富山県高岡市博労町: Error code: 429 - {'error': {'message': 'Token rate limit exceeded: 2457600 per 1 day'}}
Error processing 富山県高岡市野村: Error code: 429 - {'error': {'message': 'Token rate limit exceeded: 2457600 per 1 day'}}
Error processing 富山県下新川郡朝日町道下: Error code: 429 - {'error': {'message': 'Token rate limit exceeded: 2457600 per 1 day'}}
Error processing 富山県小矢部市本町: Error code: 429 - {'error': {'message': 'Token rate limit exceeded: 2457600 per 1 day'}}
Error processing 富山県高岡市野村: Error code: 429 - {'error': {'message': 'Token rate limit exceeded: 2457600 per 1 day'}}
     Processed 285/503
Error processing 富山県高岡市福岡町三日市: Error code: 429 - {'error': {'message': 'Token rate limit exceeded: 2457600 per 1 day'}}
Error processing 富山県高岡市野村: Error code: 429 - {'error': {'message': 'Token rate limit exceeded: 2457600 per 1 day'}}
Error processing 富山県滑川市領家町: Error code: 429 - {'error': {'message': 'Token rate limit exceeded: 2457600 per 1 day'}}
Error processing 富山県滑川市領家町: Error code: 429 - {'error': {'message': 'Token rate limit exceeded: 2457600 per 1 day'}}
Error processing 富山県高岡市丸の内: Error code: 429 - {'error': {'message': 'Token rate limit exceeded: 2457600 per 1 day'}}
     Processed 290/503
Error processing 富山県高岡市関大町: Error code: 429 - {'error': {'message': 'Request rate limit exceeded: 50 per 1 minute'}}
Error processing 富山県滑川市坪川: Error code: 429 - {'error': {'message': 'Request rate limit exceeded: 50 per 1 minute'}}
Error processing 富山県下新川郡入善町上野: Error code: 429 - {'error': {'message': 'Request rate limit exceeded: 50 per 1 minute'}}
Error processing 富山県下新川郡入善町福島新: Error code: 429 - {'error': {'message': 'Request rate limit exceeded: 50 per 1 minute'}}
Error processing 富山県高岡市五福町: Error code: 429 - {'error': {'message': 'Request rate limit exceeded: 50 per 1 minute'}}
     Processed 295/503
Error processing 富山県下新川郡入善町上野: Error code: 429 - {'error': {'message': 'Request rate limit exceeded: 50 per 1 minute'}}
Error processing 富山県下新川郡入善町入膳: Error code: 429 - {'error': {'message': 'Request rate limit exceeded: 50 per 1 minute'}}
Error processing 富山県下新川郡入善町入膳: Error code: 429 - {'error': {'message': 'Request rate limit exceeded: 50 per 1 minute'}}
Error processing 富山県下新川郡入善町入膳: Error code: 429 - {'error': {'message': 'Request rate limit exceeded: 50 per 1 minute'}}
Error processing 富山県下新川郡入善町入膳: Error code: 429 - {'error': {'message': 'Request rate limit exceeded: 50 per 1 minute'}}
     Processed 300/503
Error processing 富山県下新川郡入善町入膳: Error code: 429 - {'error': {'message': 'Request rate limit exceeded: 50 per 1 minute'}}
Error processing 富山県下新川郡入善町入膳: Error code: 429 - {'error': {'message': 'Token rate limit exceeded: 2457600 per 1 day'}}
Error processing 富山県下新川郡入善町入膳: Error code: 429 - {'error': {'message': 'Token rate limit exceeded: 2457600 per 1 day'}}
Error processing 富山県下新川郡入善町入膳: Error code: 429 - {'error': {'message': 'Token rate limit exceeded: 2457600 per 1 day'}}
Error processing 富山県下新川郡入善町入膳: Error code: 429 - {'error': {'message': 'Token rate limit exceeded: 2457600 per 1 day'}}
     Processed 305/503
Error processing 富山県下新川郡入善町入膳: Error code: 429 - {'error': {'message': 'Token rate limit exceeded: 2457600 per 1 day'}}
Error processing 富山県下新川郡入善町上野: Error code: 429 - {'error': {'message': 'Token rate limit exceeded: 2457600 per 1 day'}}
Error processing 富山県下新川郡入善町上野: Error code: 429 - {'error': {'message': 'Token rate limit exceeded: 2457600 per 1 day'}}
Error processing 富山県下新川郡入善町青木: Error code: 429 - {'error': {'message': 'Token rate limit exceeded: 2457600 per 1 day'}}
Error processing 富山県下新川郡入善町青木: Error code: 429 - {'error': {'message': 'Token rate limit exceeded: 2457600 per 1 day'}}
     Processed 310/503
Error processing 富山県下新川郡入善町目川: Error code: 429 - {'error': {'message': 'Token rate limit exceeded: 2457600 per 1 day'}}
Error processing 富山県下新川郡入善町小摺戸: Error code: 429 - {'error': {'message': 'Token rate limit exceeded: 2457600 per 1 day'}}
Error processing 富山県下新川郡入善町一宿: Error code: 429 - {'error': {'message': 'Token rate limit exceeded: 2457600 per 1 day'}}
Error processing 富山県下新川郡入善町田ノ又: Error code: 429 - {'error': {'message': 'Token rate limit exceeded: 2457600 per 1 day'}}
Error processing 富山県下新川郡入善町横山: Error code: 429 - {'error': {'message': 'Token rate limit exceeded: 2457600 per 1 day'}}
     Processed 315/503
Error processing 富山県下新川郡入善町舟見: Error code: 429 - {'error': {'message': 'Token rate limit exceeded: 2457600 per 1 day'}}
Error processing 富山県下新川郡入善町舟見: Error code: 429 - {'error': {'message': 'Token rate limit exceeded: 2457600 per 1 day'}}
Error processing 富山県下新川郡入善町中沢: Error code: 429 - {'error': {'message': 'Token rate limit exceeded: 2457600 per 1 day'}}
Error processing 富山県下新川郡入善町吉原東: Error code: 429 - {'error': {'message': 'Token rate limit exceeded: 2457600 per 1 day'}}
Error processing 富山県下新川郡入善町入膳: Error code: 429 - {'error': {'message': 'Token rate limit exceeded: 2457600 per 1 day'}}
     Processed 320/503
Error processing 富山県下新川郡入善町入膳: Error code: 429 - {'error': {'message': 'Token rate limit exceeded: 2457600 per 1 day'}}
Error processing 富山県下新川郡入善町入膳: Error code: 429 - {'error': {'message': 'Token rate limit exceeded: 2457600 per 1 day'}}
Error processing 富山県下新川郡入善町入膳: Error code: 429 - {'error': {'message': 'Token rate limit exceeded: 2457600 per 1 day'}}
Error processing 富山県下新川郡入善町吉原: Error code: 429 - {'error': {'message': 'Token rate limit exceeded: 2457600 per 1 day'}}
Error processing 富山県下新川郡入善町吉原: Error code: 429 - {'error': {'message': 'Request rate limit exceeded: 50 per 1 minute'}}
     Processed 325/503
Error processing 富山県下新川郡入善町東狐: Error code: 429 - {'error': {'message': 'Request rate limit exceeded: 50 per 1 minute'}}
Error processing 富山県下新川郡入善町芦崎: Error code: 429 - {'error': {'message': 'Request rate limit exceeded: 50 per 1 minute'}}
Error processing 富山県下新川郡入善町芦崎: Error code: 429 - {'error': {'message': 'Request rate limit exceeded: 50 per 1 minute'}}
Error processing 富山県下新川郡入善町高畠: Error code: 429 - {'error': {'message': 'Token rate limit exceeded: 2457600 per 1 day'}}
Error processing 富山県下新川郡入善町蛇沢: Error code: 429 - {'error': {'message': 'Token rate limit exceeded: 2457600 per 1 day'}}
     Processed 330/503
Error processing 富山県下新川郡入善町上飯野新: Error code: 429 - {'error': {'message': 'Token rate limit exceeded: 2457600 per 1 day'}}
Error processing 富山県下新川郡入善町新屋: Error code: 429 - {'error': {'message': 'Token rate limit exceeded: 2457600 per 1 day'}}
Error processing 富山県下新川郡入善町田ノ又: Error code: 429 - {'error': {'message': 'Token rate limit exceeded: 2457600 per 1 day'}}
Error processing 富山県下新川郡入善町横山: Error code: 429 - {'error': {'message': 'Token rate limit exceeded: 2457600 per 1 day'}}
Error processing 富山県下新川郡入善町横山: Error code: 429 - {'error': {'message': 'Token rate limit exceeded: 2457600 per 1 day'}}
     Processed 335/503
Error processing 富山県下新川郡入善町舟見: Error code: 429 - {'error': {'message': 'Token rate limit exceeded: 2457600 per 1 day'}}
Error processing 富山県小矢部市西福町: Error code: 429 - {'error': {'message': 'Token rate limit exceeded: 2457600 per 1 day'}}
Error processing 富山県下新川郡入善町吉原: Error code: 429 - {'error': {'message': 'Token rate limit exceeded: 2457600 per 1 day'}}
Error processing 富山県下新川郡入善町入膳: Error code: 429 - {'error': {'message': 'Token rate limit exceeded: 2457600 per 1 day'}}
Error processing 富山県下新川郡入善町上野: Error code: 429 - {'error': {'message': 'Token rate limit exceeded: 2457600 per 1 day'}}
     Processed 340/503
Error processing 富山県下新川郡入善町蛇沢: Error code: 429 - {'error': {'message': 'Token rate limit exceeded: 2457600 per 1 day'}}
Error processing 富山県下新川郡入善町新屋: Error code: 429 - {'error': {'message': 'Token rate limit exceeded: 2457600 per 1 day'}}
Error processing 富山県下新川郡入善町春日: Error code: 429 - {'error': {'message': 'Token rate limit exceeded: 2457600 per 1 day'}}
Error processing 富山県下新川郡入善町上野: Error code: 429 - {'error': {'message': 'Token rate limit exceeded: 2457600 per 1 day'}}
Error processing 富山県下新川郡入善町入膳: Error code: 429 - {'error': {'message': 'Token rate limit exceeded: 2457600 per 1 day'}}
     Processed 345/503
Error processing 富山県下新川郡入善町小杉: Error code: 429 - {'error': {'message': 'Request rate limit exceeded: 50 per 1 minute'}}
Error processing 富山県下新川郡入善町上野: Error code: 429 - {'error': {'message': 'Request rate limit exceeded: 50 per 1 minute'}}
Error processing 富山県下新川郡入善町道古: Error code: 429 - {'error': {'message': 'Request rate limit exceeded: 50 per 1 minute'}}
Error processing 富山県下新川郡入善町入膳: Error code: 429 - {'error': {'message': 'Request rate limit exceeded: 50 per 1 minute'}}
Error processing 富山県下新川郡入善町小杉: Error code: 429 - {'error': {'message': 'Request rate limit exceeded: 50 per 1 minute'}}
     Processed 350/503
Error processing 富山県下新川郡入善町入膳: Error code: 429 - {'error': {'message': 'Request rate limit exceeded: 50 per 1 minute'}}
Error processing 富山県下新川郡入善町椚山: Error code: 429 - {'error': {'message': 'Token rate limit exceeded: 2457600 per 1 day'}}
Error processing 富山県下新川郡入善町上野: Error code: 429 - {'error': {'message': 'Token rate limit exceeded: 2457600 per 1 day'}}
Error processing 富山県下新川郡入善町古黒部: Error code: 429 - {'error': {'message': 'Token rate limit exceeded: 2457600 per 1 day'}}
Error processing 富山県下新川郡入善町野中: Error code: 429 - {'error': {'message': 'Token rate limit exceeded: 2457600 per 1 day'}}
     Processed 355/503
Error processing 富山県下新川郡入善町青島: Error code: 429 - {'error': {'message': 'Token rate limit exceeded: 2457600 per 1 day'}}
Error processing 富山県高岡市伏木中央町: Error code: 429 - {'error': {'message': 'Token rate limit exceeded: 2457600 per 1 day'}}
Error processing 富山県下新川郡入善町入膳: Error code: 429 - {'error': {'message': 'Token rate limit exceeded: 2457600 per 1 day'}}
Error processing 富山県下新川郡入善町入膳: Error code: 429 - {'error': {'message': 'Token rate limit exceeded: 2457600 per 1 day'}}
Error processing 富山県下新川郡入善町野中: Error code: 429 - {'error': {'message': 'Token rate limit exceeded: 2457600 per 1 day'}}
     Processed 360/503
Error processing 富山県下新川郡入善町椚山: Error code: 429 - {'error': {'message': 'Token rate limit exceeded: 2457600 per 1 day'}}
Error processing 富山県下新川郡入善町芦崎: Error code: 429 - {'error': {'message': 'Token rate limit exceeded: 2457600 per 1 day'}}
Error processing 富山県下新川郡入善町入膳: Error code: 429 - {'error': {'message': 'Token rate limit exceeded: 2457600 per 1 day'}}
Error processing 富山県下新川郡入善町入膳: Error code: 429 - {'error': {'message': 'Token rate limit exceeded: 2457600 per 1 day'}}
Error processing 富山県下新川郡入善町入膳: Error code: 429 - {'error': {'message': 'Token rate limit exceeded: 2457600 per 1 day'}}
     Processed 365/503
Error processing 富山県下新川郡入善町舟見: Error code: 429 - {'error': {'message': 'Token rate limit exceeded: 2457600 per 1 day'}}
Error processing 富山県高岡市荻布: Error code: 429 - {'error': {'message': 'Token rate limit exceeded: 2457600 per 1 day'}}
Error processing 富山県高岡市西藤平蔵佐野緑町: Error code: 429 - {'error': {'message': 'Token rate limit exceeded: 2457600 per 1 day'}}
Error processing 富山県高岡市下麻生伸町: Error code: 429 - {'error': {'message': 'Request rate limit exceeded: 50 per 1 minute'}}
Error processing 富山県小矢部市城山町: Error code: 429 - {'error': {'message': 'Request rate limit exceeded: 50 per 1 minute'}}
     Processed 370/503
Error processing 富山県高岡市向野本町: Error code: 429 - {'error': {'message': 'Request rate limit exceeded: 50 per 1 minute'}}
Error processing 富山県高岡市清水町３丁目: Error code: 429 - {'error': {'message': 'Request rate limit exceeded: 50 per 1 minute'}}
Error processing 富山県小矢部市埴生吉和台: Error code: 429 - {'error': {'message': 'Request rate limit exceeded: 50 per 1 minute'}}
Error processing 富山県中新川郡立山町五百石: Error code: 429 - {'error': {'message': 'Request rate limit exceeded: 50 per 1 minute'}}
Error processing 富山県高岡市高美町: Error code: 429 - {'error': {'message': 'Request rate limit exceeded: 50 per 1 minute'}}
     Processed 375/503
Error processing 富山県小矢部市西町: Error code: 429 - {'error': {'message': 'Request rate limit exceeded: 50 per 1 minute'}}
Error processing 富山県小矢部市島: Error code: 429 - {'error': {'message': 'Request rate limit exceeded: 50 per 1 minute'}}
Error processing 富山県小矢部市埴生: Error code: 429 - {'error': {'message': 'Request rate limit exceeded: 50 per 1 minute'}}
Error processing 富山県高岡市東上関: Error code: 429 - {'error': {'message': 'Request rate limit exceeded: 50 per 1 minute'}}
Error processing 富山県中新川郡立山町前沢新町: Error code: 429 - {'error': {'message': 'Token rate limit exceeded: 2457600 per 1 day'}}
     Processed 380/503
Error processing 富山県滑川市高月町: Error code: 429 - {'error': {'message': 'Token rate limit exceeded: 2457600 per 1 day'}}
Error processing 富山県富山市小杉: Error code: 429 - {'error': {'message': 'Token rate limit exceeded: 2457600 per 1 day'}}
Error processing 富山県中新川郡立山町宮路: Error code: 429 - {'error': {'message': 'Token rate limit exceeded: 2457600 per 1 day'}}
Error processing 富山県中新川郡立山町寺坪: Error code: 429 - {'error': {'message': 'Token rate limit exceeded: 2457600 per 1 day'}}
Error processing 富山県富山市四方: Error code: 429 - {'error': {'message': 'Token rate limit exceeded: 2457600 per 1 day'}}
     Processed 385/503
Error processing 富山県中新川郡立山町蔵本新: Error code: 429 - {'error': {'message': 'Token rate limit exceeded: 2457600 per 1 day'}}
Error processing 富山県高岡市清水町２丁目: Error code: 429 - {'error': {'message': 'Token rate limit exceeded: 2457600 per 1 day'}}
Error processing 富山県中新川郡立山町五百石: Error code: 429 - {'error': {'message': 'Token rate limit exceeded: 2457600 per 1 day'}}
Error processing 富山県中新川郡立山町浦田: Error code: 429 - {'error': {'message': 'Token rate limit exceeded: 2457600 per 1 day'}}
Error processing 富山県中新川郡立山町寺田: Error code: 429 - {'error': {'message': 'Token rate limit exceeded: 2457600 per 1 day'}}
     Processed 390/503
Error processing 富山県富山市豊若町１丁目: Error code: 429 - {'error': {'message': 'Token rate limit exceeded: 2457600 per 1 day'}}
Error processing 富山県高岡市荒屋敷: Error code: 429 - {'error': {'message': 'Token rate limit exceeded: 2457600 per 1 day'}}
Error processing 富山県滑川市大町: Error code: 429 - {'error': {'message': 'Token rate limit exceeded: 2457600 per 1 day'}}
Error processing 富山県高岡市伏木古府１丁目: Error code: 429 - {'error': {'message': 'Token rate limit exceeded: 2457600 per 1 day'}}
Error processing 富山県高岡市旅籠町: Error code: 429 - {'error': {'message': 'Token rate limit exceeded: 2457600 per 1 day'}}
     Processed 395/503
Error processing 富山県高岡市大坪町３丁目: Error code: 429 - {'error': {'message': 'Token rate limit exceeded: 2457600 per 1 day'}}
Error processing 富山県富山市布瀬町南２丁目: Error code: 429 - {'error': {'message': 'Token rate limit exceeded: 2457600 per 1 day'}}
Error processing 富山県高岡市本丸町: Error code: 429 - {'error': {'message': 'Token rate limit exceeded: 2457600 per 1 day'}}
Error processing 富山県高岡市向野本町: Error code: 429 - {'error': {'message': 'Token rate limit exceeded: 2457600 per 1 day'}}
Error processing 富山県高岡市下牧野: Error code: 429 - {'error': {'message': 'Token rate limit exceeded: 2457600 per 1 day'}}
     Processed 400/503
Error processing 富山県高岡市丸の内: Error code: 429 - {'error': {'message': 'Token rate limit exceeded: 2457600 per 1 day'}}
Error processing 富山県高岡市守護町２丁目: Error code: 429 - {'error': {'message': 'Token rate limit exceeded: 2457600 per 1 day'}}
Error processing 富山県高岡市伏木矢田: Error code: 429 - {'error': {'message': 'Token rate limit exceeded: 2457600 per 1 day'}}
Error processing 富山県高岡市中川上町: Error code: 429 - {'error': {'message': 'Token rate limit exceeded: 2457600 per 1 day'}}
Error processing 富山県高岡市蓮美町: Error code: 429 - {'error': {'message': 'Token rate limit exceeded: 2457600 per 1 day'}}
     Processed 405/503
Error processing 富山県小矢部市末友: Error code: 429 - {'error': {'message': 'Token rate limit exceeded: 2457600 per 1 day'}}
Error processing 富山県小矢部市埴生: Error code: 429 - {'error': {'message': 'Token rate limit exceeded: 2457600 per 1 day'}}
Error processing 富山県中新川郡立山町女川新: Error code: 429 - {'error': {'message': 'Request rate limit exceeded: 50 per 1 minute'}}
Error processing 富山県中新川郡立山町末三賀: Error code: 429 - {'error': {'message': 'Request rate limit exceeded: 50 per 1 minute'}}
Error processing 富山県中新川郡立山町五百石: Error code: 429 - {'error': {'message': 'Request rate limit exceeded: 50 per 1 minute'}}
     Processed 410/503
Error processing 富山県中新川郡立山町道源寺: Error code: 429 - {'error': {'message': 'Request rate limit exceeded: 50 per 1 minute'}}
Error processing 富山県滑川市上小泉: Error code: 429 - {'error': {'message': 'Request rate limit exceeded: 50 per 1 minute'}}
Error processing 富山県中新川郡立山町道源寺: Error code: 429 - {'error': {'message': 'Request rate limit exceeded: 50 per 1 minute'}}
Error processing 富山県高岡市下麻生: Error code: 429 - {'error': {'message': 'Request rate limit exceeded: 50 per 1 minute'}}
Error processing 富山県滑川市辰野辰野新町: Error code: 429 - {'error': {'message': 'Request rate limit exceeded: 50 per 1 minute'}}
     Processed 415/503
Error processing 富山県中新川郡立山町米沢: Error code: 429 - {'error': {'message': 'Token rate limit exceeded: 2457600 per 1 day'}}
Error processing 富山県小矢部市今石動町２丁目: Error code: 429 - {'error': {'message': 'Token rate limit exceeded: 2457600 per 1 day'}}
Error processing 富山県小矢部市中央町: Error code: 429 - {'error': {'message': 'Token rate limit exceeded: 2457600 per 1 day'}}
Error processing 富山県高岡市福田六家西園町: Error code: 429 - {'error': {'message': 'Token rate limit exceeded: 2457600 per 1 day'}}
Error processing 富山県高岡市伏木古府１丁目: Error code: 429 - {'error': {'message': 'Token rate limit exceeded: 2457600 per 1 day'}}
     Processed 420/503
Error processing 富山県高岡市西藤平蔵: Error code: 429 - {'error': {'message': 'Token rate limit exceeded: 2457600 per 1 day'}}
Error processing 富山県高岡市江尻: Error code: 429 - {'error': {'message': 'Token rate limit exceeded: 2457600 per 1 day'}}
Error processing 富山県小矢部市七社: Error code: 429 - {'error': {'message': 'Token rate limit exceeded: 2457600 per 1 day'}}
Error processing 富山県富山市新庄町１丁目: Error code: 429 - {'error': {'message': 'Token rate limit exceeded: 2457600 per 1 day'}}
Error processing 富山県高岡市駅南３丁目: Error code: 429 - {'error': {'message': 'Token rate limit exceeded: 2457600 per 1 day'}}
     Processed 425/503
Error processing 富山県中新川郡立山町利田: Error code: 429 - {'error': {'message': 'Token rate limit exceeded: 2457600 per 1 day'}}
Error processing 富山県中新川郡立山町前沢: Error code: 429 - {'error': {'message': 'Token rate limit exceeded: 2457600 per 1 day'}}
Error processing 富山県中新川郡立山町前沢: Error code: 429 - {'error': {'message': 'Token rate limit exceeded: 2457600 per 1 day'}}
Error processing 富山県中新川郡立山町五百石: Error code: 429 - {'error': {'message': 'Token rate limit exceeded: 2457600 per 1 day'}}
Error processing 富山県小矢部市野端: Error code: 429 - {'error': {'message': 'Token rate limit exceeded: 2457600 per 1 day'}}
     Processed 430/503
Error processing 富山県高岡市中田: Error code: 429 - {'error': {'message': 'Token rate limit exceeded: 2457600 per 1 day'}}
Error processing 富山県小矢部市綾子: Error code: 429 - {'error': {'message': 'Token rate limit exceeded: 2457600 per 1 day'}}
Error processing 富山県氷見市丸の内: Error code: 429 - {'error': {'message': 'Request rate limit exceeded: 50 per 1 minute'}}
Error processing 富山県小矢部市西町: Error code: 429 - {'error': {'message': 'Request rate limit exceeded: 50 per 1 minute'}}
Error processing 富山県高岡市二塚: Error code: 429 - {'error': {'message': 'Request rate limit exceeded: 50 per 1 minute'}}
     Processed 435/503
Error processing 富山県中新川郡立山町宮路: Error code: 429 - {'error': {'message': 'Request rate limit exceeded: 50 per 1 minute'}}
Error processing 富山県小矢部市岩武: Error code: 429 - {'error': {'message': 'Request rate limit exceeded: 50 per 1 minute'}}
Error processing 富山県中新川郡立山町五百石: Error code: 429 - {'error': {'message': 'Request rate limit exceeded: 50 per 1 minute'}}
Error processing 富山県中新川郡立山町吉峰野開: Error code: 429 - {'error': {'message': 'Request rate limit exceeded: 50 per 1 minute'}}
Error processing 富山県中新川郡立山町末上野: Error code: 429 - {'error': {'message': 'Request rate limit exceeded: 50 per 1 minute'}}
     Processed 440/503
Error processing 富山県中新川郡立山町前沢: Error code: 429 - {'error': {'message': 'Request rate limit exceeded: 50 per 1 minute'}}
Error processing 富山県射水市中央町: Error code: 429 - {'error': {'message': 'Request rate limit exceeded: 50 per 1 minute'}}
Error processing 富山県中新川郡立山町米道: Error code: 429 - {'error': {'message': 'Token rate limit exceeded: 2457600 per 1 day'}}
Error processing 富山県射水市串田新: Error code: 429 - {'error': {'message': 'Token rate limit exceeded: 2457600 per 1 day'}}
Error processing 富山県射水市港町: Error code: 429 - {'error': {'message': 'Token rate limit exceeded: 2457600 per 1 day'}}
     Processed 445/503
Error processing 富山県小矢部市埴生: Error code: 429 - {'error': {'message': 'Token rate limit exceeded: 2457600 per 1 day'}}
Error processing 富山県中新川郡立山町米沢: Error code: 429 - {'error': {'message': 'Token rate limit exceeded: 2457600 per 1 day'}}
Error processing 富山県中新川郡立山町上福来: Error code: 429 - {'error': {'message': 'Token rate limit exceeded: 2457600 per 1 day'}}
Error processing 富山県中新川郡立山町五百石: Error code: 429 - {'error': {'message': 'Token rate limit exceeded: 2457600 per 1 day'}}
Error processing 富山県中新川郡立山町宮路: Error code: 429 - {'error': {'message': 'Token rate limit exceeded: 2457600 per 1 day'}}
     Processed 450/503
Error processing 富山県小矢部市埴生: Error code: 429 - {'error': {'message': 'Token rate limit exceeded: 2457600 per 1 day'}}
Error processing 富山県小矢部市今石動町１丁目: Error code: 429 - {'error': {'message': 'Token rate limit exceeded: 2457600 per 1 day'}}
Error processing 富山県高岡市二上: Error code: 429 - {'error': {'message': 'Token rate limit exceeded: 2457600 per 1 day'}}
Error processing 富山県富山市伏木: Error code: 429 - {'error': {'message': 'Token rate limit exceeded: 2457600 per 1 day'}}
Error processing 富山県魚津市六郎丸: Error code: 429 - {'error': {'message': 'Token rate limit exceeded: 2457600 per 1 day'}}
     Processed 455/503
Error processing 富山県魚津市木下新: Error code: 429 - {'error': {'message': 'Token rate limit exceeded: 2457600 per 1 day'}}
Error processing 富山県魚津市袋: Error code: 429 - {'error': {'message': 'Token rate limit exceeded: 2457600 per 1 day'}}
Error processing 富山県魚津市吉島: Error code: 429 - {'error': {'message': 'Token rate limit exceeded: 2457600 per 1 day'}}
Error processing 富山県魚津市本江: Error code: 429 - {'error': {'message': 'Token rate limit exceeded: 2457600 per 1 day'}}
Error processing 富山県魚津市上口２丁目: Error code: 429 - {'error': {'message': 'Token rate limit exceeded: 2457600 per 1 day'}}
     Processed 460/503
Error processing 富山県魚津市出: Error code: 429 - {'error': {'message': 'Token rate limit exceeded: 2457600 per 1 day'}}
Error processing 富山県氷見市宮田: Error code: 429 - {'error': {'message': 'Request rate limit exceeded: 50 per 1 minute'}}
Error processing 富山県小矢部市芹川: Error code: 429 - {'error': {'message': 'Request rate limit exceeded: 50 per 1 minute'}}
Error processing 富山県小矢部市埴生吉和台: Error code: 429 - {'error': {'message': 'Request rate limit exceeded: 50 per 1 minute'}}
Error processing 富山県高岡市福岡町下向田: Error code: 429 - {'error': {'message': 'Request rate limit exceeded: 50 per 1 minute'}}
     Processed 465/503
Error processing 富山県氷見市栄町: Connection error.
Error processing 富山県高岡市二上二上谷内: Error code: 429 - {'error': {'message': 'Token rate limit exceeded: 2457600 per 1 day'}}
Error processing 富山県小矢部市小矢部町: Error code: 429 - {'error': {'message': 'Token rate limit exceeded: 2457600 per 1 day'}}
Error processing 富山県滑川市清水町: Error code: 429 - {'error': {'message': 'Token rate limit exceeded: 2457600 per 1 day'}}
Error processing 富山県滑川市吾妻町: Error code: 429 - {'error': {'message': 'Token rate limit exceeded: 2457600 per 1 day'}}
     Processed 470/503
Error processing 富山県小矢部市小矢部町: Error code: 429 - {'error': {'message': 'Token rate limit exceeded: 2457600 per 1 day'}}
Error processing 富山県氷見市飯久保: Error code: 429 - {'error': {'message': 'Token rate limit exceeded: 2457600 per 1 day'}}
Error processing 富山県高岡市伏木古府元町: Error code: 429 - {'error': {'message': 'Token rate limit exceeded: 2457600 per 1 day'}}
Error processing 富山県高岡市蓮花寺: Error code: 429 - {'error': {'message': 'Token rate limit exceeded: 2457600 per 1 day'}}
Error processing 富山県小矢部市東福町: Error code: 429 - {'error': {'message': 'Token rate limit exceeded: 2457600 per 1 day'}}
     Processed 475/503
Error processing 富山県小矢部市蓮沼: Error code: 429 - {'error': {'message': 'Token rate limit exceeded: 2457600 per 1 day'}}
Error processing 富山県氷見市鞍川: Error code: 429 - {'error': {'message': 'Token rate limit exceeded: 2457600 per 1 day'}}
Error processing 富山県高岡市柴野: Error code: 429 - {'error': {'message': 'Token rate limit exceeded: 2457600 per 1 day'}}
Error processing 富山県小矢部市埴生: Error code: 429 - {'error': {'message': 'Token rate limit exceeded: 2457600 per 1 day'}}
Error processing 富山県砺波市庄川町金屋: Error code: 429 - {'error': {'message': 'Token rate limit exceeded: 2457600 per 1 day'}}
     Processed 480/503
Error processing 富山県滑川市杉本: Error code: 429 - {'error': {'message': 'Token rate limit exceeded: 2457600 per 1 day'}}
Error processing 富山県滑川市辰野: Error code: 429 - {'error': {'message': 'Token rate limit exceeded: 2457600 per 1 day'}}
Error processing 富山県滑川市田中新町: Error code: 429 - {'error': {'message': 'Token rate limit exceeded: 2457600 per 1 day'}}
Error processing 富山県滑川市清水町: Error code: 429 - {'error': {'message': 'Token rate limit exceeded: 2457600 per 1 day'}}
Error processing 富山県滑川市荒町: Error code: 429 - {'error': {'message': 'Token rate limit exceeded: 2457600 per 1 day'}}
     Processed 485/503
Error processing 富山県滑川市下小泉町: Error code: 429 - {'error': {'message': 'Token rate limit exceeded: 2457600 per 1 day'}}
Error processing 富山県滑川市中野島: Error code: 429 - {'error': {'message': 'Token rate limit exceeded: 2457600 per 1 day'}}
Error processing 富山県滑川市下梅沢: Error code: 429 - {'error': {'message': 'Token rate limit exceeded: 2457600 per 1 day'}}
Error processing 富山県滑川市加島町: Error code: 429 - {'error': {'message': 'Token rate limit exceeded: 2457600 per 1 day'}}
Error processing 富山県滑川市高月町: Error code: 429 - {'error': {'message': 'Token rate limit exceeded: 2457600 per 1 day'}}
     Processed 490/503
Error processing 富山県射水市小林: Error code: 429 - {'error': {'message': 'Token rate limit exceeded: 2457600 per 1 day'}}
Error processing 富山県中新川郡上市町放士ケ瀬新: Error code: 429 - {'error': {'message': 'Token rate limit exceeded: 2457600 per 1 day'}}
Error processing 富山県中新川郡上市町西町: Error code: 429 - {'error': {'message': 'Token rate limit exceeded: 2457600 per 1 day'}}
Error processing 富山県氷見市小久米: Error code: 429 - {'error': {'message': 'Token rate limit exceeded: 2457600 per 1 day'}}
Error processing 富山県富山市婦中町千里: Error code: 429 - {'error': {'message': 'Token rate limit exceeded: 2457600 per 1 day'}}
     Processed 495/503
Error processing 富山県下新川郡朝日町泊: Error code: 429 - {'error': {'message': 'Request rate limit exceeded: 50 per 1 minute'}}
Error processing 富山県下新川郡朝日町東草野: Error code: 429 - {'error': {'message': 'Request rate limit exceeded: 50 per 1 minute'}}
Error processing 富山県小矢部市今石動町１丁目: Error code: 429 - {'error': {'message': 'Request rate limit exceeded: 50 per 1 minute'}}
Error processing 富山県小矢部市名畑: Error code: 429 - {'error': {'message': 'Request rate limit exceeded: 50 per 1 minute'}}
Error processing 富山県射水市大門新: Error code: 429 - {'error': {'message': 'Token rate limit exceeded: 2457600 per 1 day'}}
     Processed 500/503
Error processing 富山県小矢部市北一: Error code: 429 - {'error': {'message': 'Token rate limit exceeded: 2457600 per 1 day'}}
Error processing 富山県小矢部市長: Error code: 429 - {'error': {'message': 'Token rate limit exceeded: 2457600 per 1 day'}}
Error processing 富山県小矢部市綾子: Error code: 429 - {'error': {'message': 'Token rate limit exceeded: 2457600 per 1 day'}}
  -> Saved to public/scraped/toyama.json

[17 石川県 (ishikawa)] Starting scrape...
  -> Scraped 8 items.
  -> Enriching 8 items with AI...
Error processing 石川県珠洲市蛸島町: Error code: 429 - {'error': {'message': 'Token rate limit exceeded: 2457600 per 1 day'}}
Error processing 石川県珠洲市若山町上山: Error code: 429 - {'error': {'message': 'Token rate limit exceeded: 2457600 per 1 day'}}
Error processing 石川県珠洲市上戸町北方: Error code: 429 - {'error': {'message': 'Token rate limit exceeded: 2457600 per 1 day'}}
Error processing 石川県珠洲市飯田町: Error code: 429 - {'error': {'message': 'Token rate limit exceeded: 2457600 per 1 day'}}
Error processing 石川県珠洲市若山町経念: Error code: 429 - {'error': {'message': 'Token rate limit exceeded: 2457600 per 1 day'}}
     Processed 5/8
Error processing 石川県珠洲市正院町正院: Error code: 429 - {'error': {'message': 'Token rate limit exceeded: 2457600 per 1 day'}}
Error processing 石川県珠洲市飯田町: Error code: 429 - {'error': {'message': 'Token rate limit exceeded: 2457600 per 1 day'}}
Error processing 石川県珠洲市東山中町: Error code: 429 - {'error': {'message': 'Token rate limit exceeded: 2457600 per 1 day'}}
  -> Saved to public/scraped/ishikawa.json

[18 福井県 (fukui)] Starting scrape...
  -> Scraped 301 items.
  -> Enriching 301 items with AI...
Error processing 福井県福井市志比口２丁目: Error code: 429 - {'error': {'message': 'Token rate limit exceeded: 2457600 per 1 day'}}
Error processing 福井県福井市灯明寺町: Error code: 429 - {'error': {'message': 'Token rate limit exceeded: 2457600 per 1 day'}}
Error processing 福井県福井市渕３丁目: Error code: 429 - {'error': {'message': 'Token rate limit exceeded: 2457600 per 1 day'}}
Error processing 福井県坂井市春江町いちい野北: Error code: 429 - {'error': {'message': 'Token rate limit exceeded: 2457600 per 1 day'}}
Error processing 福井県越前市粟田部町: Error code: 429 - {'error': {'message': 'Token rate limit exceeded: 2457600 per 1 day'}}
     Processed 5/301
Error processing 福井県坂井市三国町米ケ脇５丁目: Error code: 429 - {'error': {'message': 'Token rate limit exceeded: 2457600 per 1 day'}}
Error processing 福井県あわら市下金屋: Error code: 429 - {'error': {'message': 'Token rate limit exceeded: 2457600 per 1 day'}}
Error processing 福井県坂井市三国町緑ケ丘４丁目: Error code: 429 - {'error': {'message': 'Token rate limit exceeded: 2457600 per 1 day'}}
Error processing 福井県福井市足羽上町: Error code: 429 - {'error': {'message': 'Token rate limit exceeded: 2457600 per 1 day'}}
Error processing 福井県福井市渕町: Error code: 429 - {'error': {'message': 'Token rate limit exceeded: 2457600 per 1 day'}}
     Processed 10/301
Error processing 福井県福井市照手４丁目: Error code: 429 - {'error': {'message': 'Token rate limit exceeded: 2457600 per 1 day'}}
Error processing 福井県福井市下江守町: Error code: 429 - {'error': {'message': 'Token rate limit exceeded: 2457600 per 1 day'}}
Error processing 福井県大野市上丁: Error code: 429 - {'error': {'message': 'Token rate limit exceeded: 2457600 per 1 day'}}
Error processing 福井県大野市弥生町: Error code: 429 - {'error': {'message': 'Token rate limit exceeded: 2457600 per 1 day'}}
Error processing 福井県大野市茜町: Error code: 429 - {'error': {'message': 'Token rate limit exceeded: 2457600 per 1 day'}}
     Processed 15/301
Error processing 福井県あわら市舟津: Error code: 429 - {'error': {'message': 'Token rate limit exceeded: 2457600 per 1 day'}}
Error processing 福井県福井市月見５丁目: Error code: 429 - {'error': {'message': 'Request rate limit exceeded: 50 per 1 minute'}}
Error processing 福井県丹生郡越前町織田: Error code: 429 - {'error': {'message': 'Request rate limit exceeded: 50 per 1 minute'}}
Error processing 福井県あわら市西温泉２丁目: Error code: 429 - {'error': {'message': 'Request rate limit exceeded: 50 per 1 minute'}}
Error processing 福井県福井市つくし野１丁目: Error code: 429 - {'error': {'message': 'Request rate limit exceeded: 50 per 1 minute'}}
     Processed 20/301
Error processing 福井県福井市乾徳２丁目: Error code: 429 - {'error': {'message': 'Request rate limit exceeded: 50 per 1 minute'}}
Error processing 福井県福井市三郎丸２丁目: Error code: 429 - {'error': {'message': 'Request rate limit exceeded: 50 per 1 minute'}}
Error processing 福井県坂井市春江町境上町: Error code: 429 - {'error': {'message': 'Token rate limit exceeded: 2457600 per 1 day'}}
Error processing 福井県坂井市春江町千歩寺: Error code: 429 - {'error': {'message': 'Token rate limit exceeded: 2457600 per 1 day'}}
Error processing 福井県坂井市丸岡町玄女: Error code: 429 - {'error': {'message': 'Token rate limit exceeded: 2457600 per 1 day'}}
     Processed 25/301
Error processing 福井県あわら市河間: Error code: 429 - {'error': {'message': 'Token rate limit exceeded: 2457600 per 1 day'}}
Error processing 福井県大野市春日: Error code: 429 - {'error': {'message': 'Token rate limit exceeded: 2457600 per 1 day'}}
Error processing 福井県大野市高砂町: Error code: 429 - {'error': {'message': 'Token rate limit exceeded: 2457600 per 1 day'}}
Error processing 福井県福井市月見１丁目: Error code: 429 - {'error': {'message': 'Token rate limit exceeded: 2457600 per 1 day'}}
Error processing 福井県福井市本堂町: Error code: 429 - {'error': {'message': 'Token rate limit exceeded: 2457600 per 1 day'}}
     Processed 30/301
Error processing 福井県福井市花月３丁目: Error code: 429 - {'error': {'message': 'Token rate limit exceeded: 2457600 per 1 day'}}
Error processing 福井県福井市砂子田町: Error code: 429 - {'error': {'message': 'Token rate limit exceeded: 2457600 per 1 day'}}
Error processing 福井県坂井市三国町楽円: Error code: 429 - {'error': {'message': 'Token rate limit exceeded: 2457600 per 1 day'}}
Error processing 福井県坂井市春江町中筋: Error code: 429 - {'error': {'message': 'Token rate limit exceeded: 2457600 per 1 day'}}
Error processing 福井県福井市西開発２丁目: Error code: 429 - {'error': {'message': 'Token rate limit exceeded: 2457600 per 1 day'}}
     Processed 35/301
Error processing 福井県福井市灯明寺町: Error code: 429 - {'error': {'message': 'Token rate limit exceeded: 2457600 per 1 day'}}
Error processing 福井県福井市新田塚２丁目: Error code: 429 - {'error': {'message': 'Token rate limit exceeded: 2457600 per 1 day'}}
Error processing 福井県福井市渡町: Error code: 429 - {'error': {'message': 'Token rate limit exceeded: 2457600 per 1 day'}}
Error processing 福井県福井市松本１丁目: Error code: 429 - {'error': {'message': 'Token rate limit exceeded: 2457600 per 1 day'}}
Error processing 福井県坂井市三国町宿１丁目: Error code: 429 - {'error': {'message': 'Token rate limit exceeded: 2457600 per 1 day'}}
     Processed 40/301
Error processing 福井県坂井市春江町千歩寺: Error code: 429 - {'error': {'message': 'Token rate limit exceeded: 2457600 per 1 day'}}
Error processing 福井県あわら市花乃杜２丁目: Error code: 429 - {'error': {'message': 'Token rate limit exceeded: 2457600 per 1 day'}}
Error processing 福井県あわら市二面: Error code: 429 - {'error': {'message': 'Token rate limit exceeded: 2457600 per 1 day'}}
Error processing 福井県坂井市三国町三国東３丁目: Error code: 429 - {'error': {'message': 'Token rate limit exceeded: 2457600 per 1 day'}}
Error processing 福井県福井市鮎川町: Error code: 429 - {'error': {'message': 'Token rate limit exceeded: 2457600 per 1 day'}}
     Processed 45/301
Error processing 福井県福井市大島町: Error code: 429 - {'error': {'message': 'Token rate limit exceeded: 2457600 per 1 day'}}
Error processing 福井県福井市松本３丁目: Error code: 429 - {'error': {'message': 'Token rate limit exceeded: 2457600 per 1 day'}}
Error processing 福井県坂井市丸岡町霞ケ丘２丁目: Error code: 429 - {'error': {'message': 'Token rate limit exceeded: 2457600 per 1 day'}}
Error processing 福井県福井市宝永３丁目: Error code: 429 - {'error': {'message': 'Token rate limit exceeded: 2457600 per 1 day'}}
Error processing 福井県福井市高木北２丁目: Error code: 429 - {'error': {'message': 'Token rate limit exceeded: 2457600 per 1 day'}}
     Processed 50/301
Error processing 福井県大野市阿難祖地頭方: Error code: 429 - {'error': {'message': 'Token rate limit exceeded: 2457600 per 1 day'}}
Error processing 福井県あわら市鎌谷: Error code: 429 - {'error': {'message': 'Token rate limit exceeded: 2457600 per 1 day'}}
Error processing 福井県あわら市吉崎２丁目: Error code: 429 - {'error': {'message': 'Token rate limit exceeded: 2457600 per 1 day'}}
Error processing 福井県あわら市山室: Error code: 429 - {'error': {'message': 'Request rate limit exceeded: 50 per 1 minute'}}
Error processing 福井県あわら市井江葭: Error code: 429 - {'error': {'message': 'Request rate limit exceeded: 50 per 1 minute'}}
     Processed 55/301
Error processing 福井県あわら市御簾尾: Error code: 429 - {'error': {'message': 'Request rate limit exceeded: 50 per 1 minute'}}
Error processing 福井県あわら市浜坂: Error code: 429 - {'error': {'message': 'Request rate limit exceeded: 50 per 1 minute'}}
Error processing 福井県福井市下莇生田町: Error code: 429 - {'error': {'message': 'Token rate limit exceeded: 2457600 per 1 day'}}
Error processing 福井県福井市東森田３丁目: Error code: 429 - {'error': {'message': 'Token rate limit exceeded: 2457600 per 1 day'}}
Error processing 福井県越前市野岡町: Error code: 429 - {'error': {'message': 'Token rate limit exceeded: 2457600 per 1 day'}}
     Processed 60/301
Error processing 福井県坂井市三国町錦３丁目: Error code: 429 - {'error': {'message': 'Token rate limit exceeded: 2457600 per 1 day'}}
Error processing 福井県福井市加茂河原２丁目: Error code: 429 - {'error': {'message': 'Token rate limit exceeded: 2457600 per 1 day'}}
Error processing 福井県福井市高木北２丁目: Error code: 429 - {'error': {'message': 'Token rate limit exceeded: 2457600 per 1 day'}}
Error processing 福井県丹生郡越前町天王: Error code: 429 - {'error': {'message': 'Token rate limit exceeded: 2457600 per 1 day'}}
Error processing 福井県丹生郡越前町樫津: Error code: 429 - {'error': {'message': 'Token rate limit exceeded: 2457600 per 1 day'}}
     Processed 65/301
Error processing 福井県丹生郡越前町米ノ: Error code: 429 - {'error': {'message': 'Token rate limit exceeded: 2457600 per 1 day'}}
Error processing 福井県大野市吉野町: Error code: 429 - {'error': {'message': 'Token rate limit exceeded: 2457600 per 1 day'}}
Error processing 福井県坂井市三国町錦１丁目: Error code: 429 - {'error': {'message': 'Token rate limit exceeded: 2457600 per 1 day'}}
Error processing 福井県丹生郡越前町上川去: Error code: 429 - {'error': {'message': 'Token rate limit exceeded: 2457600 per 1 day'}}
Error processing 福井県福井市新田塚２丁目: Error code: 429 - {'error': {'message': 'Token rate limit exceeded: 2457600 per 1 day'}}
     Processed 70/301
Error processing 福井県福井市渕１丁目: Error code: 429 - {'error': {'message': 'Token rate limit exceeded: 2457600 per 1 day'}}
Error processing 福井県丹生郡越前町織田: Error code: 429 - {'error': {'message': 'Token rate limit exceeded: 2457600 per 1 day'}}
Error processing 福井県丹生郡越前町織田: Error code: 429 - {'error': {'message': 'Token rate limit exceeded: 2457600 per 1 day'}}
Error processing 福井県丹生郡越前町金谷: Error code: 429 - {'error': {'message': 'Token rate limit exceeded: 2457600 per 1 day'}}
Error processing 福井県坂井市坂井町上兵庫: Error code: 429 - {'error': {'message': 'Request rate limit exceeded: 50 per 1 minute'}}
     Processed 75/301
Error processing 福井県福井市市波町: Error code: 429 - {'error': {'message': 'Request rate limit exceeded: 50 per 1 minute'}}
Error processing 福井県福井市本堂町: Error code: 429 - {'error': {'message': 'Request rate limit exceeded: 50 per 1 minute'}}
Error processing 福井県福井市文京５丁目: Error code: 429 - {'error': {'message': 'Request rate limit exceeded: 50 per 1 minute'}}
Error processing 福井県福井市加茂河原町: Error code: 429 - {'error': {'message': 'Token rate limit exceeded: 2457600 per 1 day'}}
Error processing 福井県坂井市三国町緑ケ丘５丁目: Error code: 429 - {'error': {'message': 'Token rate limit exceeded: 2457600 per 1 day'}}
     Processed 80/301
Error processing 福井県坂井市三国町宿２丁目: Error code: 429 - {'error': {'message': 'Token rate limit exceeded: 2457600 per 1 day'}}
Error processing 福井県大野市中野: Error code: 429 - {'error': {'message': 'Token rate limit exceeded: 2457600 per 1 day'}}
Error processing 福井県福井市荒木新保町: Error code: 429 - {'error': {'message': 'Token rate limit exceeded: 2457600 per 1 day'}}
Error processing 福井県福井市東森田４丁目: Error code: 429 - {'error': {'message': 'Token rate limit exceeded: 2457600 per 1 day'}}
Error processing 福井県坂井市三国町安島: Error code: 429 - {'error': {'message': 'Token rate limit exceeded: 2457600 per 1 day'}}
     Processed 85/301
Error processing 福井県福井市西方２丁目: Error code: 429 - {'error': {'message': 'Token rate limit exceeded: 2457600 per 1 day'}}
Error processing 福井県福井市新田塚１丁目: Error code: 429 - {'error': {'message': 'Token rate limit exceeded: 2457600 per 1 day'}}
Error processing 福井県福井市松本３丁目: Error code: 429 - {'error': {'message': 'Token rate limit exceeded: 2457600 per 1 day'}}
Error processing 福井県あわら市花乃杜３丁目: Error code: 429 - {'error': {'message': 'Token rate limit exceeded: 2457600 per 1 day'}}
Error processing 福井県福井市灯明寺３丁目: Error code: 429 - {'error': {'message': 'Token rate limit exceeded: 2457600 per 1 day'}}
     Processed 90/301
Error processing 福井県福井市大東２丁目: Error code: 429 - {'error': {'message': 'Token rate limit exceeded: 2457600 per 1 day'}}
Error processing 福井県福井市江尻ケ丘町: Error code: 429 - {'error': {'message': 'Token rate limit exceeded: 2457600 per 1 day'}}
Error processing 福井県坂井市丸岡町八ケ郷: Error code: 429 - {'error': {'message': 'Token rate limit exceeded: 2457600 per 1 day'}}
Error processing 福井県坂井市坂井町宮領: Error code: 429 - {'error': {'message': 'Token rate limit exceeded: 2457600 per 1 day'}}
Error processing 福井県福井市北四ツ居３丁目: Error code: 429 - {'error': {'message': 'Token rate limit exceeded: 2457600 per 1 day'}}
     Processed 95/301
Error processing 福井県丹生郡越前町小曽原: Error code: 429 - {'error': {'message': 'Request rate limit exceeded: 50 per 1 minute'}}
Error processing 福井県坂井市丸岡町羽崎: Error code: 429 - {'error': {'message': 'Request rate limit exceeded: 50 per 1 minute'}}
Error processing 福井県福井市西学園２丁目: Error code: 429 - {'error': {'message': 'Request rate limit exceeded: 50 per 1 minute'}}
Error processing 福井県大野市泉町: Error code: 429 - {'error': {'message': 'Request rate limit exceeded: 50 per 1 minute'}}
Error processing 福井県坂井市春江町高江: Error code: 429 - {'error': {'message': 'Token rate limit exceeded: 2457600 per 1 day'}}
     Processed 100/301
Error processing 福井県丹生郡越前町朝日: Error code: 429 - {'error': {'message': 'Token rate limit exceeded: 2457600 per 1 day'}}
Error processing 福井県福井市西板垣町: Error code: 429 - {'error': {'message': 'Token rate limit exceeded: 2457600 per 1 day'}}
Error processing 福井県福井市春日町: Error code: 429 - {'error': {'message': 'Token rate limit exceeded: 2457600 per 1 day'}}
Error processing 福井県坂井市三国町神明３丁目: Error code: 429 - {'error': {'message': 'Token rate limit exceeded: 2457600 per 1 day'}}
Error processing 福井県福井市江守の里２丁目: Error code: 429 - {'error': {'message': 'Token rate limit exceeded: 2457600 per 1 day'}}
     Processed 105/301
Error processing 福井県福井市三十八社町: Error code: 429 - {'error': {'message': 'Token rate limit exceeded: 2457600 per 1 day'}}
Error processing 福井県坂井市三国町緑ケ丘４丁目: Error code: 429 - {'error': {'message': 'Token rate limit exceeded: 2457600 per 1 day'}}
Error processing 福井県福井市高木中央２丁目: Error code: 429 - {'error': {'message': 'Token rate limit exceeded: 2457600 per 1 day'}}
Error processing 福井県福井市文京５丁目: Error code: 429 - {'error': {'message': 'Token rate limit exceeded: 2457600 per 1 day'}}
Error processing 福井県福井市居倉町: Error code: 429 - {'error': {'message': 'Token rate limit exceeded: 2457600 per 1 day'}}
     Processed 110/301
Error processing 福井県福井市浜別所町: Error code: 429 - {'error': {'message': 'Token rate limit exceeded: 2457600 per 1 day'}}
Error processing 福井県福井市栗森１丁目: Error code: 429 - {'error': {'message': 'Token rate limit exceeded: 2457600 per 1 day'}}
Error processing 福井県福井市田ノ頭町: Error code: 429 - {'error': {'message': 'Token rate limit exceeded: 2457600 per 1 day'}}
Error processing 福井県福井市御幸１丁目: Error code: 429 - {'error': {'message': 'Token rate limit exceeded: 2457600 per 1 day'}}
Error processing 福井県大野市南六呂師: Error code: 429 - {'error': {'message': 'Token rate limit exceeded: 2457600 per 1 day'}}
     Processed 115/301
Error processing 福井県坂井市丸岡町坪江: Error code: 429 - {'error': {'message': 'Token rate limit exceeded: 2457600 per 1 day'}}
Error processing 福井県坂井市三国町安島: Error code: 429 - {'error': {'message': 'Request rate limit exceeded: 50 per 1 minute'}}
Error processing 福井県坂井市三国町新保: Error code: 429 - {'error': {'message': 'Request rate limit exceeded: 50 per 1 minute'}}
Error processing 福井県坂井市三国町宿２丁目: Error code: 429 - {'error': {'message': 'Request rate limit exceeded: 50 per 1 minute'}}
Error processing 福井県坂井市三国町運動公園２丁目: Error code: 429 - {'error': {'message': 'Request rate limit exceeded: 50 per 1 minute'}}
     Processed 120/301
Error processing 福井県小浜市堀屋敷: Error code: 429 - {'error': {'message': 'Request rate limit exceeded: 50 per 1 minute'}}
Error processing 福井県小浜市太良庄: Error code: 429 - {'error': {'message': 'Request rate limit exceeded: 50 per 1 minute'}}
Error processing 福井県丹生郡越前町梅浦: Error code: 429 - {'error': {'message': 'Request rate limit exceeded: 50 per 1 minute'}}
Error processing 福井県丹生郡越前町樫津: Error code: 429 - {'error': {'message': 'Request rate limit exceeded: 50 per 1 minute'}}
Error processing 福井県小浜市遠敷: Error code: 429 - {'error': {'message': 'Request rate limit exceeded: 50 per 1 minute'}}
     Processed 125/301
Error processing 福井県小浜市尾崎: Error code: 429 - {'error': {'message': 'Request rate limit exceeded: 50 per 1 minute'}}
Error processing 福井県丹生郡越前町樫津: Error code: 429 - {'error': {'message': 'Request rate limit exceeded: 50 per 1 minute'}}
Error processing 福井県丹生郡越前町米ノ: Error code: 429 - {'error': {'message': 'Token rate limit exceeded: 2457600 per 1 day'}}
Error processing 福井県丹生郡越前町上川去: Error code: 429 - {'error': {'message': 'Token rate limit exceeded: 2457600 per 1 day'}}
Error processing 福井県丹生郡越前町笈松: Error code: 429 - {'error': {'message': 'Token rate limit exceeded: 2457600 per 1 day'}}
     Processed 130/301
Error processing 福井県丹生郡越前町大樟: Error code: 429 - {'error': {'message': 'Token rate limit exceeded: 2457600 per 1 day'}}
Error processing 福井県小浜市山手１丁目: Error code: 429 - {'error': {'message': 'Token rate limit exceeded: 2457600 per 1 day'}}
Error processing 福井県福井市上野本町新: Error code: 429 - {'error': {'message': 'Token rate limit exceeded: 2457600 per 1 day'}}
Error processing 福井県福井市田原２丁目: Error code: 429 - {'error': {'message': 'Token rate limit exceeded: 2457600 per 1 day'}}
Error processing 福井県坂井市三国町緑ケ丘１丁目: Connection error.
     Processed 135/301
Error processing 福井県あわら市舟津: Error code: 429 - {'error': {'message': 'Token rate limit exceeded: 2457600 per 1 day'}}
Error processing 福井県あわら市池口: Error code: 429 - {'error': {'message': 'Token rate limit exceeded: 2457600 per 1 day'}}
Error processing 福井県福井市高木２丁目: Error code: 429 - {'error': {'message': 'Token rate limit exceeded: 2457600 per 1 day'}}
Error processing 福井県坂井市丸岡町磯部新保: Error code: 429 - {'error': {'message': 'Token rate limit exceeded: 2457600 per 1 day'}}
Error processing 福井県福井市新田塚２丁目: Error code: 429 - {'error': {'message': 'Token rate limit exceeded: 2457600 per 1 day'}}
     Processed 140/301
Error processing 福井県福井市栗森町浜: Error code: 429 - {'error': {'message': 'Token rate limit exceeded: 2457600 per 1 day'}}
Error processing 福井県福井市冬野町: Error code: 429 - {'error': {'message': 'Token rate limit exceeded: 2457600 per 1 day'}}
Error processing 福井県福井市大宮３丁目: Error code: 429 - {'error': {'message': 'Token rate limit exceeded: 2457600 per 1 day'}}
Error processing 福井県福井市志津が丘４丁目: Error code: 429 - {'error': {'message': 'Token rate limit exceeded: 2457600 per 1 day'}}
Error processing 福井県福井市志津が丘４丁目: Error code: 429 - {'error': {'message': 'Token rate limit exceeded: 2457600 per 1 day'}}
     Processed 145/301
Error processing 福井県福井市三郎丸町: Error code: 429 - {'error': {'message': 'Token rate limit exceeded: 2457600 per 1 day'}}
Error processing 福井県福井市つくし野３丁目: Error code: 429 - {'error': {'message': 'Token rate limit exceeded: 2457600 per 1 day'}}
Error processing 福井県坂井市三国町南本町４丁目: Error code: 429 - {'error': {'message': 'Token rate limit exceeded: 2457600 per 1 day'}}
Error processing 福井県坂井市坂井町下関: Error code: 429 - {'error': {'message': 'Token rate limit exceeded: 2457600 per 1 day'}}
Error processing 福井県大野市菖蒲池: Error code: 429 - {'error': {'message': 'Token rate limit exceeded: 2457600 per 1 day'}}
     Processed 150/301
Error processing 福井県大野市篠座町: Error code: 429 - {'error': {'message': 'Token rate limit exceeded: 2457600 per 1 day'}}
Error processing 福井県あわら市市姫１丁目: Error code: 429 - {'error': {'message': 'Token rate limit exceeded: 2457600 per 1 day'}}
Error processing 福井県あわら市大溝１丁目: Error code: 429 - {'error': {'message': 'Token rate limit exceeded: 2457600 per 1 day'}}
Error processing 福井県福井市重立町: Error code: 429 - {'error': {'message': 'Token rate limit exceeded: 2457600 per 1 day'}}
Error processing 福井県福井市志比口２丁目: Error code: 429 - {'error': {'message': 'Token rate limit exceeded: 2457600 per 1 day'}}
     Processed 155/301
Error processing 福井県坂井市三国町陣ケ岡: Error code: 429 - {'error': {'message': 'Token rate limit exceeded: 2457600 per 1 day'}}
Error processing 福井県福井市花月３丁目: Error code: 429 - {'error': {'message': 'Token rate limit exceeded: 2457600 per 1 day'}}
Error processing 福井県福井市みのり１丁目: Error code: 429 - {'error': {'message': 'Token rate limit exceeded: 2457600 per 1 day'}}
Error processing 福井県福井市足羽４丁目: Error code: 429 - {'error': {'message': 'Token rate limit exceeded: 2457600 per 1 day'}}
Error processing 福井県大野市錦町: Error code: 429 - {'error': {'message': 'Token rate limit exceeded: 2457600 per 1 day'}}
     Processed 160/301
Error processing 福井県福井市脇三ケ町: Error code: 429 - {'error': {'message': 'Token rate limit exceeded: 2457600 per 1 day'}}
Error processing 福井県坂井市丸岡町猪爪１丁目: Error code: 429 - {'error': {'message': 'Token rate limit exceeded: 2457600 per 1 day'}}
Error processing 福井県坂井市丸岡町谷町３丁目: Error code: 429 - {'error': {'message': 'Token rate limit exceeded: 2457600 per 1 day'}}
Error processing 福井県大野市元町: Error code: 429 - {'error': {'message': 'Token rate limit exceeded: 2457600 per 1 day'}}
Error processing 福井県大野市高砂町: Error code: 429 - {'error': {'message': 'Token rate limit exceeded: 2457600 per 1 day'}}
     Processed 165/301
Error processing 福井県大野市春日１丁目: Error code: 429 - {'error': {'message': 'Token rate limit exceeded: 2457600 per 1 day'}}
Error processing 福井県福井市二日市町: Error code: 429 - {'error': {'message': 'Token rate limit exceeded: 2457600 per 1 day'}}
Error processing 福井県あわら市青ノ木: Error code: 429 - {'error': {'message': 'Token rate limit exceeded: 2457600 per 1 day'}}
Error processing 福井県あわら市二面: Error code: 429 - {'error': {'message': 'Token rate limit exceeded: 2457600 per 1 day'}}
Error processing 福井県小浜市生守: Error code: 429 - {'error': {'message': 'Token rate limit exceeded: 2457600 per 1 day'}}
     Processed 170/301
Error processing 福井県坂井市丸岡町一本田福所: Error code: 429 - {'error': {'message': 'Token rate limit exceeded: 2457600 per 1 day'}}
Error processing 福井県福井市月見５丁目: Error code: 429 - {'error': {'message': 'Token rate limit exceeded: 2457600 per 1 day'}}
Error processing 福井県坂井市三国町山王６丁目: Error code: 429 - {'error': {'message': 'Token rate limit exceeded: 2457600 per 1 day'}}
Error processing 福井県あわら市舟津: Error code: 429 - {'error': {'message': 'Token rate limit exceeded: 2457600 per 1 day'}}
Error processing 福井県あわら市波松: Error code: 429 - {'error': {'message': 'Token rate limit exceeded: 2457600 per 1 day'}}
     Processed 175/301
Error processing 福井県あわら市二面: Error code: 429 - {'error': {'message': 'Token rate limit exceeded: 2457600 per 1 day'}}
Error processing 福井県あわら市西温泉１丁目: Error code: 429 - {'error': {'message': 'Request rate limit exceeded: 50 per 1 minute'}}
Error processing 福井県坂井市三国町陣ケ岡: Error code: 429 - {'error': {'message': 'Request rate limit exceeded: 50 per 1 minute'}}
Error processing 福井県大野市中野町４丁目: Error code: 429 - {'error': {'message': 'Request rate limit exceeded: 50 per 1 minute'}}
Error processing 福井県坂井市三国町殿島: Error code: 429 - {'error': {'message': 'Request rate limit exceeded: 50 per 1 minute'}}
     Processed 180/301
Error processing 福井県福井市河内町: Connection error.
Error processing 福井県坂井市春江町千歩寺: Error code: 429 - {'error': {'message': 'Token rate limit exceeded: 2457600 per 1 day'}}
Error processing 福井県大野市高砂町: Error code: 429 - {'error': {'message': 'Token rate limit exceeded: 2457600 per 1 day'}}
Error processing 福井県坂井市三国町陣ケ岡: Error code: 429 - {'error': {'message': 'Token rate limit exceeded: 2457600 per 1 day'}}
Error processing 福井県福井市片粕町: Error code: 429 - {'error': {'message': 'Token rate limit exceeded: 2457600 per 1 day'}}
     Processed 185/301
Error processing 福井県坂井市春江町いちい野北: Error code: 429 - {'error': {'message': 'Token rate limit exceeded: 2457600 per 1 day'}}
Error processing 福井県福井市引目町: Error code: 429 - {'error': {'message': 'Token rate limit exceeded: 2457600 per 1 day'}}
Error processing 福井県坂井市三国町錦３丁目: Error code: 429 - {'error': {'message': 'Token rate limit exceeded: 2457600 per 1 day'}}
Error processing 福井県坂井市丸岡町上久米田: Error code: 429 - {'error': {'message': 'Token rate limit exceeded: 2457600 per 1 day'}}
Error processing 福井県福井市本堂町: Error code: 429 - {'error': {'message': 'Token rate limit exceeded: 2457600 per 1 day'}}
     Processed 190/301
Error processing 福井県坂井市三国町陣ケ岡: Error code: 429 - {'error': {'message': 'Token rate limit exceeded: 2457600 per 1 day'}}
Error processing 福井県小浜市尾崎: Error code: 429 - {'error': {'message': 'Token rate limit exceeded: 2457600 per 1 day'}}
Error processing 福井県小浜市高塚: Error code: 429 - {'error': {'message': 'Token rate limit exceeded: 2457600 per 1 day'}}
Error processing 福井県越前市高森町: Error code: 429 - {'error': {'message': 'Token rate limit exceeded: 2457600 per 1 day'}}
Error processing 福井県越前市定友町: Error code: 429 - {'error': {'message': 'Token rate limit exceeded: 2457600 per 1 day'}}
     Processed 195/301
Error processing 福井県越前市定友町: Error code: 429 - {'error': {'message': 'Token rate limit exceeded: 2457600 per 1 day'}}
Error processing 福井県越前市岩本町: Error code: 429 - {'error': {'message': 'Token rate limit exceeded: 2457600 per 1 day'}}
Error processing 福井県越前市粟田部町: Error code: 429 - {'error': {'message': 'Token rate limit exceeded: 2457600 per 1 day'}}
Error processing 福井県越前市池泉町: Error code: 429 - {'error': {'message': 'Token rate limit exceeded: 2457600 per 1 day'}}
Error processing 福井県越前市帆山町: Error code: 429 - {'error': {'message': 'Token rate limit exceeded: 2457600 per 1 day'}}
     Processed 200/301
Error processing 福井県越前市四郎丸町: Error code: 429 - {'error': {'message': 'Token rate limit exceeded: 2457600 per 1 day'}}
Error processing 福井県越前市四郎丸町: Error code: 429 - {'error': {'message': 'Token rate limit exceeded: 2457600 per 1 day'}}
Error processing 福井県越前市北山町: Error code: 429 - {'error': {'message': 'Token rate limit exceeded: 2457600 per 1 day'}}
Error processing 福井県越前市北山町: Error code: 429 - {'error': {'message': 'Token rate limit exceeded: 2457600 per 1 day'}}
Error processing 福井県越前市高森町: Error code: 429 - {'error': {'message': 'Token rate limit exceeded: 2457600 per 1 day'}}
     Processed 205/301
Error processing 福井県越前市瓜生町: Error code: 429 - {'error': {'message': 'Token rate limit exceeded: 2457600 per 1 day'}}
Error processing 福井県越前市稲寄町: Error code: 429 - {'error': {'message': 'Token rate limit exceeded: 2457600 per 1 day'}}
Error processing 福井県越前市稲寄町: Error code: 429 - {'error': {'message': 'Token rate limit exceeded: 2457600 per 1 day'}}
Error processing 福井県越前市稲寄町: Error code: 429 - {'error': {'message': 'Token rate limit exceeded: 2457600 per 1 day'}}
Error processing 福井県越前市稲寄町: Error code: 429 - {'error': {'message': 'Token rate limit exceeded: 2457600 per 1 day'}}
     Processed 210/301
Error processing 福井県越前市稲寄町: Error code: 429 - {'error': {'message': 'Token rate limit exceeded: 2457600 per 1 day'}}
Error processing 福井県越前市稲寄町: Error code: 429 - {'error': {'message': 'Token rate limit exceeded: 2457600 per 1 day'}}
Error processing 福井県越前市稲寄町: Error code: 429 - {'error': {'message': 'Token rate limit exceeded: 2457600 per 1 day'}}
Error processing 福井県越前市稲寄町: Error code: 429 - {'error': {'message': 'Token rate limit exceeded: 2457600 per 1 day'}}
Error processing 福井県越前市稲寄町: Error code: 429 - {'error': {'message': 'Token rate limit exceeded: 2457600 per 1 day'}}
     Processed 215/301
Error processing 福井県越前市稲寄町: Error code: 429 - {'error': {'message': 'Token rate limit exceeded: 2457600 per 1 day'}}
Error processing 福井県越前市稲寄町: Error code: 429 - {'error': {'message': 'Token rate limit exceeded: 2457600 per 1 day'}}
Error processing 福井県越前市稲寄町: Error code: 429 - {'error': {'message': 'Request rate limit exceeded: 50 per 1 minute'}}
Error processing 福井県越前市稲寄町: Error code: 429 - {'error': {'message': 'Request rate limit exceeded: 50 per 1 minute'}}
Error processing 福井県越前市稲寄町: Error code: 429 - {'error': {'message': 'Request rate limit exceeded: 50 per 1 minute'}}
     Processed 220/301
Error processing 福井県越前市稲寄町: Error code: 429 - {'error': {'message': 'Request rate limit exceeded: 50 per 1 minute'}}
Error processing 福井県越前市稲寄町: Error code: 429 - {'error': {'message': 'Request rate limit exceeded: 50 per 1 minute'}}
Error processing 福井県越前市押田１丁目: Error code: 429 - {'error': {'message': 'Token rate limit exceeded: 2457600 per 1 day'}}
Error processing 福井県越前市押田１丁目: Error code: 429 - {'error': {'message': 'Token rate limit exceeded: 2457600 per 1 day'}}
Error processing 福井県越前市芝原５丁目: Error code: 429 - {'error': {'message': 'Token rate limit exceeded: 2457600 per 1 day'}}
     Processed 225/301
Error processing 福井県越前市芝原５丁目: Error code: 429 - {'error': {'message': 'Token rate limit exceeded: 2457600 per 1 day'}}
Error processing 福井県越前市家久町: Error code: 429 - {'error': {'message': 'Token rate limit exceeded: 2457600 per 1 day'}}
Error processing 福井県越前市余田町: Error code: 429 - {'error': {'message': 'Token rate limit exceeded: 2457600 per 1 day'}}
Error processing 福井県福井市和田東２丁目: Error code: 429 - {'error': {'message': 'Token rate limit exceeded: 2457600 per 1 day'}}
Error processing 福井県越前市広瀬町: Error code: 429 - {'error': {'message': 'Token rate limit exceeded: 2457600 per 1 day'}}
     Processed 230/301
Error processing 福井県越前市広瀬町: Error code: 429 - {'error': {'message': 'Token rate limit exceeded: 2457600 per 1 day'}}
Error processing 福井県越前市広瀬町: Error code: 429 - {'error': {'message': 'Token rate limit exceeded: 2457600 per 1 day'}}
Error processing 福井県越前市月見町: Error code: 429 - {'error': {'message': 'Token rate limit exceeded: 2457600 per 1 day'}}
Error processing 福井県越前市松森町: Error code: 429 - {'error': {'message': 'Token rate limit exceeded: 2457600 per 1 day'}}
Error processing 福井県越前市若竹町: Error code: 429 - {'error': {'message': 'Token rate limit exceeded: 2457600 per 1 day'}}
     Processed 235/301
Error processing 福井県越前市南１丁目: Error code: 429 - {'error': {'message': 'Token rate limit exceeded: 2457600 per 1 day'}}
Error processing 福井県越前市小松２丁目: Error code: 429 - {'error': {'message': 'Token rate limit exceeded: 2457600 per 1 day'}}
Error processing 福井県越前市若松町: Error code: 429 - {'error': {'message': 'Token rate limit exceeded: 2457600 per 1 day'}}
Error processing 福井県越前市平和町: Error code: 429 - {'error': {'message': 'Token rate limit exceeded: 2457600 per 1 day'}}
Error processing 福井県福井市田ノ谷町: Error code: 429 - {'error': {'message': 'Token rate limit exceeded: 2457600 per 1 day'}}
     Processed 240/301
Error processing 福井県大飯郡おおい町本郷: Error code: 429 - {'error': {'message': 'Token rate limit exceeded: 2457600 per 1 day'}}
Error processing 福井県大飯郡おおい町名田庄納田終: Error code: 429 - {'error': {'message': 'Token rate limit exceeded: 2457600 per 1 day'}}
Error processing 福井県越前市芝原１丁目: Error code: 429 - {'error': {'message': 'Token rate limit exceeded: 2457600 per 1 day'}}
Error processing 福井県越前市村国３丁目: Error code: 429 - {'error': {'message': 'Token rate limit exceeded: 2457600 per 1 day'}}
Error processing 福井県大飯郡おおい町名田庄納田終: Error code: 429 - {'error': {'message': 'Request rate limit exceeded: 50 per 1 minute'}}
     Processed 245/301
Error processing 福井県大飯郡おおい町名田庄三重: Error code: 429 - {'error': {'message': 'Request rate limit exceeded: 50 per 1 minute'}}
Error processing 福井県大野市明倫町: Error code: 429 - {'error': {'message': 'Request rate limit exceeded: 50 per 1 minute'}}
Error processing 福井県坂井市三国町北本町１丁目: Error code: 429 - {'error': {'message': 'Request rate limit exceeded: 50 per 1 minute'}}
Error processing 福井県大野市伏石: Error code: 429 - {'error': {'message': 'Request rate limit exceeded: 50 per 1 minute'}}
Error processing 福井県大野市井ノ口: Error code: 429 - {'error': {'message': 'Request rate limit exceeded: 50 per 1 minute'}}
     Processed 250/301
Error processing 福井県坂井市丸岡町金元: Error code: 429 - {'error': {'message': 'Request rate limit exceeded: 50 per 1 minute'}}
Error processing 福井県吉田郡永平寺町松岡薬師３丁目: Error code: 429 - {'error': {'message': 'Request rate limit exceeded: 50 per 1 minute'}}
Error processing 福井県福井市灯明寺１丁目: Error code: 429 - {'error': {'message': 'Request rate limit exceeded: 50 per 1 minute'}}
Error processing 福井県丹生郡越前町下糸生野田: Error code: 429 - {'error': {'message': 'Request rate limit exceeded: 50 per 1 minute'}}
Error processing 福井県丹生郡越前町江波: Error code: 429 - {'error': {'message': 'Token rate limit exceeded: 2457600 per 1 day'}}
     Processed 255/301
Error processing 福井県丹生郡越前町丸山: Error code: 429 - {'error': {'message': 'Token rate limit exceeded: 2457600 per 1 day'}}
Error processing 福井県丹生郡越前町宿: Error code: 429 - {'error': {'message': 'Token rate limit exceeded: 2457600 per 1 day'}}
Error processing 福井県丹生郡越前町道口: Error code: 429 - {'error': {'message': 'Token rate limit exceeded: 2457600 per 1 day'}}
Error processing 福井県丹生郡越前町細野: Error code: 429 - {'error': {'message': 'Token rate limit exceeded: 2457600 per 1 day'}}
Error processing 福井県丹生郡越前町宿: Error code: 429 - {'error': {'message': 'Token rate limit exceeded: 2457600 per 1 day'}}
     Processed 260/301
Error processing 福井県丹生郡越前町玉川: Error code: 429 - {'error': {'message': 'Token rate limit exceeded: 2457600 per 1 day'}}
Error processing 福井県丹生郡越前町佐々生: Error code: 429 - {'error': {'message': 'Token rate limit exceeded: 2457600 per 1 day'}}
Error processing 福井県丹生郡越前町厨: Error code: 429 - {'error': {'message': 'Token rate limit exceeded: 2457600 per 1 day'}}
Error processing 福井県丹生郡越前町上川去: Error code: 429 - {'error': {'message': 'Token rate limit exceeded: 2457600 per 1 day'}}
Error processing 福井県丹生郡越前町宿: Error code: 429 - {'error': {'message': 'Token rate limit exceeded: 2457600 per 1 day'}}
     Processed 265/301
Error processing 福井県丹生郡越前町古屋: Error code: 429 - {'error': {'message': 'Token rate limit exceeded: 2457600 per 1 day'}}
Error processing 福井県丹生郡越前町高佐: Error code: 429 - {'error': {'message': 'Token rate limit exceeded: 2457600 per 1 day'}}
Error processing 福井県丹生郡越前町宿: Error code: 429 - {'error': {'message': 'Token rate limit exceeded: 2457600 per 1 day'}}
Error processing 福井県福井市四十谷町: Error code: 429 - {'error': {'message': 'Token rate limit exceeded: 2457600 per 1 day'}}
Error processing 福井県坂井市丸岡町一本田福所: Error code: 429 - {'error': {'message': 'Token rate limit exceeded: 2457600 per 1 day'}}
     Processed 270/301
Error processing 福井県福井市糸崎町: Error code: 429 - {'error': {'message': 'Token rate limit exceeded: 2457600 per 1 day'}}
Error processing 福井県坂井市三国町山王１丁目: Error code: 429 - {'error': {'message': 'Token rate limit exceeded: 2457600 per 1 day'}}
Error processing 福井県福井市太田町: Error code: 429 - {'error': {'message': 'Token rate limit exceeded: 2457600 per 1 day'}}
Error processing 福井県福井市久喜津町: Error code: 429 - {'error': {'message': 'Token rate limit exceeded: 2457600 per 1 day'}}
Error processing 福井県坂井市丸岡町新九頭竜２丁目: Error code: 429 - {'error': {'message': 'Token rate limit exceeded: 2457600 per 1 day'}}
     Processed 275/301
Error processing 福井県福井市鹿俣町: Error code: 429 - {'error': {'message': 'Token rate limit exceeded: 2457600 per 1 day'}}
Error processing 福井県福井市開発３丁目: Error code: 429 - {'error': {'message': 'Token rate limit exceeded: 2457600 per 1 day'}}
Error processing 福井県福井市三十八社町: Error code: 429 - {'error': {'message': 'Token rate limit exceeded: 2457600 per 1 day'}}
Error processing 福井県坂井市三国町宿３丁目: Error code: 429 - {'error': {'message': 'Token rate limit exceeded: 2457600 per 1 day'}}
Error processing 福井県福井市中野２丁目: Error code: 429 - {'error': {'message': 'Token rate limit exceeded: 2457600 per 1 day'}}
     Processed 280/301
Error processing 福井県福井市灯明寺町: Error code: 429 - {'error': {'message': 'Token rate limit exceeded: 2457600 per 1 day'}}
Error processing 福井県小浜市多田: Error code: 429 - {'error': {'message': 'Token rate limit exceeded: 2457600 per 1 day'}}
Error processing 福井県大野市泉町: Error code: 429 - {'error': {'message': 'Token rate limit exceeded: 2457600 per 1 day'}}
Error processing 福井県大野市中野: Error code: 429 - {'error': {'message': 'Token rate limit exceeded: 2457600 per 1 day'}}
Error processing 福井県小浜市加茂: Error code: 429 - {'error': {'message': 'Token rate limit exceeded: 2457600 per 1 day'}}
     Processed 285/301
Error processing 福井県坂井市三国町宿３丁目: Error code: 429 - {'error': {'message': 'Token rate limit exceeded: 2457600 per 1 day'}}
Error processing 福井県坂井市三国町新保: Error code: 429 - {'error': {'message': 'Request rate limit exceeded: 50 per 1 minute'}}
Error processing 福井県福井市月見４丁目: Connection error.
Error processing 福井県坂井市三国町宿３丁目: Error code: 429 - {'error': {'message': 'Token rate limit exceeded: 2457600 per 1 day'}}
Error processing 福井県あわら市花乃杜３丁目: Error code: 429 - {'error': {'message': 'Token rate limit exceeded: 2457600 per 1 day'}}
     Processed 290/301
Error processing 福井県三方郡美浜町郷市: Error code: 429 - {'error': {'message': 'Token rate limit exceeded: 2457600 per 1 day'}}
Error processing 福井県三方郡美浜町佐田: Error code: 429 - {'error': {'message': 'Token rate limit exceeded: 2457600 per 1 day'}}
Error processing 福井県三方郡美浜町早瀬: Error code: 429 - {'error': {'message': 'Token rate limit exceeded: 2457600 per 1 day'}}
Error processing 福井県鯖江市糺町: Error code: 429 - {'error': {'message': 'Token rate limit exceeded: 2457600 per 1 day'}}
Error processing 福井県三方郡美浜町佐田: Error code: 429 - {'error': {'message': 'Token rate limit exceeded: 2457600 per 1 day'}}
     Processed 295/301
Error processing 福井県三方郡美浜町新庄: Error code: 429 - {'error': {'message': 'Token rate limit exceeded: 2457600 per 1 day'}}
Error processing 福井県福井市三十八社町: Error code: 429 - {'error': {'message': 'Token rate limit exceeded: 2457600 per 1 day'}}
Error processing 福井県坂井市丸岡町一本田中: Error code: 429 - {'error': {'message': 'Token rate limit exceeded: 2457600 per 1 day'}}
Error processing 福井県坂井市三国町錦１丁目: Error code: 429 - {'error': {'message': 'Token rate limit exceeded: 2457600 per 1 day'}}
Error processing 福井県福井市末町: Error code: 429 - {'error': {'message': 'Token rate limit exceeded: 2457600 per 1 day'}}
     Processed 300/301
Error processing 福井県福井市八ツ俣町: Error code: 429 - {'error': {'message': 'Token rate limit exceeded: 2457600 per 1 day'}}
  -> Saved to public/scraped/fukui.json

[19 山梨県 (yamanashi)] Starting scrape...
  -> Scraped 107 items.
  -> Enriching 107 items with AI...
Error processing 山梨県甲府市青沼２丁目: Error code: 429 - {'error': {'message': 'Token rate limit exceeded: 2457600 per 1 day'}}
Error processing 山梨県甲府市酒折１丁目: Error code: 429 - {'error': {'message': 'Token rate limit exceeded: 2457600 per 1 day'}}
Error processing 山梨県都留市十日市場: Error code: 429 - {'error': {'message': 'Token rate limit exceeded: 2457600 per 1 day'}}
Error processing 山梨県韮崎市富士見３丁目: Error code: 429 - {'error': {'message': 'Token rate limit exceeded: 2457600 per 1 day'}}
Error processing 山梨県甲府市山宮町: Error code: 429 - {'error': {'message': 'Token rate limit exceeded: 2457600 per 1 day'}}
     Processed 5/107
Error processing 山梨県笛吹市境川町小山: Error code: 429 - {'error': {'message': 'Token rate limit exceeded: 2457600 per 1 day'}}
Error processing 山梨県笛吹市石和町下平井: Error code: 429 - {'error': {'message': 'Token rate limit exceeded: 2457600 per 1 day'}}
Error processing 山梨県南巨摩郡身延町清子: Error code: 429 - {'error': {'message': 'Token rate limit exceeded: 2457600 per 1 day'}}
Error processing 山梨県甲府市上町: Error code: 429 - {'error': {'message': 'Token rate limit exceeded: 2457600 per 1 day'}}
Error processing 山梨県甲府市国母２丁目: Error code: 429 - {'error': {'message': 'Token rate limit exceeded: 2457600 per 1 day'}}
     Processed 10/107
Error processing 山梨県甲府市千塚４丁目: Error code: 429 - {'error': {'message': 'Token rate limit exceeded: 2457600 per 1 day'}}
Error processing 山梨県甲府市城東５丁目: Error code: 429 - {'error': {'message': 'Token rate limit exceeded: 2457600 per 1 day'}}
Error processing 山梨県甲府市下曽根町: Error code: 429 - {'error': {'message': 'Token rate limit exceeded: 2457600 per 1 day'}}
Error processing 山梨県甲府市塩部３丁目: Error code: 429 - {'error': {'message': 'Token rate limit exceeded: 2457600 per 1 day'}}
Error processing 山梨県甲府市山宮町: Error code: 429 - {'error': {'message': 'Token rate limit exceeded: 2457600 per 1 day'}}
     Processed 15/107
Error processing 山梨県南巨摩郡身延町丸滝: Error code: 429 - {'error': {'message': 'Token rate limit exceeded: 2457600 per 1 day'}}
Error processing 山梨県南巨摩郡身延町下田原: Error code: 429 - {'error': {'message': 'Token rate limit exceeded: 2457600 per 1 day'}}
Error processing 山梨県南巨摩郡身延町手打沢: Error code: 429 - {'error': {'message': 'Token rate limit exceeded: 2457600 per 1 day'}}
Error processing 山梨県韮崎市穴山町: Error code: 429 - {'error': {'message': 'Token rate limit exceeded: 2457600 per 1 day'}}
Error processing 山梨県韮崎市水神２丁目: Error code: 429 - {'error': {'message': 'Token rate limit exceeded: 2457600 per 1 day'}}
     Processed 20/107
Error processing 山梨県都留市中央１丁目: Error code: 429 - {'error': {'message': 'Token rate limit exceeded: 2457600 per 1 day'}}
Error processing 山梨県韮崎市円野町上円井: Error code: 429 - {'error': {'message': 'Token rate limit exceeded: 2457600 per 1 day'}}
Error processing 山梨県都留市十日市場: Error code: 429 - {'error': {'message': 'Token rate limit exceeded: 2457600 per 1 day'}}
Error processing 山梨県甲府市千塚４丁目: Error code: 429 - {'error': {'message': 'Token rate limit exceeded: 2457600 per 1 day'}}
Error processing 山梨県甲府市相生１丁目: Error code: 429 - {'error': {'message': 'Token rate limit exceeded: 2457600 per 1 day'}}
     Processed 25/107
Error processing 山梨県甲府市上石田３丁目: Error code: 429 - {'error': {'message': 'Token rate limit exceeded: 2457600 per 1 day'}}
Error processing 山梨県甲府市下曽根町: Error code: 429 - {'error': {'message': 'Token rate limit exceeded: 2457600 per 1 day'}}
Error processing 山梨県甲府市大里町: Error code: 429 - {'error': {'message': 'Request rate limit exceeded: 50 per 1 minute'}}
Error processing 山梨県甲府市下曽根町: Error code: 429 - {'error': {'message': 'Request rate limit exceeded: 50 per 1 minute'}}
Error processing 山梨県甲府市住吉３丁目: Error code: 429 - {'error': {'message': 'Request rate limit exceeded: 50 per 1 minute'}}
     Processed 30/107
Error processing 山梨県韮崎市穴山町: Error code: 429 - {'error': {'message': 'Token rate limit exceeded: 2457600 per 1 day'}}
Error processing 山梨県韮崎市穴山町: Error code: 429 - {'error': {'message': 'Token rate limit exceeded: 2457600 per 1 day'}}
Error processing 山梨県韮崎市藤井町駒井: Error code: 429 - {'error': {'message': 'Token rate limit exceeded: 2457600 per 1 day'}}
Error processing 山梨県甲府市伊勢２丁目: Error code: 429 - {'error': {'message': 'Token rate limit exceeded: 2457600 per 1 day'}}
Error processing 山梨県甲府市青葉町: Error code: 429 - {'error': {'message': 'Token rate limit exceeded: 2457600 per 1 day'}}
     Processed 35/107
Error processing 山梨県南巨摩郡身延町西嶋: Error code: 429 - {'error': {'message': 'Token rate limit exceeded: 2457600 per 1 day'}}
Error processing 山梨県甲府市和戸町: Error code: 429 - {'error': {'message': 'Token rate limit exceeded: 2457600 per 1 day'}}
Error processing 山梨県甲府市飯田５丁目: Error code: 429 - {'error': {'message': 'Token rate limit exceeded: 2457600 per 1 day'}}
Error processing 山梨県甲府市宮原町: Error code: 429 - {'error': {'message': 'Token rate limit exceeded: 2457600 per 1 day'}}
Error processing 山梨県甲府市上今井町: Error code: 429 - {'error': {'message': 'Token rate limit exceeded: 2457600 per 1 day'}}
     Processed 40/107
Error processing 山梨県甲府市中小河原町: Error code: 429 - {'error': {'message': 'Token rate limit exceeded: 2457600 per 1 day'}}
Error processing 山梨県甲府市飯田２丁目: Error code: 429 - {'error': {'message': 'Token rate limit exceeded: 2457600 per 1 day'}}
Error processing 山梨県南巨摩郡身延町梅平: Error code: 429 - {'error': {'message': 'Token rate limit exceeded: 2457600 per 1 day'}}
Error processing 山梨県甲府市高畑２丁目: Error code: 429 - {'error': {'message': 'Token rate limit exceeded: 2457600 per 1 day'}}
Error processing 山梨県甲府市国母３丁目: Error code: 429 - {'error': {'message': 'Token rate limit exceeded: 2457600 per 1 day'}}
     Processed 45/107
Error processing 山梨県甲府市塚原町: Error code: 429 - {'error': {'message': 'Token rate limit exceeded: 2457600 per 1 day'}}
Error processing 山梨県甲府市伊勢１丁目: Error code: 429 - {'error': {'message': 'Token rate limit exceeded: 2457600 per 1 day'}}
Error processing 山梨県甲府市湯村３丁目: Error code: 429 - {'error': {'message': 'Request rate limit exceeded: 50 per 1 minute'}}
Error processing 山梨県都留市境: Error code: 429 - {'error': {'message': 'Request rate limit exceeded: 50 per 1 minute'}}
Error processing 山梨県甲府市大手３丁目: Error code: 429 - {'error': {'message': 'Request rate limit exceeded: 50 per 1 minute'}}
     Processed 50/107
Error processing 山梨県韮崎市中田町中條: Error code: 429 - {'error': {'message': 'Request rate limit exceeded: 50 per 1 minute'}}
Error processing 山梨県南巨摩郡身延町丸滝: Error code: 429 - {'error': {'message': 'Token rate limit exceeded: 2457600 per 1 day'}}
Error processing 山梨県笛吹市一宮町末木: Error code: 429 - {'error': {'message': 'Token rate limit exceeded: 2457600 per 1 day'}}
Error processing 山梨県韮崎市本町２丁目: Error code: 429 - {'error': {'message': 'Token rate limit exceeded: 2457600 per 1 day'}}
Error processing 山梨県韮崎市清哲町青木: Error code: 429 - {'error': {'message': 'Token rate limit exceeded: 2457600 per 1 day'}}
     Processed 55/107
Error processing 山梨県韮崎市藤井町駒井: Error code: 429 - {'error': {'message': 'Token rate limit exceeded: 2457600 per 1 day'}}
Error processing 山梨県甲府市西田町: Error code: 429 - {'error': {'message': 'Token rate limit exceeded: 2457600 per 1 day'}}
Error processing 山梨県大月市富浜町鳥沢: Error code: 429 - {'error': {'message': 'Token rate limit exceeded: 2457600 per 1 day'}}
Error processing 山梨県韮崎市本町２丁目: Error code: 429 - {'error': {'message': 'Token rate limit exceeded: 2457600 per 1 day'}}
Error processing 山梨県韮崎市大草町下條西割: Error code: 429 - {'error': {'message': 'Token rate limit exceeded: 2457600 per 1 day'}}
     Processed 60/107
Error processing 山梨県韮崎市穴山町: Error code: 429 - {'error': {'message': 'Token rate limit exceeded: 2457600 per 1 day'}}
Error processing 山梨県南巨摩郡身延町西嶋: Error code: 429 - {'error': {'message': 'Token rate limit exceeded: 2457600 per 1 day'}}
Error processing 山梨県南巨摩郡身延町西嶋: Error code: 429 - {'error': {'message': 'Token rate limit exceeded: 2457600 per 1 day'}}
Error processing 山梨県南巨摩郡身延町西嶋: Error code: 429 - {'error': {'message': 'Token rate limit exceeded: 2457600 per 1 day'}}
Error processing 山梨県南巨摩郡身延町角打: Error code: 429 - {'error': {'message': 'Token rate limit exceeded: 2457600 per 1 day'}}
     Processed 65/107
Error processing 山梨県甲府市上積翠寺町: Error code: 429 - {'error': {'message': 'Token rate limit exceeded: 2457600 per 1 day'}}
Error processing 山梨県甲府市蓬沢町: Error code: 429 - {'error': {'message': 'Token rate limit exceeded: 2457600 per 1 day'}}
Error processing 山梨県南巨摩郡南部町万沢: Error code: 429 - {'error': {'message': 'Token rate limit exceeded: 2457600 per 1 day'}}
Error processing 山梨県南巨摩郡南部町南部: Error code: 429 - {'error': {'message': 'Request rate limit exceeded: 50 per 1 minute'}}
Error processing 山梨県南巨摩郡南部町南部: Error code: 429 - {'error': {'message': 'Request rate limit exceeded: 50 per 1 minute'}}
     Processed 70/107
Error processing 山梨県南巨摩郡南部町南部: Error code: 429 - {'error': {'message': 'Request rate limit exceeded: 50 per 1 minute'}}
Error processing 山梨県南巨摩郡南部町南部: Error code: 429 - {'error': {'message': 'Request rate limit exceeded: 50 per 1 minute'}}
Error processing 山梨県甲府市川田町: Error code: 429 - {'error': {'message': 'Request rate limit exceeded: 50 per 1 minute'}}
Error processing 山梨県中央市木原: Error code: 429 - {'error': {'message': 'Request rate limit exceeded: 50 per 1 minute'}}
Error processing 山梨県韮崎市旭町上條北割: Error code: 429 - {'error': {'message': 'Request rate limit exceeded: 50 per 1 minute'}}
     Processed 75/107
Error processing 山梨県甲府市羽黒町: Error code: 429 - {'error': {'message': 'Token rate limit exceeded: 2457600 per 1 day'}}
Error processing 山梨県韮崎市中田町小田川: Error code: 429 - {'error': {'message': 'Token rate limit exceeded: 2457600 per 1 day'}}
Error processing 山梨県韮崎市穂坂町三之蔵: Error code: 429 - {'error': {'message': 'Token rate limit exceeded: 2457600 per 1 day'}}
Error processing 山梨県甲府市小松町: Error code: 429 - {'error': {'message': 'Token rate limit exceeded: 2457600 per 1 day'}}
Error processing 山梨県大月市七保町葛野: Error code: 429 - {'error': {'message': 'Token rate limit exceeded: 2457600 per 1 day'}}
     Processed 80/107
Error processing 山梨県中央市東花輪: Error code: 429 - {'error': {'message': 'Request rate limit exceeded: 50 per 1 minute'}}
Error processing 山梨県甲府市屋形２丁目: Error code: 429 - {'error': {'message': 'Request rate limit exceeded: 50 per 1 minute'}}
Error processing 山梨県笛吹市一宮町一ノ宮: Error code: 429 - {'error': {'message': 'Token rate limit exceeded: 2457600 per 1 day'}}
Error processing 山梨県甲府市屋形１丁目: Error code: 429 - {'error': {'message': 'Token rate limit exceeded: 2457600 per 1 day'}}
Error processing 山梨県韮崎市大草町若尾: Error code: 429 - {'error': {'message': 'Token rate limit exceeded: 2457600 per 1 day'}}
     Processed 85/107
Error processing 山梨県韮崎市藤井町南下條: Error code: 429 - {'error': {'message': 'Token rate limit exceeded: 2457600 per 1 day'}}
Error processing 山梨県南巨摩郡身延町常葉: Error code: 429 - {'error': {'message': 'Token rate limit exceeded: 2457600 per 1 day'}}
Error processing 山梨県大月市猿橋町藤崎: Error code: 429 - {'error': {'message': 'Token rate limit exceeded: 2457600 per 1 day'}}
Error processing 山梨県大月市大月町真木: Error code: 429 - {'error': {'message': 'Token rate limit exceeded: 2457600 per 1 day'}}
Error processing 山梨県大月市賑岡町奥山: Error code: 429 - {'error': {'message': 'Token rate limit exceeded: 2457600 per 1 day'}}
     Processed 90/107
Error processing 山梨県大月市富浜町鳥沢: Error code: 429 - {'error': {'message': 'Token rate limit exceeded: 2457600 per 1 day'}}
Error processing 山梨県南巨摩郡富士川町小林: Error code: 429 - {'error': {'message': 'Token rate limit exceeded: 2457600 per 1 day'}}
Error processing 山梨県韮崎市龍岡町下條南割: Error code: 429 - {'error': {'message': 'Token rate limit exceeded: 2457600 per 1 day'}}
Error processing 山梨県南巨摩郡身延町樋田: Error code: 429 - {'error': {'message': 'Token rate limit exceeded: 2457600 per 1 day'}}
Error processing 山梨県南巨摩郡身延町切石: Error code: 429 - {'error': {'message': 'Token rate limit exceeded: 2457600 per 1 day'}}
     Processed 95/107
Error processing 山梨県韮崎市神山町鍋山: Error code: 429 - {'error': {'message': 'Token rate limit exceeded: 2457600 per 1 day'}}
Error processing 山梨県南巨摩郡身延町大島: Error code: 429 - {'error': {'message': 'Token rate limit exceeded: 2457600 per 1 day'}}
Error processing 山梨県韮崎市穂坂町宮久保: Error code: 429 - {'error': {'message': 'Token rate limit exceeded: 2457600 per 1 day'}}
Error processing 山梨県韮崎市円野町上円井: Error code: 429 - {'error': {'message': 'Token rate limit exceeded: 2457600 per 1 day'}}
Error processing 山梨県韮崎市円野町上円井: Error code: 429 - {'error': {'message': 'Token rate limit exceeded: 2457600 per 1 day'}}
     Processed 100/107
Error processing 山梨県中央市臼井阿原: Error code: 429 - {'error': {'message': 'Token rate limit exceeded: 2457600 per 1 day'}}
Error processing 山梨県大月市賑岡町浅利: Error code: 429 - {'error': {'message': 'Token rate limit exceeded: 2457600 per 1 day'}}
Error processing 山梨県韮崎市円野町上円井: Error code: 429 - {'error': {'message': 'Token rate limit exceeded: 2457600 per 1 day'}}
Error processing 山梨県南巨摩郡身延町下山: Error code: 429 - {'error': {'message': 'Token rate limit exceeded: 2457600 per 1 day'}}
Error processing 山梨県南巨摩郡身延町切石: Error code: 429 - {'error': {'message': 'Request rate limit exceeded: 50 per 1 minute'}}
     Processed 105/107
Error processing 山梨県南巨摩郡身延町小田船原: Error code: 429 - {'error': {'message': 'Request rate limit exceeded: 50 per 1 minute'}}
Error processing 山梨県大月市七保町下和田: Error code: 429 - {'error': {'message': 'Request rate limit exceeded: 50 per 1 minute'}}
  -> Saved to public/scraped/yamanashi.json

[20 長野県 (nagano)] Starting scrape...
  -> Scraping failed: HTTPSConnectionPool(host='www.akiya-athome.jp', port=443): Read timed out. (read timeout=30)

[21 岐阜県 (gifu)] Starting scrape...
  -> Scraped 276 items.
  -> Enriching 276 items with AI...
Error processing 岐阜県中津川市落合: Error code: 429 - {'error': {'message': 'Token rate limit exceeded: 2457600 per 1 day'}}
Error processing 岐阜県中津川市付知町: Error code: 429 - {'error': {'message': 'Token rate limit exceeded: 2457600 per 1 day'}}
Error processing 岐阜県中津川市瀬戸: Error code: 429 - {'error': {'message': 'Token rate limit exceeded: 2457600 per 1 day'}}
Error processing 岐阜県飛騨市古川町幸栄町: Error code: 429 - {'error': {'message': 'Token rate limit exceeded: 2457600 per 1 day'}}
Error processing 岐阜県郡上市美並町大原: Error code: 429 - {'error': {'message': 'Token rate limit exceeded: 2457600 per 1 day'}}
     Processed 5/276
Error processing 岐阜県郡上市大和町島: Error code: 429 - {'error': {'message': 'Token rate limit exceeded: 2457600 per 1 day'}}
Error processing 岐阜県郡上市高鷲町大鷲: Error code: 429 - {'error': {'message': 'Token rate limit exceeded: 2457600 per 1 day'}}
Error processing 岐阜県郡上市八幡町相生: Error code: 429 - {'error': {'message': 'Token rate limit exceeded: 2457600 per 1 day'}}
Error processing 岐阜県郡上市八幡町島谷: Error code: 429 - {'error': {'message': 'Token rate limit exceeded: 2457600 per 1 day'}}
Error processing 岐阜県飛騨市神岡町丸山: Error code: 429 - {'error': {'message': 'Token rate limit exceeded: 2457600 per 1 day'}}
     Processed 10/276
Error processing 岐阜県可児市広眺ケ丘２丁目: Error code: 429 - {'error': {'message': 'Token rate limit exceeded: 2457600 per 1 day'}}
Error processing 岐阜県飛騨市古川町杉崎: Error code: 429 - {'error': {'message': 'Token rate limit exceeded: 2457600 per 1 day'}}
Error processing 岐阜県郡上市白鳥町干田野: Error code: 429 - {'error': {'message': 'Token rate limit exceeded: 2457600 per 1 day'}}
Error processing 岐阜県郡上市白鳥町石徹白: Error code: 429 - {'error': {'message': 'Token rate limit exceeded: 2457600 per 1 day'}}
Error processing 岐阜県郡上市八幡町小野７丁目: Error code: 429 - {'error': {'message': 'Token rate limit exceeded: 2457600 per 1 day'}}
     Processed 15/276
Error processing 岐阜県瑞浪市陶町大川: Error code: 429 - {'error': {'message': 'Token rate limit exceeded: 2457600 per 1 day'}}
Error processing 岐阜県瑞浪市稲津町萩原: Error code: 429 - {'error': {'message': 'Token rate limit exceeded: 2457600 per 1 day'}}
Error processing 岐阜県郡上市大和町剣: Error code: 429 - {'error': {'message': 'Token rate limit exceeded: 2457600 per 1 day'}}
Error processing 岐阜県中津川市下野: Error code: 429 - {'error': {'message': 'Token rate limit exceeded: 2457600 per 1 day'}}
Error processing 岐阜県郡上市美並町梅原: Error code: 429 - {'error': {'message': 'Token rate limit exceeded: 2457600 per 1 day'}}
     Processed 20/276
Error processing 岐阜県郡上市美並町梅原: Error code: 429 - {'error': {'message': 'Token rate limit exceeded: 2457600 per 1 day'}}
Error processing 岐阜県可児市鳩吹台３丁目: Error code: 429 - {'error': {'message': 'Token rate limit exceeded: 2457600 per 1 day'}}
Error processing 岐阜県飛騨市神岡町東町: Error code: 429 - {'error': {'message': 'Token rate limit exceeded: 2457600 per 1 day'}}
Error processing 岐阜県飛騨市古川町袈裟丸: Error code: 429 - {'error': {'message': 'Token rate limit exceeded: 2457600 per 1 day'}}
Error processing 岐阜県中津川市付知町: Error code: 429 - {'error': {'message': 'Token rate limit exceeded: 2457600 per 1 day'}}
     Processed 25/276
Error processing 岐阜県飛騨市古川町杉崎: Error code: 429 - {'error': {'message': 'Request rate limit exceeded: 50 per 1 minute'}}
Error processing 岐阜県飛騨市神岡町東町: Error code: 429 - {'error': {'message': 'Request rate limit exceeded: 50 per 1 minute'}}
Error processing 岐阜県郡上市美並町大原: Error code: 429 - {'error': {'message': 'Request rate limit exceeded: 50 per 1 minute'}}
Error processing 岐阜県郡上市八幡町桜町: Error code: 429 - {'error': {'message': 'Request rate limit exceeded: 50 per 1 minute'}}
Error processing 岐阜県郡上市八幡町有穂: Error code: 429 - {'error': {'message': 'Token rate limit exceeded: 2457600 per 1 day'}}
     Processed 30/276
Error processing 岐阜県大垣市上石津町上: Error code: 429 - {'error': {'message': 'Token rate limit exceeded: 2457600 per 1 day'}}
Error processing 岐阜県関市上之保行合: Error code: 429 - {'error': {'message': 'Token rate limit exceeded: 2457600 per 1 day'}}
Error processing 岐阜県大垣市上石津町一之瀬: Error code: 429 - {'error': {'message': 'Token rate limit exceeded: 2457600 per 1 day'}}
Error processing 岐阜県郡上市高鷲町西洞: Error code: 429 - {'error': {'message': 'Token rate limit exceeded: 2457600 per 1 day'}}
Error processing 岐阜県郡上市八幡町那比: Error code: 429 - {'error': {'message': 'Token rate limit exceeded: 2457600 per 1 day'}}
     Processed 35/276
Error processing 岐阜県飛騨市神岡町東町: Error code: 429 - {'error': {'message': 'Token rate limit exceeded: 2457600 per 1 day'}}
Error processing 岐阜県中津川市苗木: Error code: 429 - {'error': {'message': 'Token rate limit exceeded: 2457600 per 1 day'}}
Error processing 岐阜県各務原市川島小網町: Error code: 429 - {'error': {'message': 'Token rate limit exceeded: 2457600 per 1 day'}}
Error processing 岐阜県大垣市上石津町上多良: Error code: 429 - {'error': {'message': 'Token rate limit exceeded: 2457600 per 1 day'}}
Error processing 岐阜県関市板取: Error code: 429 - {'error': {'message': 'Token rate limit exceeded: 2457600 per 1 day'}}
     Processed 40/276
Error processing 岐阜県関市桜木町: Error code: 429 - {'error': {'message': 'Token rate limit exceeded: 2457600 per 1 day'}}
Error processing 岐阜県中津川市落合: Error code: 429 - {'error': {'message': 'Token rate limit exceeded: 2457600 per 1 day'}}
Error processing 岐阜県大垣市荒尾町: Error code: 429 - {'error': {'message': 'Token rate limit exceeded: 2457600 per 1 day'}}
Error processing 岐阜県郡上市高鷲町大鷲: Error code: 429 - {'error': {'message': 'Token rate limit exceeded: 2457600 per 1 day'}}
Error processing 岐阜県郡上市高鷲町大鷲: Error code: 429 - {'error': {'message': 'Token rate limit exceeded: 2457600 per 1 day'}}
     Processed 45/276
Error processing 岐阜県中津川市中津川: Error code: 429 - {'error': {'message': 'Token rate limit exceeded: 2457600 per 1 day'}}
Error processing 岐阜県瑞浪市稲津町小里: Error code: 429 - {'error': {'message': 'Request rate limit exceeded: 50 per 1 minute'}}
Error processing 岐阜県加茂郡富加町羽生: Error code: 429 - {'error': {'message': 'Request rate limit exceeded: 50 per 1 minute'}}
Error processing 岐阜県各務原市つつじが丘１丁目: Error code: 429 - {'error': {'message': 'Request rate limit exceeded: 50 per 1 minute'}}
Error processing 岐阜県飛騨市古川町幸栄町: Connection error.
     Processed 50/276
Error processing 岐阜県中津川市福岡: Error code: 429 - {'error': {'message': 'Token rate limit exceeded: 2457600 per 1 day'}}
Error processing 岐阜県不破郡垂井町府中: Error code: 429 - {'error': {'message': 'Token rate limit exceeded: 2457600 per 1 day'}}
Error processing 岐阜県飛騨市古川町若宮２丁目: Error code: 429 - {'error': {'message': 'Token rate limit exceeded: 2457600 per 1 day'}}
Error processing 岐阜県中津川市山口: Error code: 429 - {'error': {'message': 'Token rate limit exceeded: 2457600 per 1 day'}}
Error processing 岐阜県可児市兼山: Error code: 429 - {'error': {'message': 'Token rate limit exceeded: 2457600 per 1 day'}}
     Processed 55/276
Error processing 岐阜県関市小瀬: Error code: 429 - {'error': {'message': 'Token rate limit exceeded: 2457600 per 1 day'}}
Error processing 岐阜県関市吉野町: Error code: 429 - {'error': {'message': 'Token rate limit exceeded: 2457600 per 1 day'}}
Error processing 岐阜県関市小瀬南１丁目: Error code: 429 - {'error': {'message': 'Token rate limit exceeded: 2457600 per 1 day'}}
Error processing 岐阜県関市東山: Error code: 429 - {'error': {'message': 'Token rate limit exceeded: 2457600 per 1 day'}}
Error processing 岐阜県関市寿町１丁目: Error code: 429 - {'error': {'message': 'Token rate limit exceeded: 2457600 per 1 day'}}
     Processed 60/276
Error processing 岐阜県中津川市付知町: Error code: 429 - {'error': {'message': 'Token rate limit exceeded: 2457600 per 1 day'}}
Error processing 岐阜県中津川市駒場: Error code: 429 - {'error': {'message': 'Token rate limit exceeded: 2457600 per 1 day'}}
Error processing 岐阜県関市武芸川町宇多院: Error code: 429 - {'error': {'message': 'Token rate limit exceeded: 2457600 per 1 day'}}
Error processing 岐阜県郡上市和良町安郷野: Error code: 429 - {'error': {'message': 'Token rate limit exceeded: 2457600 per 1 day'}}
Error processing 岐阜県郡上市白鳥町六ノ里: Error code: 429 - {'error': {'message': 'Token rate limit exceeded: 2457600 per 1 day'}}
     Processed 65/276
Error processing 岐阜県郡上市八幡町新町: Error code: 429 - {'error': {'message': 'Token rate limit exceeded: 2457600 per 1 day'}}
Error processing 岐阜県不破郡関ケ原町大字関ケ原: Error code: 429 - {'error': {'message': 'Request rate limit exceeded: 50 per 1 minute'}}
Error processing 岐阜県不破郡関ケ原町大字関ケ原: Error code: 429 - {'error': {'message': 'Token rate limit exceeded: 2457600 per 1 day'}}
Error processing 岐阜県中津川市付知町: Error code: 429 - {'error': {'message': 'Token rate limit exceeded: 2457600 per 1 day'}}
Error processing 岐阜県関市清水町: Error code: 429 - {'error': {'message': 'Token rate limit exceeded: 2457600 per 1 day'}}
     Processed 70/276
Error processing 岐阜県中津川市駒場: Error code: 429 - {'error': {'message': 'Token rate limit exceeded: 2457600 per 1 day'}}
Error processing 岐阜県関市富之保: Error code: 429 - {'error': {'message': 'Token rate limit exceeded: 2457600 per 1 day'}}
Error processing 岐阜県関市富之保: Error code: 429 - {'error': {'message': 'Token rate limit exceeded: 2457600 per 1 day'}}
Error processing 岐阜県関市下有知: Error code: 429 - {'error': {'message': 'Token rate limit exceeded: 2457600 per 1 day'}}
Error processing 岐阜県関市洞戸栗原: Error code: 429 - {'error': {'message': 'Token rate limit exceeded: 2457600 per 1 day'}}
     Processed 75/276
Error processing 岐阜県各務原市尾崎北町２丁目: Error code: 429 - {'error': {'message': 'Token rate limit exceeded: 2457600 per 1 day'}}
Error processing 岐阜県郡上市八幡町入間: Error code: 429 - {'error': {'message': 'Token rate limit exceeded: 2457600 per 1 day'}}
Error processing 岐阜県可児市鳩吹台１丁目: Error code: 429 - {'error': {'message': 'Token rate limit exceeded: 2457600 per 1 day'}}
Error processing 岐阜県瑞浪市稲津町小里: Error code: 429 - {'error': {'message': 'Request rate limit exceeded: 50 per 1 minute'}}
Error processing 岐阜県可児市愛岐ケ丘５丁目: Error code: 429 - {'error': {'message': 'Request rate limit exceeded: 50 per 1 minute'}}
     Processed 80/276
Error processing 岐阜県郡上市八幡町小那比: Error code: 429 - {'error': {'message': 'Request rate limit exceeded: 50 per 1 minute'}}
Error processing 岐阜県中津川市本町３丁目: Error code: 429 - {'error': {'message': 'Request rate limit exceeded: 50 per 1 minute'}}
Error processing 岐阜県郡上市高鷲町大鷲: Error code: 429 - {'error': {'message': 'Request rate limit exceeded: 50 per 1 minute'}}
Error processing 岐阜県可児郡御嵩町比衣: Error code: 429 - {'error': {'message': 'Request rate limit exceeded: 50 per 1 minute'}}
Error processing 岐阜県大垣市和合本町１丁目: Error code: 429 - {'error': {'message': 'Request rate limit exceeded: 50 per 1 minute'}}
     Processed 85/276
Error processing 岐阜県飛騨市神岡町坂富町: Error code: 429 - {'error': {'message': 'Token rate limit exceeded: 2457600 per 1 day'}}
Error processing 岐阜県飛騨市神岡町船津: Error code: 429 - {'error': {'message': 'Token rate limit exceeded: 2457600 per 1 day'}}
Error processing 岐阜県可児市長坂７丁目: Error code: 429 - {'error': {'message': 'Token rate limit exceeded: 2457600 per 1 day'}}
Error processing 岐阜県中津川市中津川: Error code: 429 - {'error': {'message': 'Token rate limit exceeded: 2457600 per 1 day'}}
Error processing 岐阜県飛騨市神岡町船津: Error code: 429 - {'error': {'message': 'Token rate limit exceeded: 2457600 per 1 day'}}
     Processed 90/276
Error processing 岐阜県可児市緑４丁目: Error code: 429 - {'error': {'message': 'Token rate limit exceeded: 2457600 per 1 day'}}
Error processing 岐阜県不破郡関ケ原町大字関ケ原: Error code: 429 - {'error': {'message': 'Request rate limit exceeded: 50 per 1 minute'}}
Error processing 岐阜県不破郡関ケ原町大字関ケ原: Error code: 429 - {'error': {'message': 'Token rate limit exceeded: 2457600 per 1 day'}}
Error processing 岐阜県郡上市高鷲町大鷲: Error code: 429 - {'error': {'message': 'Token rate limit exceeded: 2457600 per 1 day'}}
Error processing 岐阜県大垣市上石津町上: Error code: 429 - {'error': {'message': 'Token rate limit exceeded: 2457600 per 1 day'}}
     Processed 95/276
Error processing 岐阜県中津川市蛭川: Error code: 429 - {'error': {'message': 'Token rate limit exceeded: 2457600 per 1 day'}}
Error processing 岐阜県大垣市上石津町一之瀬: Error code: 429 - {'error': {'message': 'Token rate limit exceeded: 2457600 per 1 day'}}
Error processing 岐阜県中津川市福岡: Error code: 429 - {'error': {'message': 'Token rate limit exceeded: 2457600 per 1 day'}}
Error processing 岐阜県中津川市蛭川: Error code: 429 - {'error': {'message': 'Token rate limit exceeded: 2457600 per 1 day'}}
Error processing 岐阜県中津川市蛭川: Error code: 429 - {'error': {'message': 'Token rate limit exceeded: 2457600 per 1 day'}}
     Processed 100/276
Error processing 岐阜県中津川市瀬戸: Error code: 429 - {'error': {'message': 'Token rate limit exceeded: 2457600 per 1 day'}}
Error processing 岐阜県中津川市福岡: Error code: 429 - {'error': {'message': 'Token rate limit exceeded: 2457600 per 1 day'}}
Error processing 岐阜県加茂郡富加町加治田: Error code: 429 - {'error': {'message': 'Token rate limit exceeded: 2457600 per 1 day'}}
Error processing 岐阜県飛騨市古川町上気多: Error code: 429 - {'error': {'message': 'Token rate limit exceeded: 2457600 per 1 day'}}
Error processing 岐阜県可児市桜ケ丘３丁目: Error code: 429 - {'error': {'message': 'Token rate limit exceeded: 2457600 per 1 day'}}
     Processed 105/276
Error processing 岐阜県中津川市中津川: Error code: 429 - {'error': {'message': 'Token rate limit exceeded: 2457600 per 1 day'}}
Error processing 岐阜県飛騨市神岡町坂富町: Error code: 429 - {'error': {'message': 'Token rate limit exceeded: 2457600 per 1 day'}}
Error processing 岐阜県飛騨市神岡町坂富町: Error code: 429 - {'error': {'message': 'Token rate limit exceeded: 2457600 per 1 day'}}
Error processing 岐阜県不破郡垂井町: Error code: 429 - {'error': {'message': 'Token rate limit exceeded: 2457600 per 1 day'}}
Error processing 岐阜県各務原市鵜沼台５丁目: Error code: 429 - {'error': {'message': 'Token rate limit exceeded: 2457600 per 1 day'}}
     Processed 110/276
Error processing 岐阜県加茂郡七宗町神渕: Error code: 429 - {'error': {'message': 'Token rate limit exceeded: 2457600 per 1 day'}}
Error processing 岐阜県高山市久々野町小屋名: Error code: 429 - {'error': {'message': 'Token rate limit exceeded: 2457600 per 1 day'}}
Error processing 岐阜県高山市冬頭町: Error code: 429 - {'error': {'message': 'Token rate limit exceeded: 2457600 per 1 day'}}
Error processing 岐阜県高山市江名子町: Error code: 429 - {'error': {'message': 'Token rate limit exceeded: 2457600 per 1 day'}}
Error processing 岐阜県可児市緑３丁目: Error code: 429 - {'error': {'message': 'Token rate limit exceeded: 2457600 per 1 day'}}
     Processed 115/276
Error processing 岐阜県可児市広眺ケ丘２丁目: Error code: 429 - {'error': {'message': 'Token rate limit exceeded: 2457600 per 1 day'}}
Error processing 岐阜県中津川市坂下: Error code: 429 - {'error': {'message': 'Token rate limit exceeded: 2457600 per 1 day'}}
Error processing 岐阜県中津川市駒場: Error code: 429 - {'error': {'message': 'Request rate limit exceeded: 50 per 1 minute'}}
Error processing 岐阜県中津川市下野: Error code: 429 - {'error': {'message': 'Request rate limit exceeded: 50 per 1 minute'}}
Error processing 岐阜県中津川市福岡: Error code: 429 - {'error': {'message': 'Request rate limit exceeded: 50 per 1 minute'}}
     Processed 120/276
Error processing 岐阜県飛騨市神岡町船津: Error code: 429 - {'error': {'message': 'Request rate limit exceeded: 50 per 1 minute'}}
Error processing 岐阜県不破郡垂井町: Error code: 429 - {'error': {'message': 'Request rate limit exceeded: 50 per 1 minute'}}
Error processing 岐阜県中津川市中津川: Error code: 429 - {'error': {'message': 'Token rate limit exceeded: 2457600 per 1 day'}}
Error processing 岐阜県加茂郡七宗町神渕: Error code: 429 - {'error': {'message': 'Token rate limit exceeded: 2457600 per 1 day'}}
Error processing 岐阜県不破郡垂井町: Error code: 429 - {'error': {'message': 'Token rate limit exceeded: 2457600 per 1 day'}}
     Processed 125/276
Error processing 岐阜県瑞浪市日吉町: Error code: 429 - {'error': {'message': 'Token rate limit exceeded: 2457600 per 1 day'}}
Error processing 岐阜県郡上市高鷲町大鷲: Error code: 429 - {'error': {'message': 'Token rate limit exceeded: 2457600 per 1 day'}}
Error processing 岐阜県岐阜市下鵜飼: Error code: 429 - {'error': {'message': 'Token rate limit exceeded: 2457600 per 1 day'}}
Error processing 岐阜県不破郡垂井町府中: Error code: 429 - {'error': {'message': 'Token rate limit exceeded: 2457600 per 1 day'}}
Error processing 岐阜県岐阜市御望: Error code: 429 - {'error': {'message': 'Token rate limit exceeded: 2457600 per 1 day'}}
     Processed 130/276
Error processing 岐阜県郡上市八幡町美山: Error code: 429 - {'error': {'message': 'Token rate limit exceeded: 2457600 per 1 day'}}
Error processing 岐阜県飛騨市古川町下気多: Error code: 429 - {'error': {'message': 'Token rate limit exceeded: 2457600 per 1 day'}}
Error processing 岐阜県郡上市八幡町島谷: Error code: 429 - {'error': {'message': 'Token rate limit exceeded: 2457600 per 1 day'}}
Error processing 岐阜県郡上市白鳥町前谷: Error code: 429 - {'error': {'message': 'Token rate limit exceeded: 2457600 per 1 day'}}
Error processing 岐阜県郡上市白鳥町歩岐島: Error code: 429 - {'error': {'message': 'Token rate limit exceeded: 2457600 per 1 day'}}
     Processed 135/276
Error processing 岐阜県郡上市八幡町島谷: Error code: 429 - {'error': {'message': 'Token rate limit exceeded: 2457600 per 1 day'}}
Error processing 岐阜県中津川市馬籠: Error code: 429 - {'error': {'message': 'Token rate limit exceeded: 2457600 per 1 day'}}
Error processing 岐阜県中津川市蛭川: Error code: 429 - {'error': {'message': 'Token rate limit exceeded: 2457600 per 1 day'}}
Error processing 岐阜県中津川市高山: Error code: 429 - {'error': {'message': 'Token rate limit exceeded: 2457600 per 1 day'}}
Error processing 岐阜県郡上市和良町宮代: Error code: 429 - {'error': {'message': 'Request rate limit exceeded: 50 per 1 minute'}}
     Processed 140/276
Error processing 岐阜県中津川市駒場: Error code: 429 - {'error': {'message': 'Request rate limit exceeded: 50 per 1 minute'}}
Error processing 岐阜県郡上市八幡町島谷: Error code: 429 - {'error': {'message': 'Request rate limit exceeded: 50 per 1 minute'}}
Error processing 岐阜県飛騨市古川町太江: Error code: 429 - {'error': {'message': 'Request rate limit exceeded: 50 per 1 minute'}}
Error processing 岐阜県可児市長坂４丁目: Error code: 429 - {'error': {'message': 'Request rate limit exceeded: 50 per 1 minute'}}
Error processing 岐阜県可児郡御嵩町中: Error code: 429 - {'error': {'message': 'Request rate limit exceeded: 50 per 1 minute'}}
     Processed 145/276
Error processing 岐阜県可児郡御嵩町中: Error code: 429 - {'error': {'message': 'Request rate limit exceeded: 50 per 1 minute'}}
Error processing 岐阜県可児郡御嵩町中: Error code: 429 - {'error': {'message': 'Request rate limit exceeded: 50 per 1 minute'}}
Error processing 岐阜県可児郡御嵩町御嵩: Error code: 429 - {'error': {'message': 'Request rate limit exceeded: 50 per 1 minute'}}
Error processing 岐阜県可児郡御嵩町御嵩: Error code: 429 - {'error': {'message': 'Token rate limit exceeded: 2457600 per 1 day'}}
[01 北海道 (hokkaido)] Skipping - already exists.
[02 青森県 (aomori)] Skipping - already exists.
[03 岩手県 (iwate)] Skipping - already exists.
[04 宮城県 (miyagi)] Skipping - already exists.
[05 秋田県 (akita)] Skipping - already exists.
[06 山形県 (yamagata)] Skipping - already exists.
[07 福島県 (fukushima)] Skipping - already exists.
[08 茨城県 (ibaraki)] Skipping - already exists.
[09 栃木県 (tochigi)] Skipping - already exists.
[10 群馬県 (gunma)] Skipping - already exists.
[11 埼玉県 (saitama)] Skipping - already exists.
[12 千葉県 (chiba)] Skipping - already exists.
[13 東京都 (tokyo)] Skipping - already exists.
[14 神奈川県 (kanagawa)] Skipping - already exists.
[15 新潟県 (niigata)] Skipping - already exists.
[16 富山県 (toyama)] Skipping - already exists.
[17 石川県 (ishikawa)] Skipping - already exists.
[18 福井県 (fukui)] Skipping - already exists.
[19 山梨県 (yamanashi)] Skipping - already exists.

[20 長野県 (nagano)] Starting scrape...
  -> Scraped 89 items.
  -> Enriching 89 items with AI...
Error processing 長野県下水内郡栄村大字豊栄白鳥: Error code: 429 - {'error': {'message': 'Token rate limit exceeded: 2457600 per 1 day'}}
Error processing 長野県北佐久郡御代田町大字塩野: Error code: 429 - {'error': {'message': 'Token rate limit exceeded: 2457600 per 1 day'}}
Error processing 長野県北佐久郡御代田町大字草越向原: Error code: 429 - {'error': {'message': 'Token rate limit exceeded: 2457600 per 1 day'}}
Error processing 長野県上高井郡高山村大字奥山田: Error code: 429 - {'error': {'message': 'Token rate limit exceeded: 2457600 per 1 day'}}
Error processing 長野県上高井郡高山村大字高井: Error code: 429 - {'error': {'message': 'Token rate limit exceeded: 2457600 per 1 day'}}
     Processed 5/89
Error processing 長野県上高井郡高山村大字奥山田: Error code: 429 - {'error': {'message': 'Token rate limit exceeded: 2457600 per 1 day'}}
Error processing 長野県上高井郡高山村大字中山: Error code: 429 - {'error': {'message': 'Token rate limit exceeded: 2457600 per 1 day'}}
Error processing 長野県上高井郡高山村大字高井: Error code: 429 - {'error': {'message': 'Token rate limit exceeded: 2457600 per 1 day'}}
Error processing 長野県上水内郡飯綱町大字川上: Error code: 429 - {'error': {'message': 'Token rate limit exceeded: 2457600 per 1 day'}}
Error processing 長野県下水内郡栄村大字堺: Error code: 429 - {'error': {'message': 'Token rate limit exceeded: 2457600 per 1 day'}}
     Processed 10/89
Error processing 長野県下水内郡栄村大字堺小赤沢: Error code: 429 - {'error': {'message': 'Token rate limit exceeded: 2457600 per 1 day'}}
Error processing 長野県中野市大字草間: Error code: 429 - {'error': {'message': 'Token rate limit exceeded: 2457600 per 1 day'}}
Error processing 長野県上水内郡飯綱町大字高坂: Error code: 429 - {'error': {'message': 'Token rate limit exceeded: 2457600 per 1 day'}}
Error processing 長野県上水内郡飯綱町大字豊野: Error code: 429 - {'error': {'message': 'Token rate limit exceeded: 2457600 per 1 day'}}
Error processing 長野県上水内郡飯綱町大字川上: Error code: 429 - {'error': {'message': 'Token rate limit exceeded: 2457600 per 1 day'}}
     Processed 15/89
Error processing 長野県上水内郡飯綱町大字川上: Error code: 429 - {'error': {'message': 'Token rate limit exceeded: 2457600 per 1 day'}}
Error processing 長野県上水内郡飯綱町大字豊野: Error code: 429 - {'error': {'message': 'Request rate limit exceeded: 50 per 1 minute'}}
Error processing 長野県上水内郡飯綱町大字川上: Error code: 429 - {'error': {'message': 'Request rate limit exceeded: 50 per 1 minute'}}
Error processing 長野県上水内郡飯綱町大字川上: Error code: 429 - {'error': {'message': 'Request rate limit exceeded: 50 per 1 minute'}}
Error processing 長野県北安曇郡小谷村大字北小谷大網: Error code: 429 - {'error': {'message': 'Request rate limit exceeded: 50 per 1 minute'}}
     Processed 20/89
Error processing 長野県上水内郡飯綱町大字川上: Error code: 429 - {'error': {'message': 'Request rate limit exceeded: 50 per 1 minute'}}
Error processing 長野県上水内郡飯綱町大字赤塩: Error code: 429 - {'error': {'message': 'Request rate limit exceeded: 50 per 1 minute'}}
Error processing 長野県下水内郡栄村大字堺上ノ原: Error code: 429 - {'error': {'message': 'Token rate limit exceeded: 2457600 per 1 day'}}
Error processing 長野県下水内郡栄村大字堺: Error code: 429 - {'error': {'message': 'Token rate limit exceeded: 2457600 per 1 day'}}
Error processing 長野県上水内郡飯綱町大字川上: Error code: 429 - {'error': {'message': 'Token rate limit exceeded: 2457600 per 1 day'}}
     Processed 25/89
Error processing 長野県上水内郡飯綱町大字川上: Error code: 429 - {'error': {'message': 'Token rate limit exceeded: 2457600 per 1 day'}}
Error processing 長野県上高井郡高山村大字高井: Error code: 429 - {'error': {'message': 'Token rate limit exceeded: 2457600 per 1 day'}}
Error processing 長野県上水内郡飯綱町大字高坂: Error code: 429 - {'error': {'message': 'Token rate limit exceeded: 2457600 per 1 day'}}
Error processing 長野県中野市大字田上: Error code: 429 - {'error': {'message': 'Token rate limit exceeded: 2457600 per 1 day'}}
Error processing 長野県上水内郡飯綱町大字普光寺: Error code: 429 - {'error': {'message': 'Token rate limit exceeded: 2457600 per 1 day'}}
     Processed 30/89
Error processing 長野県上水内郡飯綱町大字川上: Error code: 429 - {'error': {'message': 'Token rate limit exceeded: 2457600 per 1 day'}}
Error processing 長野県北佐久郡御代田町大字御代田: Error code: 429 - {'error': {'message': 'Token rate limit exceeded: 2457600 per 1 day'}}
Error processing 長野県北佐久郡立科町大字茂田井: Error code: 429 - {'error': {'message': 'Token rate limit exceeded: 2457600 per 1 day'}}
Error processing 長野県佐久市鍛冶屋: Error code: 429 - {'error': {'message': 'Token rate limit exceeded: 2457600 per 1 day'}}
Error processing 長野県中野市大字赤岩: Error code: 429 - {'error': {'message': 'Token rate limit exceeded: 2457600 per 1 day'}}
     Processed 35/89
Error processing 長野県上水内郡飯綱町大字豊野: Error code: 429 - {'error': {'message': 'Token rate limit exceeded: 2457600 per 1 day'}}
Error processing 長野県上水内郡飯綱町大字普光寺: Error code: 429 - {'error': {'message': 'Token rate limit exceeded: 2457600 per 1 day'}}
Error processing 長野県上水内郡飯綱町大字牟礼: Error code: 429 - {'error': {'message': 'Token rate limit exceeded: 2457600 per 1 day'}}
Error processing 長野県上水内郡飯綱町大字川上: Error code: 429 - {'error': {'message': 'Token rate limit exceeded: 2457600 per 1 day'}}
Error processing 長野県小県郡青木村大字沓掛: Error code: 429 - {'error': {'message': 'Request rate limit exceeded: 50 per 1 minute'}}
     Processed 40/89
Error processing 長野県小県郡青木村大字沓掛: Error code: 429 - {'error': {'message': 'Request rate limit exceeded: 50 per 1 minute'}}
Error processing 長野県小県郡青木村大字沓掛: Error code: 429 - {'error': {'message': 'Request rate limit exceeded: 50 per 1 minute'}}
Error processing 長野県小県郡青木村大字沓掛: Error code: 429 - {'error': {'message': 'Request rate limit exceeded: 50 per 1 minute'}}
Error processing 長野県小県郡青木村大字田沢: Error code: 429 - {'error': {'message': 'Request rate limit exceeded: 50 per 1 minute'}}
Error processing 長野県小県郡青木村大字当郷: Error code: 429 - {'error': {'message': 'Token rate limit exceeded: 2457600 per 1 day'}}
     Processed 45/89
Error processing 長野県上水内郡飯綱町大字川上: Error code: 429 - {'error': {'message': 'Token rate limit exceeded: 2457600 per 1 day'}}
Error processing 長野県下水内郡栄村大字堺小赤沢: Error code: 429 - {'error': {'message': 'Token rate limit exceeded: 2457600 per 1 day'}}
Error processing 長野県上水内郡飯綱町大字小玉: Error code: 429 - {'error': {'message': 'Token rate limit exceeded: 2457600 per 1 day'}}
